way_id;change_type;category;attribute;value_old;value_new;name;highway;length_m;confidence;note;speed_kph_old;speed_kph_new;speed_delta
4019741;attr_changed;speed;maxspeed;100;100|80;Rozvadovská spojka;trunk;1948.2;low;hodnota odvozena ze sloučené hrany – ověřit ručně;100.0;100.0;0.0
4064058;attr_changed;speed;maxspeed;30|40;30;;trunk_link;126.9;low;hodnota odvozena ze sloučené hrany – ověřit ručně (rozsah staré 30.0-40.0, nové 30.0-30.0 km/h);40.0;30.0;-10.0
4259466;attr_changed;speed;maxspeed;50|80;80;;trunk_link;260.9;low;hodnota odvozena ze sloučené hrany – ověřit ručně (rozsah staré 50.0-80.0, nové 80.0-80.0 km/h);80.0;80.0;0.0
4568584;attr_changed;speed;maxspeed;;30;U Přechodu;residential;90.7;low;hodnota odvozena ze sloučené hrany – ověřit ručně;;30.0;
4641287;attr_changed;speed;maxspeed;;50;Prokopova;tertiary;58.6;low;hodnota odvozena ze sloučené hrany – ověřit ručně;;50.0;
4641536;attr_changed;speed;maxspeed;;50;Jana Želivského;secondary;37.5;high;;;50.0;
4646741;attr_changed;speed;maxspeed;;50;28. pluku;tertiary;57.9;high;;;50.0;
4646770;attr_changed;speed;maxspeed;;50;Altajská;residential;53.0;high;;;50.0;
4646772;attr_changed;speed;maxspeed;;50;Archangelská;residential;81.3;high;;;50.0;
4648400;attr_changed;speed;maxspeed;;30;Pod Žvahovem;residential;65.4;high;;;30.0;
4652359;attr_changed;speed;maxspeed;20;50;Branská;living_street;911.2;high;;20.0;50.0;30.0
4672698;attr_changed;speed;maxspeed;;30;Na Srpečku;residential;431.8;low;hodnota odvozena ze sloučené hrany – ověřit ručně;;30.0;
4705457;attr_changed;speed;maxspeed;;30;Cílkova;residential;323.8;high;;;30.0;
4709056;attr_changed;speed;maxspeed;;30;Novovysočanská;residential;276.8;high;;;30.0;
4709260;attr_changed;speed;maxspeed;50;30;Cafourkova;residential;226.9;high;;50.0;30.0;-20.0
4709264;attr_changed;speed;maxspeed;;50;Vratislavská;residential;246.5;high;;;50.0;
4709265;attr_changed;speed;maxspeed;;50;Katovická;residential;309.6;low;hodnota odvozena ze sloučené hrany – ověřit ručně;;50.0;
4709267;attr_changed;speed;maxspeed;;50;Poznaňská;residential;479.6;low;hodnota odvozena ze sloučené hrany – ověřit ručně;;50.0;
4709276;attr_changed;speed;maxspeed;;50;Dolákova;residential;190.7;high;;;50.0;
4709283;attr_changed;speed;maxspeed;;50;Lešenská;residential;194.8;high;;;50.0;
4709471;attr_changed;speed;maxspeed;;50;Musílkova;residential;119.0;high;;;50.0;
4711825;attr_changed;speed;maxspeed;;30;Ovocná;residential;595.2;high;;;30.0;
4711828;attr_changed;speed;maxspeed;;30;Sadová;residential;263.3;high;;;30.0;
4713279;attr_changed;speed;maxspeed;;50;Žitavského;tertiary;398.8;high;;;50.0;
4713280;attr_changed;speed;maxspeed;;50;Zbraslavské náměstí;tertiary;57.1;high;;;50.0;
4728446;attr_changed;speed;maxspeed;30;;Hůrská;residential;13.1;low;hodnota odvozena ze sloučené hrany – ověřit ručně;30.0;;
4738427;attr_changed;speed;maxspeed;;30;Dolnojirčanská|Lojovická;residential;384.1;low;hodnota odvozena ze sloučené hrany – ověřit ručně;;30.0;
4738429;attr_changed;speed;maxspeed;;30;Dolnojirčanská|Lojovická;residential;210.3;low;hodnota odvozena ze sloučené hrany – ověřit ručně;;30.0;
4738430;attr_changed;speed;maxspeed;;30;U Vodojemu;residential;217.5;high;;;30.0;
4826800;attr_changed;speed;maxspeed;;30;Dolnojirčanská;residential;408.3;high;;;30.0;
4826812;attr_changed;speed;maxspeed;;30;Šatrova;residential;174.2;high;;;30.0;
4826818;attr_changed;speed;maxspeed;;30;K Hájovně;residential;490.1;high;;;30.0;
4826850;attr_changed;speed;maxspeed;;30;Ke Kamýku;residential;367.4;high;;;30.0;
4826853;attr_changed;speed;maxspeed;;30;Vranská;residential;174.1;high;;;30.0;
4877346;attr_changed;speed;maxspeed;;30;U Skalky;residential;128.2;low;hodnota odvozena ze sloučené hrany – ověřit ručně;;30.0;
4877349;attr_changed;speed;maxspeed;;30;;unclassified;204.5;high;;;30.0;
4877366;attr_changed;speed;maxspeed;;50;Ratibořská;residential;404.1;high;;;50.0;
4877371;attr_changed;speed;maxspeed;;50;Olštýnská;residential;180.8;high;;;50.0;
4888651;attr_changed;speed;maxspeed;50;30;Pšenčíkova;residential;423.1;high;;50.0;30.0;-20.0
4888684;attr_changed;speed;maxspeed;;30;Liškova;residential;173.3;high;;;30.0;
4910450;attr_changed;speed;maxspeed;;30;Vranská;residential;356.3;high;;;30.0;
8098186;attr_changed;speed;maxspeed;;40;Záběhlická;tertiary;331.1;high;;;40.0;
8103258;attr_changed;speed;maxspeed;50;;Kongresová;tertiary;157.1;low;hodnota odvozena ze sloučené hrany – ověřit ručně;50.0;;
8151688;attr_changed;speed;maxspeed;;50;Dolákova;residential;250.4;high;;;50.0;
8361687;attr_changed;speed;maxspeed;40;50;Lamačova;tertiary;13.4;high;;40.0;50.0;10.0
8587870;attr_changed;speed;maxspeed;50;30;Nad Šárkou;residential;436.0;high;;50.0;30.0;-20.0
8587873;attr_changed;speed;maxspeed;50;30;Na Dyrince;residential;80.5;high;;50.0;30.0;-20.0
8587878;attr_changed;speed;maxspeed;50;30;Fetrovská|Nad Šárkou;residential;234.7;low;hodnota odvozena ze sloučené hrany – ověřit ručně;50.0;30.0;-20.0
8588094;attr_changed;speed;maxspeed;50;30;Gensovská;residential;76.7;high;;50.0;30.0;-20.0
8588096;attr_changed;speed;maxspeed;50;30;Na Pahoubce;residential;178.4;high;;50.0;30.0;-20.0
10515656;attr_changed;speed;maxspeed;50;30;Soborská;residential;508.5;high;;50.0;30.0;-20.0
10902677;attr_changed;speed;maxspeed;30;;Trojská;tertiary;114.5;low;hodnota odvozena ze sloučené hrany – ověřit ručně;30.0;;
11738580;attr_changed;speed;maxspeed;100;100|80;Rozvadovská spojka;trunk;1948.2;low;hodnota odvozena ze sloučené hrany – ověřit ručně;100.0;100.0;0.0
11738581;attr_changed;speed;maxspeed;100;100|80;Rozvadovská spojka;trunk;1948.2;low;hodnota odvozena ze sloučené hrany – ověřit ručně;100.0;100.0;0.0
12211556;attr_changed;speed;maxspeed;30|50;30;Václavské náměstí;residential;82.1;low;hodnota odvozena ze sloučené hrany – ověřit ručně (rozsah staré 30.0-50.0, nové 30.0-30.0 km/h);50.0;30.0;-20.0
12245395;attr_changed;speed;maxspeed;50;;Cíglerova;tertiary;94.3;low;hodnota odvozena ze sloučené hrany – ověřit ručně;50.0;;
12543122;attr_changed;speed;maxspeed;50|90;90;K Austisu;tertiary;1368.3;low;hodnota odvozena ze sloučené hrany – ověřit ručně (rozsah staré 50.0-90.0, nové 90.0-90.0 km/h);90.0;90.0;0.0
14296504;attr_changed;speed;maxspeed;;30;K Moravině;residential;109.1;high;;;30.0;
15227019;attr_changed;speed;maxspeed;;50;U Uranie;secondary;192.9;low;hodnota odvozena ze sloučené hrany – ověřit ručně;;50.0;
15228907;attr_changed;speed;maxspeed;;50;Ortenovo náměstí;secondary;55.4;low;hodnota odvozena ze sloučené hrany – ověřit ručně;;50.0;
15432160;attr_changed;speed;maxspeed;;30;Kaňkovského;residential;230.4;high;;;30.0;
15432161;attr_changed;speed;maxspeed;;30;Šiškova;residential;91.2;high;;;30.0;
16275105;attr_changed;speed;maxspeed;50;30;Klapkova;tertiary;320.9;high;;50.0;30.0;-20.0
16785073;attr_changed;speed;maxspeed;;50;Spořická;tertiary;473.4;high;;;50.0;
17045261;attr_changed;speed;maxspeed;;50;Bucharova;secondary;157.6;low;hodnota odvozena ze sloučené hrany – ověřit ručně;;50.0;
18368137;attr_changed;speed;maxspeed;;50;Pražského;residential;67.1;high;;;50.0;
19615400;attr_changed;speed;maxspeed;;30;Famfulíkova;residential;92.8;high;;;30.0;
21618959;attr_changed;speed;maxspeed;;30;Třebenická;residential;15.3;high;;;30.0;
21995839;attr_changed;speed;maxspeed;30;20;náměstí Jiřího z Poděbrad|náměstí Jiřího z Poděbrad;living_street;96.1;low;hodnota odvozena ze sloučené hrany – ověřit ručně;30.0;20.0;-10.0
22737137;attr_changed;speed;maxspeed;;50;Zbraslavské náměstí;tertiary;46.1;low;hodnota odvozena ze sloučené hrany – ověřit ručně;;50.0;
22737172;attr_changed;speed;maxspeed;;50;Zbraslavské náměstí;tertiary;68.3;high;;;50.0;
22737183;attr_changed;speed;maxspeed;;50;;tertiary;145.4;high;;;50.0;
22737184;attr_changed;speed;maxspeed;;50;;tertiary;36.7;high;;;50.0;
22758802;attr_changed;speed;maxspeed;;50;Glowackého|Krosenská;residential;407.7;low;hodnota odvozena ze sloučené hrany – ověřit ručně;;50.0;
22758803;attr_changed;speed;maxspeed;;50;Krosenská;residential;220.0;high;;;50.0;
22758805;attr_changed;speed;maxspeed;;50;Notečská;residential;317.0;high;;;50.0;
22758806;attr_changed;speed;maxspeed;;50;Lublinská;residential;156.0;high;;;50.0;
22758816;attr_changed;speed;maxspeed;;50;Podhajská pole;residential;160.7;high;;;50.0;
22758817;attr_changed;speed;maxspeed;;50;Bukolská|Lindavská;residential;406.0;low;hodnota odvozena ze sloučené hrany – ověřit ručně;;50.0;
22758818;attr_changed;speed;maxspeed;;50;Bukolská|Lindavská;residential;434.5;low;hodnota odvozena ze sloučené hrany – ověřit ručně;;50.0;
22758819;attr_changed;speed;maxspeed;;50;Toruňská;residential;329.6;low;hodnota odvozena ze sloučené hrany – ověřit ručně;;50.0;
22758820;attr_changed;speed;maxspeed;;50;Štětínská;residential;368.9;high;;;50.0;
22758821;attr_changed;speed;maxspeed;;50;Bydhošťská;residential;100.3;high;;;50.0;
22758822;attr_changed;speed;maxspeed;;50;Sopotská;residential;245.2;high;;;50.0;
22758823;attr_changed;speed;maxspeed;;50;Opolská;residential;46.0;high;;;50.0;
22758824;attr_changed;speed;maxspeed;;50;Sopotská;residential;76.4;high;;;50.0;
22758871;attr_changed;speed;maxspeed;50;30;Bojasova;residential;32.9;high;;50.0;30.0;-20.0
22908216;attr_changed;speed;maxspeed;30;;Na Vysoké Ⅱ;residential;50.9;low;hodnota odvozena ze sloučené hrany – ověřit ručně;30.0;;
23232431;attr_changed;speed;maxspeed;30|50;50;Zájezdská;tertiary;365.3;low;hodnota odvozena ze sloučené hrany – ověřit ručně (rozsah staré 30.0-50.0, nové 50.0-50.0 km/h);50.0;50.0;0.0
23607757;attr_changed;speed;maxspeed;;50;U Pentlovky;residential;208.6;high;;;50.0;
23607773;attr_changed;speed;maxspeed;;50;Krynická;residential;46.2;high;;;50.0;
23607897;attr_changed;speed;maxspeed;;50;Eledrova;residential;396.1;high;;;50.0;
23607900;attr_changed;speed;maxspeed;;50;Dolákova;residential;55.4;high;;;50.0;
23607946;attr_changed;speed;maxspeed;;50;Kusého;residential;114.2;high;;;50.0;
23607953;attr_changed;speed;maxspeed;;50;;residential;17.2;high;;;50.0;
23693175;attr_changed;speed;maxspeed;;50;Hanouškova;residential;232.8;high;;;50.0;
23693224;attr_changed;speed;maxspeed;;30;;residential;170.8;high;;;30.0;
24811436;attr_changed;speed;maxspeed;;30;Famfulíkova;residential;295.5;high;;;30.0;
25258312;attr_changed;speed;maxspeed;20;30;K Lesu;residential;167.7;high;;20.0;30.0;10.0
25258313;attr_changed;speed;maxspeed;;30;K Lesu;residential;32.4;low;hodnota odvozena ze sloučené hrany – ověřit ručně;;30.0;
25316990;attr_changed;speed;maxspeed;;30;K Lesu;residential;194.3;low;hodnota odvozena ze sloučené hrany – ověřit ručně;;30.0;
25374561;attr_changed;speed;maxspeed;;30;Ohrobecká;residential;86.5;high;;;30.0;
25418526;attr_changed;speed;maxspeed;;30;Vrážská;tertiary;298.9;low;hodnota odvozena ze sloučené hrany – ověřit ručně;;30.0;
25464595;attr_changed;speed;maxspeed;40;;Granátová;living_street;477.3;low;hodnota odvozena ze sloučené hrany – ověřit ručně;40.0;;
25464832;attr_changed;speed;maxspeed;;50;;tertiary;123.7;low;hodnota odvozena ze sloučené hrany – ověřit ručně;;50.0;
25464833;attr_changed;speed;maxspeed;;50;;tertiary;164.7;high;;;50.0;
25655829;attr_changed;speed;maxspeed;50;30;Zlatnice;residential;28.9;high;;50.0;30.0;-20.0
26167731;attr_changed;speed;maxspeed;70;50|70;Barrandovský most;trunk;355.1;low;hodnota odvozena ze sloučené hrany – ověřit ručně;70.0;70.0;0.0
26167754;attr_changed;speed;maxspeed;70;80;Barrandovský most;trunk;84.8;low;hodnota odvozena ze sloučené hrany – ověřit ručně;70.0;80.0;10.0
26226911;attr_changed;speed;maxspeed;70;70|80;Barrandovský most;trunk;293.6;low;hodnota odvozena ze sloučené hrany – ověřit ručně;70.0;80.0;10.0
26249870;attr_changed;speed;maxspeed;;30;Novostrašnická|Pelyňková;residential;410.3;low;hodnota odvozena ze sloučené hrany – ověřit ručně;;30.0;
26282804;attr_changed;speed;maxspeed;20|50;50;;residential;1371.0;low;hodnota odvozena ze sloučené hrany – ověřit ručně (rozsah staré 20.0-50.0, nové 50.0-50.0 km/h);50.0;50.0;0.0
26377878;attr_changed;speed;maxspeed;50;30;Zlatnice;residential;106.6;low;hodnota odvozena ze sloučené hrany – ověřit ručně;50.0;30.0;-20.0
26427953;attr_changed;speed;maxspeed;;50;Gogolova|Na Baště svatého Tomáše;residential;272.1;low;hodnota odvozena ze sloučené hrany – ověřit ručně;;50.0;
26769291;attr_changed;speed;maxspeed;50;30;Soborská;residential;267.7;low;hodnota odvozena ze sloučené hrany – ověřit ručně;50.0;30.0;-20.0
27043818;attr_changed;speed;maxspeed;50|70;;K Letišti;residential;125.7;low;hodnota odvozena ze sloučené hrany – ověřit ručně;70.0;;
27994391;attr_changed;speed;maxspeed;;30;Nad Libeňským nádražím|Prokopka;residential;151.1;low;hodnota odvozena ze sloučené hrany – ověřit ručně;;30.0;
27994392;attr_changed;speed;maxspeed;;30;K Trati;residential;59.8;high;;;30.0;
27994393;attr_changed;speed;maxspeed;;30;Vysočanské náměstí;residential;45.6;high;;;30.0;
28189964;attr_changed;speed;maxspeed;;30;Peškova;residential;42.4;high;;;30.0;
30055620;attr_changed;speed;maxspeed;;30;Nad Manovkou|Ve Višňovce;residential;300.3;low;hodnota odvozena ze sloučené hrany – ověřit ručně;;30.0;
30085188;attr_changed;speed;maxspeed;;30;Na Višňovce;residential;147.2;high;;;30.0;
30093493;attr_changed;speed;maxspeed;40;40|50;Lamačova;tertiary;112.7;low;hodnota odvozena ze sloučené hrany – ověřit ručně;40.0;50.0;10.0
30097222;attr_changed;speed;maxspeed;;30;Pod Radnicí;residential;95.6;high;;;30.0;
30131053;attr_changed;speed;maxspeed;50;30;Fetrovská|Nad Šárkou;residential;234.7;low;hodnota odvozena ze sloučené hrany – ověřit ručně;50.0;30.0;-20.0
31172029;attr_changed;speed;maxspeed;40|50;40;K Cikánce;residential|unclassified;460.8;low;hodnota odvozena ze sloučené hrany – ověřit ručně (rozsah staré 40.0-50.0, nové 40.0-40.0 km/h);50.0;40.0;-10.0
31172031;attr_changed;speed;maxspeed;30|50;50;;unclassified;614.7;low;hodnota odvozena ze sloučené hrany – ověřit ručně (rozsah staré 30.0-50.0, nové 50.0-50.0 km/h);50.0;50.0;0.0
31358384;attr_changed;speed;maxspeed;;50;Bucharova;secondary;53.9;high;;;50.0;
31928987;attr_changed;speed;maxspeed;50;20|50;Hlubočepská;living_street|tertiary;124.0;low;hodnota odvozena ze sloučené hrany – ověřit ručně;50.0;50.0;0.0
32035424;attr_changed;speed;maxspeed;;30;Nad Libeňským nádražím;residential;29.8;high;;;30.0;
32039684;attr_changed;speed;maxspeed;;30;Vysočanské náměstí;residential;23.6;high;;;30.0;
32039701;attr_changed;speed;maxspeed;;30;Nad Libeňským nádražím|Prokopka;residential;151.1;low;hodnota odvozena ze sloučené hrany – ověřit ručně;;30.0;
32148731;attr_changed;speed;maxspeed;;30;;residential;143.1;low;hodnota odvozena ze sloučené hrany – ověřit ručně;;30.0;
32148734;attr_changed;speed;maxspeed;;30;;residential;143.1;low;hodnota odvozena ze sloučené hrany – ověřit ručně;;30.0;
32505420;attr_changed;speed;maxspeed;;50;;tertiary_link;29.2;high;;;50.0;
32955232;attr_changed;speed;maxspeed;20|CZ:urban;20;K Nové Vsi|Prokopské údolí;residential|unclassified;1122.9;low;hodnota odvozena ze sloučené hrany – ověřit ručně (rozsah staré 20.0-50.0, nové 20.0-20.0 km/h);50.0;20.0;-30.0
33181043;attr_changed;speed;maxspeed;20|CZ:urban;20;K Nové Vsi|Prokopské údolí;residential|unclassified;1122.9;low;hodnota odvozena ze sloučené hrany – ověřit ručně (rozsah staré 20.0-50.0, nové 20.0-20.0 km/h);50.0;20.0;-30.0
33181048;attr_changed;speed;maxspeed;20|CZ:urban;20;K Nové Vsi|Prokopské údolí;residential|unclassified;1122.9;low;hodnota odvozena ze sloučené hrany – ověřit ručně (rozsah staré 20.0-50.0, nové 20.0-20.0 km/h);50.0;20.0;-30.0
33630849;attr_changed;speed;maxspeed;20|30;30;Votavova;residential;141.4;low;hodnota odvozena ze sloučené hrany – ověřit ručně (rozsah staré 20.0-30.0, nové 30.0-30.0 km/h);30.0;30.0;0.0
34397004;attr_changed;speed;maxspeed;;50;Poznaňská|Těšínská;residential;184.4;low;hodnota odvozena ze sloučené hrany – ověřit ručně;;50.0;
34398220;attr_changed;speed;maxspeed;30;;Lovosická;tertiary;74.1;low;hodnota odvozena ze sloučené hrany – ověřit ručně;30.0;;
36975564;attr_changed;speed;maxspeed;;50;Mazovská;residential;160.4;high;;;50.0;
37079977;attr_changed;speed;maxspeed;20;;Vlasty Hilské;living_street;256.7;low;hodnota odvozena ze sloučené hrany – ověřit ručně;20.0;;
39537608;attr_changed;speed;maxspeed;;50;Kodaňská;residential;97.1;high;;;50.0;
39549478;attr_changed;speed;maxspeed;30;50;Slévačská;tertiary;164.6;low;hodnota odvozena ze sloučené hrany – ověřit ručně;30.0;50.0;20.0
39549479;attr_changed;speed;maxspeed;30;50;Slévačská;tertiary;164.6;low;hodnota odvozena ze sloučené hrany – ověřit ručně;30.0;50.0;20.0
39612787;attr_changed;speed;maxspeed;50;;Kongresová;tertiary;157.1;low;hodnota odvozena ze sloučené hrany – ověřit ručně;50.0;;
39626299;attr_changed;speed;maxspeed;;30;Šiškova;residential;122.1;high;;;30.0;
41919457;attr_changed;speed;maxspeed;20|30|CZ:urban;20|30;K Nové Vsi|Prokopské údolí;residential|unclassified;1797.9;low;hodnota odvozena ze sloučené hrany – ověřit ručně (rozsah staré 20.0-50.0, nové 20.0-30.0 km/h);50.0;30.0;-20.0
42720473;attr_changed;speed;maxspeed;50|80;80;Kbelská;trunk;509.8;low;hodnota odvozena ze sloučené hrany – ověřit ručně (rozsah staré 50.0-80.0, nové 80.0-80.0 km/h);80.0;80.0;0.0
46423932;attr_changed;speed;maxspeed;;50;Bartoňova;tertiary;894.3;low;hodnota odvozena ze sloučené hrany – ověřit ručně;;50.0;
46621431;attr_changed;speed;maxspeed;50;30;Bojasova|Slancova;residential;442.5;low;hodnota odvozena ze sloučené hrany – ověřit ručně;50.0;30.0;-20.0
46983735;attr_changed;speed;maxspeed;;50;Těšínská;residential;59.0;high;;;50.0;
50069267;attr_changed;speed;maxspeed;;50;;residential;33.1;high;;;50.0;
61226798;attr_changed;speed;maxspeed;40;20;U Sportoviště;living_street;64.0;high;;40.0;20.0;-20.0
62281861;attr_changed;speed;maxspeed;;30;Cihlářova;residential;68.2;high;;;30.0;
68416953;attr_changed;speed;maxspeed;50;30;Pod Stanicí;residential;62.0;high;;50.0;30.0;-20.0
73227600;attr_changed;speed;maxspeed;70|80;80;Barrandovský most|Jižní spojka;trunk;1057.6;low;hodnota odvozena ze sloučené hrany – ověřit ručně (rozsah staré 70.0-80.0, nové 80.0-80.0 km/h);80.0;80.0;0.0
73227632;attr_changed;speed;maxspeed;70;50|70;Barrandovský most;trunk;228.4;low;hodnota odvozena ze sloučené hrany – ověřit ručně;70.0;70.0;0.0
78619921;attr_changed;speed;maxspeed;130|80;130;;motorway_link;244.0;low;hodnota odvozena ze sloučené hrany – ověřit ručně (rozsah staré 80.0-130.0, nové 130.0-130.0 km/h);130.0;130.0;0.0
78796522;attr_changed;speed;maxspeed;30|50;30;Trojská;tertiary;679.8;low;hodnota odvozena ze sloučené hrany – ověřit ručně (rozsah staré 30.0-50.0, nové 30.0-30.0 km/h);50.0;30.0;-20.0
78796528;attr_changed;speed;maxspeed;;50;Košalinská;residential;37.4;high;;;50.0;
78796531;attr_changed;speed;maxspeed;30|50;30;Trojská;tertiary;679.8;low;hodnota odvozena ze sloučené hrany – ověřit ručně (rozsah staré 30.0-50.0, nové 30.0-30.0 km/h);50.0;30.0;-20.0
79265858;attr_changed;speed;maxspeed;;50;Zálesí;tertiary;186.5;high;;;50.0;
79761173;attr_changed;speed;maxspeed;;50;Svídnická;residential;132.7;high;;;50.0;
81830680;attr_changed;speed;maxspeed;;30;Na Plzeňce;residential;78.3;high;;;30.0;
83103567;attr_changed;speed;maxspeed;40;20;Za Fořtem;living_street;195.1;high;;40.0;20.0;-20.0
83103569;attr_changed;speed;maxspeed;40;20;Na Rovném;living_street;83.3;high;;40.0;20.0;-20.0
89151145;attr_changed;speed;maxspeed;;50;Lindavská;residential;10.5;high;;;50.0;
89151149;attr_changed;speed;maxspeed;;50;Čimická;residential;248.5;low;hodnota odvozena ze sloučené hrany – ověřit ručně;;50.0;
90830549;attr_changed;speed;maxspeed;;30;Slezanů;residential;126.2;high;;;30.0;
100347892;attr_changed;speed;maxspeed;;50;Sosnovecká;residential;202.8;high;;;50.0;
109483700;attr_changed;speed;maxspeed;50;30;Bojasova|Slancova;residential;442.5;low;hodnota odvozena ze sloučené hrany – ověřit ručně;50.0;30.0;-20.0
110516682;attr_changed;speed;maxspeed;30;20|30;Nad úvozem|Zaječická;residential;218.1;low;hodnota odvozena ze sloučené hrany – ověřit ručně;30.0;30.0;0.0
113502701;attr_changed;speed;maxspeed;;50;;residential;19.4;high;;;50.0;
113520776;attr_changed;speed;maxspeed;;30;Kaňkovského;residential;19.2;high;;;30.0;
113520779;attr_changed;speed;maxspeed;;30;Šiškova;residential;21.8;high;;;30.0;
114439780;attr_changed;speed;maxspeed;;50;Kodaňská;tertiary;83.3;high;;;50.0;
114750735;attr_changed;speed;maxspeed;50;;Cíglerova;tertiary;94.3;low;hodnota odvozena ze sloučené hrany – ověřit ručně;50.0;;
115590872;attr_changed;speed;maxspeed;20|CZ:urban;20;K Nové Vsi|Prokopské údolí;residential|unclassified;1122.9;low;hodnota odvozena ze sloučené hrany – ověřit ručně (rozsah staré 20.0-50.0, nové 20.0-20.0 km/h);50.0;20.0;-30.0
120827886;attr_changed;speed;maxspeed;40|50;30;;trunk_link;92.6;low;hodnota odvozena ze sloučené hrany – ověřit ručně (rozsah staré 40.0-50.0, nové 30.0-30.0 km/h);50.0;30.0;-20.0
121254586;attr_changed;speed;maxspeed;70;50;Barrandovský most;trunk;158.4;high;;70.0;50.0;-20.0
124022632;attr_changed;speed;maxspeed;40;30|40;Střešovická;tertiary;128.3;low;hodnota odvozena ze sloučené hrany – ověřit ručně;40.0;40.0;0.0
126233080;attr_changed;speed;maxspeed;;50;Kodaňská;tertiary;337.5;high;;;50.0;
128214191;attr_changed;speed;maxspeed;;50;Musílkova;residential;111.7;high;;;50.0;
128351977;attr_changed;speed;maxspeed;30;;náměstí Jiřího z Poděbrad;tertiary;49.6;low;hodnota odvozena ze sloučené hrany – ověřit ručně;30.0;;
128352005;attr_changed;speed;maxspeed;30|50;30;Václavské náměstí;residential;5.2;low;hodnota odvozena ze sloučené hrany – ověřit ručně (rozsah staré 30.0-50.0, nové 30.0-30.0 km/h);50.0;30.0;-20.0
128359785;attr_changed;speed;maxspeed;;50;Lovosická;tertiary;460.5;low;hodnota odvozena ze sloučené hrany – ověřit ručně;;50.0;
128487281;attr_changed;speed;maxspeed;;50;Gogolova|Na Baště svatého Tomáše;residential;272.1;low;hodnota odvozena ze sloučené hrany – ověřit ručně;;50.0;
128493057;attr_changed;speed;maxspeed;;50;Husitská;secondary;125.9;low;hodnota odvozena ze sloučené hrany – ověřit ručně;;50.0;
128493074;attr_changed;speed;maxspeed;;50;Prokopova;tertiary;25.9;low;hodnota odvozena ze sloučené hrany – ověřit ručně;;50.0;
128564780;attr_changed;speed;maxspeed;50;30|50;Podle Kačerova;tertiary;250.0;low;hodnota odvozena ze sloučené hrany – ověřit ručně;50.0;50.0;0.0
128607205;attr_changed;speed;maxspeed;;30;Spořická;tertiary;295.7;high;;;30.0;
128635486;attr_changed;speed;maxspeed;20|CZ:urban;CZ:urban;K Dalejím|Prokopské údolí;unclassified;1282.7;low;hodnota odvozena ze sloučené hrany – ověřit ručně (rozsah staré 20.0-50.0, nové 50.0-50.0 km/h);50.0;50.0;0.0
128746440;attr_changed;speed;maxspeed;;30;Šatrova;residential;135.0;low;hodnota odvozena ze sloučené hrany – ověřit ručně;;30.0;
128923918;attr_changed;speed;maxspeed;;30;Cihlářova;residential;310.0;low;hodnota odvozena ze sloučené hrany – ověřit ručně;;30.0;
128923919;attr_changed;speed;maxspeed;;30;Cihlářova;residential;310.0;low;hodnota odvozena ze sloučené hrany – ověřit ručně;;30.0;
128923920;attr_changed;speed;maxspeed;;30;Cílkova;residential;106.1;high;;;30.0;
131595380;attr_changed;speed;maxspeed;;30;Novostrašnická|Pelyňková;residential;410.3;low;hodnota odvozena ze sloučené hrany – ověřit ručně;;30.0;
131693599;attr_changed;speed;maxspeed;50;30;Na Kleovce;residential;247.6;low;hodnota odvozena ze sloučené hrany – ověřit ručně;50.0;30.0;-20.0
131711463;attr_changed;speed;maxspeed;50;30;Fetrovská|Nad Šárkou;residential;234.7;low;hodnota odvozena ze sloučené hrany – ověřit ručně;50.0;30.0;-20.0
131817464;attr_changed;speed;maxspeed;;50;;tertiary;12.0;high;;;50.0;
132375780;attr_changed;speed;maxspeed;;30;U Přechodu;residential;90.7;low;hodnota odvozena ze sloučené hrany – ověřit ručně;;30.0;
133145488;attr_changed;speed;maxspeed;40|50;40;K Cikánce;residential|unclassified;460.8;low;hodnota odvozena ze sloučené hrany – ověřit ručně (rozsah staré 40.0-50.0, nové 40.0-40.0 km/h);50.0;40.0;-10.0
133242028;attr_changed;speed;maxspeed;;70;Radotínská;tertiary;1002.1;low;hodnota odvozena ze sloučené hrany – ověřit ručně;;70.0;
133242040;attr_changed;speed;maxspeed;;70;Radotínská;tertiary;1002.1;low;hodnota odvozena ze sloučené hrany – ověřit ručně;;70.0;
133359828;attr_changed;speed;maxspeed;;50;Ortenovo náměstí;secondary;147.9;low;hodnota odvozena ze sloučené hrany – ověřit ručně;;50.0;
133626173;attr_changed;speed;maxspeed;;30;Na Srpečku;residential;431.8;low;hodnota odvozena ze sloučené hrany – ověřit ručně;;30.0;
133626174;attr_changed;speed;maxspeed;;30;Na Srpečku;residential;431.8;low;hodnota odvozena ze sloučené hrany – ověřit ručně;;30.0;
133626205;attr_changed;speed;maxspeed;;50;Husitská;secondary;173.0;low;hodnota odvozena ze sloučené hrany – ověřit ručně;;50.0;
135634102;attr_changed;speed;maxspeed;40;30|40;Střešovická;tertiary;128.3;low;hodnota odvozena ze sloučené hrany – ověřit ručně;40.0;40.0;0.0
135634105;attr_changed;speed;maxspeed;40;30|40;Střešovická;tertiary;128.3;low;hodnota odvozena ze sloučené hrany – ověřit ručně;40.0;40.0;0.0
138696806;attr_changed;speed;maxspeed;50;80;Kbelská;trunk;366.6;low;hodnota odvozena ze sloučené hrany – ověřit ručně;50.0;80.0;30.0
139257636;attr_changed;speed;maxspeed;50;80;;trunk_link;191.3;low;hodnota odvozena ze sloučené hrany – ověřit ručně;50.0;80.0;30.0
142147143;attr_changed;speed;maxspeed;;30;Jana Želivského;secondary;112.5;high;;;30.0;
142263900;attr_changed;speed;maxspeed;;50;Kodaňská;tertiary;37.8;high;;;50.0;
142378697;attr_changed;speed;maxspeed;70|80;80;Barrandovský most|Jižní spojka;trunk;1057.6;low;hodnota odvozena ze sloučené hrany – ověřit ručně (rozsah staré 70.0-80.0, nové 80.0-80.0 km/h);80.0;80.0;0.0
142378698;attr_changed;speed;maxspeed;70|80;80;Barrandovský most|Jižní spojka;trunk;1057.6;low;hodnota odvozena ze sloučené hrany – ověřit ručně (rozsah staré 70.0-80.0, nové 80.0-80.0 km/h);80.0;80.0;0.0
142503170;attr_changed;speed;maxspeed;;50;28. pluku;tertiary;407.6;high;;;50.0;
142810797;attr_changed;speed;maxspeed;;50;Vrbenského;secondary;34.0;high;;;50.0;
143271737;attr_changed;speed;maxspeed;;50;Lindavská;residential;28.5;low;hodnota odvozena ze sloučené hrany – ověřit ručně;;50.0;
148597217;attr_changed;speed;maxspeed;;30;Mahenova|Starokošířská;residential;265.5;low;hodnota odvozena ze sloučené hrany – ověřit ručně;;30.0;
150691243;attr_changed;speed;maxspeed;50|80|90;50|60|80;;motorway_link;277.3;low;hodnota odvozena ze sloučené hrany – ověřit ručně (rozsah staré 50.0-90.0, nové 50.0-80.0 km/h);90.0;80.0;-10.0
166805562;attr_changed;speed;maxspeed;;30;Lesáků;residential;465.2;low;hodnota odvozena ze sloučené hrany – ověřit ručně;;30.0;
168398446;attr_changed;speed;maxspeed;;30;Nad Lesním divadlem;residential;392.6;high;;;30.0;
169309818;attr_changed;speed;maxspeed;50;50|70|90;Pražská|Ústecká;secondary;2290.5;low;hodnota odvozena ze sloučené hrany – ověřit ručně;50.0;90.0;40.0
169569364;attr_changed;speed;maxspeed;;50;Prokopova;tertiary;13.1;high;;;50.0;
169818010;attr_changed;speed;maxspeed;;50;Glowackého|Krosenská;residential;407.7;low;hodnota odvozena ze sloučené hrany – ověřit ručně;;50.0;
171920603;attr_changed;speed;maxspeed;50;30|50;Komořanská;tertiary;615.5;low;hodnota odvozena ze sloučené hrany – ověřit ručně;50.0;50.0;0.0
172184290;attr_changed;speed;maxspeed;;80;;trunk_link;89.6;high;;;80.0;
172187370;attr_changed;speed;maxspeed;130|80;130;;motorway_link;244.0;low;hodnota odvozena ze sloučené hrany – ověřit ručně (rozsah staré 80.0-130.0, nové 130.0-130.0 km/h);130.0;130.0;0.0
172814041;attr_changed;speed;maxspeed;;50;Kodaňská;tertiary;57.5;low;hodnota odvozena ze sloučené hrany – ověřit ručně;;50.0;
172983406;attr_changed;speed;maxspeed;;50;Kavkazská;residential;175.7;high;;;50.0;
173868639;attr_changed;speed;maxspeed;;50;Na Farkách;residential;667.8;high;;;50.0;
177212649;attr_changed;speed;maxspeed;40|50;30;;trunk_link;92.6;low;hodnota odvozena ze sloučené hrany – ověřit ručně (rozsah staré 40.0-50.0, nové 30.0-30.0 km/h);50.0;30.0;-20.0
179556193;attr_changed;speed;maxspeed;40;20;U Sportoviště;living_street;189.0;high;;40.0;20.0;-20.0
185204942;attr_changed;speed;maxspeed;;20;náměstí Jiřího z Poděbrad|náměstí Jiřího z Poděbrad;living_street;139.1;low;hodnota odvozena ze sloučené hrany – ověřit ručně;;20.0;
185809254;attr_changed;speed;maxspeed;70|80;80;Barrandovský most|Jižní spojka;trunk;1057.6;low;hodnota odvozena ze sloučené hrany – ověřit ručně (rozsah staré 70.0-80.0, nové 80.0-80.0 km/h);80.0;80.0;0.0
185809257;attr_changed;speed;maxspeed;70|80;80;Barrandovský most|Jižní spojka;trunk;1057.6;low;hodnota odvozena ze sloučené hrany – ověřit ručně (rozsah staré 70.0-80.0, nové 80.0-80.0 km/h);80.0;80.0;0.0
190907698;attr_changed;speed;maxspeed;80;60;;trunk_link;289.4;low;hodnota odvozena ze sloučené hrany – ověřit ručně;80.0;60.0;-20.0
197174985;attr_changed;speed;maxspeed;50;30|50;Komořanská;tertiary;615.5;low;hodnota odvozena ze sloučené hrany – ověřit ručně;50.0;50.0;0.0
200597630;attr_changed;speed;maxspeed;;20;Karla Rachůnka;residential;137.7;high;;;20.0;
200597632;attr_changed;speed;maxspeed;30;20;Josefa Vašíčka;residential;86.8;high;;30.0;20.0;-10.0
200597635;attr_changed;speed;maxspeed;;20;Jana Marka;residential;125.6;high;;;20.0;
207527338;attr_changed;speed;maxspeed;;20;Osvětová;living_street|residential;168.6;low;hodnota odvozena ze sloučené hrany – ověřit ručně;;20.0;
208404938;attr_changed;speed;maxspeed;20|CZ:urban;20;K Nové Vsi|Prokopské údolí;residential|unclassified;1122.9;low;hodnota odvozena ze sloučené hrany – ověřit ručně (rozsah staré 20.0-50.0, nové 20.0-20.0 km/h);50.0;20.0;-30.0
208405151;attr_changed;speed;maxspeed;20;20|50;Hlubočepská;living_street|tertiary;337.0;low;hodnota odvozena ze sloučené hrany – ověřit ručně;20.0;50.0;30.0
213888731;attr_changed;speed;maxspeed;80;60;;trunk_link;289.4;low;hodnota odvozena ze sloučené hrany – ověřit ručně;80.0;60.0;-20.0
219471069;attr_changed;speed;maxspeed;50;30;Zlatnice;residential;106.6;low;hodnota odvozena ze sloučené hrany – ověřit ručně;50.0;30.0;-20.0
220877523;attr_changed;speed;maxspeed;;20;Jana Marka;residential;124.0;high;;;20.0;
225835088;attr_changed;speed;maxspeed;30|50;30;Na Rovině;residential;231.6;low;hodnota odvozena ze sloučené hrany – ověřit ručně (rozsah staré 30.0-50.0, nové 30.0-30.0 km/h);50.0;30.0;-20.0
226869358;attr_changed;speed;maxspeed;;30;Vranská;residential;17.9;high;;;30.0;
228145224;attr_changed;speed;maxspeed;;30;K Hájovně;residential;31.8;high;;;30.0;
229468797;attr_changed;speed;maxspeed;20;50;Bodláková|Branská|Pýrová;living_street|residential;548.8;low;hodnota odvozena ze sloučené hrany – ověřit ručně;20.0;50.0;30.0
232842473;attr_changed;speed;maxspeed;20|50;20;Sázavská;living_street;104.8;low;hodnota odvozena ze sloučené hrany – ověřit ručně (rozsah staré 20.0-50.0, nové 20.0-20.0 km/h);50.0;20.0;-30.0
235158130;attr_changed;speed;maxspeed;;50;Gdaňská;residential;387.1;high;;;50.0;
235158172;attr_changed;speed;maxspeed;;50;Toruňská;residential;115.1;high;;;50.0;
245440859;attr_changed;speed;maxspeed;50;;Výstavní;tertiary;72.8;high;;50.0;;
245440863;attr_changed;speed;maxspeed;50;30;Výstavní;tertiary;133.4;high;;50.0;30.0;-20.0
251476094;attr_changed;speed;maxspeed;;30;Mahenova|Starokošířská;residential;265.5;low;hodnota odvozena ze sloučené hrany – ověřit ručně;;30.0;
253623707;attr_changed;speed;maxspeed;50|80;80;;trunk_link;260.9;low;hodnota odvozena ze sloučené hrany – ověřit ručně (rozsah staré 50.0-80.0, nové 80.0-80.0 km/h);80.0;80.0;0.0
264659153;attr_changed;speed;maxspeed;;50;U Uranie;secondary;17.7;high;;;50.0;
264910414;attr_changed;speed;maxspeed;;30;Bessemerova;residential;379.3;low;hodnota odvozena ze sloučené hrany – ověřit ručně;;30.0;
264910415;attr_changed;speed;maxspeed;;30;Bessemerova;residential;462.3;low;hodnota odvozena ze sloučené hrany – ověřit ručně;;30.0;
288780877;attr_changed;speed;maxspeed;;50;Ortenovo náměstí;secondary;55.4;low;hodnota odvozena ze sloučené hrany – ověřit ručně;;50.0;
288780878;attr_changed;speed;maxspeed;;50;Ortenovo náměstí;secondary;147.9;low;hodnota odvozena ze sloučené hrany – ověřit ručně;;50.0;
288786499;attr_changed;speed;maxspeed;;50;Ortenovo náměstí;secondary;147.9;low;hodnota odvozena ze sloučené hrany – ověřit ručně;;50.0;
294623880;attr_changed;speed;maxspeed;;50;Bucharova;secondary;157.6;low;hodnota odvozena ze sloučené hrany – ověřit ručně;;50.0;
294992029;attr_changed;speed;maxspeed;70;50|70;Jeremiášova;secondary;442.2;low;hodnota odvozena ze sloučené hrany – ověřit ručně;70.0;70.0;0.0
294992030;attr_changed;speed;maxspeed;70;50|70;Jeremiášova;secondary;442.2;low;hodnota odvozena ze sloučené hrany – ověřit ručně;70.0;70.0;0.0
300782780;attr_changed;speed;maxspeed;;30;;residential;45.0;high;;;30.0;
301403168;attr_changed;speed;maxspeed;;50;Kodaňská;tertiary;247.3;low;hodnota odvozena ze sloučené hrany – ověřit ručně;;50.0;
305863751;attr_changed;speed;maxspeed;30|50;30;Trojská;tertiary;679.8;low;hodnota odvozena ze sloučené hrany – ověřit ručně (rozsah staré 30.0-50.0, nové 30.0-30.0 km/h);50.0;30.0;-20.0
306741885;attr_changed;speed;maxspeed;30|50;30;Václavské náměstí;residential;82.1;low;hodnota odvozena ze sloučené hrany – ověřit ručně (rozsah staré 30.0-50.0, nové 30.0-30.0 km/h);50.0;30.0;-20.0
308288697;attr_changed;speed;maxspeed;70;50|70;Barrandovský most;trunk;355.1;low;hodnota odvozena ze sloučené hrany – ověřit ručně;70.0;70.0;0.0
308288698;attr_changed;speed;maxspeed;70;50|70;Barrandovský most;trunk;355.1;low;hodnota odvozena ze sloučené hrany – ověřit ručně;70.0;70.0;0.0
308288700;attr_changed;speed;maxspeed;70;70|80;Barrandovský most;trunk;293.6;low;hodnota odvozena ze sloučené hrany – ověřit ručně;70.0;80.0;10.0
318814973;attr_changed;speed;maxspeed;;50;;residential;12.9;high;;;50.0;
319684677;attr_changed;speed;maxspeed;;50;Čimická;residential;248.5;low;hodnota odvozena ze sloučené hrany – ověřit ručně;;50.0;
325163046;attr_changed;speed;maxspeed;50;30;;trunk_link;60.6;high;;50.0;30.0;-20.0
332810339;attr_changed;speed;maxspeed;50;80;Kbelská;trunk;366.6;low;hodnota odvozena ze sloučené hrany – ověřit ručně;50.0;80.0;30.0
338048194;attr_changed;speed;maxspeed;;30;Na Srpečku;residential;593.2;low;hodnota odvozena ze sloučené hrany – ověřit ručně;;30.0;
345306209;attr_changed;speed;maxspeed;;50;Lovosická;tertiary;154.2;low;hodnota odvozena ze sloučené hrany – ověřit ručně;;50.0;
346305939;attr_changed;speed;maxspeed;;50;Zbraslavské náměstí;tertiary;54.2;high;;;50.0;
346933457;attr_changed;speed;maxspeed;50;;Cíglerova;tertiary;94.3;low;hodnota odvozena ze sloučené hrany – ověřit ručně;50.0;;
348178300;attr_changed;speed;maxspeed;50;30;Bojasova|Slancova;residential;442.5;low;hodnota odvozena ze sloučené hrany – ověřit ručně;50.0;30.0;-20.0
348178301;attr_changed;speed;maxspeed;50;30;Bojasova|Slancova;residential;442.5;low;hodnota odvozena ze sloučené hrany – ověřit ručně;50.0;30.0;-20.0
348178302;attr_changed;speed;maxspeed;50;30;Bojasova|Slancova;residential;442.5;low;hodnota odvozena ze sloučené hrany – ověřit ručně;50.0;30.0;-20.0
354680574;attr_changed;speed;maxspeed;70;70|80;Barrandovský most;trunk;293.6;low;hodnota odvozena ze sloučené hrany – ověřit ručně;70.0;80.0;10.0
354680575;attr_changed;speed;maxspeed;70;50|70;Barrandovský most;trunk;355.1;low;hodnota odvozena ze sloučené hrany – ověřit ručně;70.0;70.0;0.0
358514964;attr_changed;speed;maxspeed;40;30|40;Netlucká|Starodubečská;tertiary;222.7;low;hodnota odvozena ze sloučené hrany – ověřit ručně;40.0;40.0;0.0
358514965;attr_changed;speed;maxspeed;40;30|40;Netlucká|Starodubečská;tertiary;222.7;low;hodnota odvozena ze sloučené hrany – ověřit ručně;40.0;40.0;0.0
358514966;attr_changed;speed;maxspeed;40;30|40;Netlucká|Starodubečská;tertiary;222.7;low;hodnota odvozena ze sloučené hrany – ověřit ručně;40.0;40.0;0.0
365260289;attr_changed;speed;maxspeed;;50;Kodaňská;tertiary;187.0;high;;;50.0;
365276484;attr_changed;speed;maxspeed;30;30|50;Petržílkova;residential;169.4;low;hodnota odvozena ze sloučené hrany – ověřit ručně;30.0;50.0;20.0
368884169;attr_changed;speed;maxspeed;;30;Konopáskova|Ovocná;residential;440.6;low;hodnota odvozena ze sloučené hrany – ověřit ručně;;30.0;
377105229;attr_changed;speed;maxspeed;;50;;residential;18.6;high;;;50.0;
386357287;attr_changed;speed;maxspeed;30;30|50;Podbělohorská;secondary;132.0;low;hodnota odvozena ze sloučené hrany – ověřit ručně;30.0;50.0;20.0
386908297;attr_changed;speed;maxspeed;30;30|50;Liberijská;residential;102.3;low;hodnota odvozena ze sloučené hrany – ověřit ručně;30.0;50.0;20.0
392513559;attr_changed;speed;maxspeed;;50;Podhajská pole;residential;83.5;high;;;50.0;
403446203;attr_changed;speed;maxspeed;;30;Šatrova;residential;109.3;high;;;30.0;
433545674;attr_changed;speed;maxspeed;50|80;80;;trunk_link;260.9;low;hodnota odvozena ze sloučené hrany – ověřit ručně (rozsah staré 50.0-80.0, nové 80.0-80.0 km/h);80.0;80.0;0.0
435696261;attr_changed;speed;maxspeed;;30;K Lesu;residential;32.4;low;hodnota odvozena ze sloučené hrany – ověřit ručně;;30.0;
435696262;attr_changed;speed;maxspeed;;30;K Lesu;residential;194.3;low;hodnota odvozena ze sloučené hrany – ověřit ručně;;30.0;
435704694;attr_changed;speed;maxspeed;;30|50;Peroutkova;tertiary;301.1;low;hodnota odvozena ze sloučené hrany – ověřit ručně;;50.0;
436510912;attr_changed;speed;maxspeed;;50;Katovická;residential;340.9;high;;;50.0;
438366432;attr_changed;speed;maxspeed;;30;Pod Radnicí;residential;59.0;high;;;30.0;
463005990;attr_changed;speed;maxspeed;50;30|50;Komořanská;tertiary;615.5;low;hodnota odvozena ze sloučené hrany – ověřit ručně;50.0;50.0;0.0
475554717;attr_changed;speed;maxspeed;;50;Vrbenského;secondary;33.7;high;;;50.0;
480956584;attr_changed;speed;maxspeed;;50;Bucharova;primary;151.5;low;hodnota odvozena ze sloučené hrany – ověřit ručně;;50.0;
481376396;attr_changed;speed;maxspeed;;130|90;;motorway_link;199.6;low;hodnota odvozena ze sloučené hrany – ověřit ručně;;130.0;
481798770;attr_changed;speed;maxspeed;;50;Petržílkova;residential;40.2;high;;;50.0;
481891298;attr_changed;speed;maxspeed;30;30|50;Petržílkova;residential;169.4;low;hodnota odvozena ze sloučené hrany – ověřit ručně;30.0;50.0;20.0
484802784;attr_changed;speed;maxspeed;;50;Ortenovo náměstí;secondary;55.4;low;hodnota odvozena ze sloučené hrany – ověřit ručně;;50.0;
484802786;attr_changed;speed;maxspeed;;50;Ortenovo náměstí;secondary;57.5;high;;;50.0;
484810984;attr_changed;speed;maxspeed;;50;Vrbenského;secondary;120.9;low;hodnota odvozena ze sloučené hrany – ověřit ručně;;50.0;
486731520;attr_changed;speed;maxspeed;20;30;K Lesu;residential;108.2;high;;20.0;30.0;10.0
487506928;attr_changed;speed;maxspeed;;70;Kunratická spojka;tertiary;551.4;low;hodnota odvozena ze sloučené hrany – ověřit ručně;;70.0;
488203022;attr_changed;speed;maxspeed;;50;Na Poříčí;residential;126.6;high;;;50.0;
488203023;attr_changed;speed;maxspeed;;50;Na Poříčí;residential;140.5;low;hodnota odvozena ze sloučené hrany – ověřit ručně;;50.0;
489290107;attr_changed;speed;maxspeed;30;30|50;Liberijská;residential;102.3;low;hodnota odvozena ze sloučené hrany – ověřit ručně;30.0;50.0;20.0
490713053;attr_changed;speed;maxspeed;30|50;30;Matějská;residential;145.3;low;hodnota odvozena ze sloučené hrany – ověřit ručně (rozsah staré 30.0-50.0, nové 30.0-30.0 km/h);50.0;30.0;-20.0
490969186;attr_changed;speed;maxspeed;;50;Bucharova;primary;151.5;low;hodnota odvozena ze sloučené hrany – ověřit ručně;;50.0;
491593104;attr_changed;speed;maxspeed;50;80;Kbelská;trunk;366.6;low;hodnota odvozena ze sloučené hrany – ověřit ručně;50.0;80.0;30.0
498952950;attr_changed;speed;maxspeed;50|70;50;Strakonická;secondary;1145.3;low;hodnota odvozena ze sloučené hrany – ověřit ručně (rozsah staré 50.0-70.0, nové 50.0-50.0 km/h);70.0;50.0;-20.0
500914352;attr_changed;speed;maxspeed;50|70;50;Strakonická;secondary;330.7;low;hodnota odvozena ze sloučené hrany – ověřit ručně (rozsah staré 50.0-70.0, nové 50.0-50.0 km/h);70.0;50.0;-20.0
507852721;attr_changed;speed;maxspeed;20|CZ:urban;CZ:urban;K Dalejím|Prokopské údolí;unclassified;1282.7;low;hodnota odvozena ze sloučené hrany – ověřit ručně (rozsah staré 20.0-50.0, nové 50.0-50.0 km/h);50.0;50.0;0.0
508290785;attr_changed;speed;maxspeed;50|80|90;50|60|80;;motorway_link;277.3;low;hodnota odvozena ze sloučené hrany – ověřit ručně (rozsah staré 50.0-90.0, nové 50.0-80.0 km/h);90.0;80.0;-10.0
508290786;attr_changed;speed;maxspeed;80;60;;trunk_link;289.4;low;hodnota odvozena ze sloučené hrany – ověřit ručně;80.0;60.0;-20.0
508290787;attr_changed;speed;maxspeed;80;60;;trunk_link;289.4;low;hodnota odvozena ze sloučené hrany – ověřit ručně;80.0;60.0;-20.0
521809363;attr_changed;speed;maxspeed;40;20|40;U Sportoviště;living_street|residential;191.5;low;hodnota odvozena ze sloučené hrany – ověřit ručně;40.0;40.0;0.0
548171856;attr_changed;speed;maxspeed;30;30|50;Podbělohorská;secondary;132.0;low;hodnota odvozena ze sloučené hrany – ověřit ručně;30.0;50.0;20.0
550881470;attr_changed;speed;maxspeed;;50;Lovosická;tertiary;186.0;low;hodnota odvozena ze sloučené hrany – ověřit ručně;;50.0;
553644554;attr_changed;speed;maxspeed;;50;Minská;residential;25.9;high;;;50.0;
559429583;attr_changed;speed;maxspeed;60;60|80;Štěrboholská spojka;trunk;1909.2;low;hodnota odvozena ze sloučené hrany – ověřit ručně;60.0;80.0;20.0
559706568;attr_changed;speed;maxspeed;;50;U Uranie;secondary;37.7;high;;;50.0;
559706574;attr_changed;speed;maxspeed;;50;U Uranie;secondary;39.5;high;;;50.0;
559706578;attr_changed;speed;maxspeed;;50;U Uranie;secondary;192.9;low;hodnota odvozena ze sloučené hrany – ověřit ručně;;50.0;
561887312;attr_changed;speed;maxspeed;;50;U Uranie;secondary;91.0;low;hodnota odvozena ze sloučené hrany – ověřit ručně;;50.0;
562777220;attr_changed;speed;maxspeed;100;100|80;Rozvadovská spojka;trunk;1948.2;low;hodnota odvozena ze sloučené hrany – ověřit ručně;100.0;100.0;0.0
567016151;attr_changed;speed;maxspeed;50|80;80;;trunk_link;260.9;low;hodnota odvozena ze sloučené hrany – ověřit ručně (rozsah staré 50.0-80.0, nové 80.0-80.0 km/h);80.0;80.0;0.0
569966222;attr_changed;speed;maxspeed;;50;Poznaňská|Těšínská;residential;184.4;low;hodnota odvozena ze sloučené hrany – ověřit ručně;;50.0;
583962444;attr_changed;speed;maxspeed;;50;U Uranie;secondary;7.0;high;;;50.0;
583962445;attr_changed;speed;maxspeed;;50;U Uranie;secondary;100.2;high;;;50.0;
588999561;attr_changed;speed;maxspeed;;30;Ke Lhoteckému lesu;residential;156.9;high;;;30.0;
591366476;attr_changed;speed;maxspeed;40;50;Lamačova;tertiary;13.1;high;;40.0;50.0;10.0
591897916;attr_changed;speed;maxspeed;40;50;Lamačova;tertiary;8.3;high;;40.0;50.0;10.0
593090910;attr_changed;speed;maxspeed;;50;Kodaňská;tertiary;57.5;low;hodnota odvozena ze sloučené hrany – ověřit ručně;;50.0;
593104451;attr_changed;speed;maxspeed;;50;Kodaňská;tertiary;99.6;high;;;50.0;
593196918;attr_changed;speed;maxspeed;;30;U Tvrze;secondary;63.7;low;hodnota odvozena ze sloučené hrany – ověřit ručně;;30.0;
593434856;attr_changed;speed;maxspeed;30|50;30;Zájezdská;tertiary;53.3;low;hodnota odvozena ze sloučené hrany – ověřit ručně (rozsah staré 30.0-50.0, nové 30.0-30.0 km/h);50.0;30.0;-20.0
593434858;attr_changed;speed;maxspeed;30|50;50;Zájezdská;tertiary;365.3;low;hodnota odvozena ze sloučené hrany – ověřit ručně (rozsah staré 30.0-50.0, nové 50.0-50.0 km/h);50.0;50.0;0.0
593546520;attr_changed;speed;maxspeed;;50;Lovosická;tertiary;274.5;low;hodnota odvozena ze sloučené hrany – ověřit ručně;;50.0;
593546521;attr_changed;speed;maxspeed;;50;Lovosická;tertiary;170.8;high;;;50.0;
593546522;attr_changed;speed;maxspeed;;50;Lovosická;tertiary;335.8;low;hodnota odvozena ze sloučené hrany – ověřit ručně;;50.0;
620350093;attr_changed;speed;maxspeed;40;50;Lamačova;tertiary;13.1;high;;40.0;50.0;10.0
621320715;attr_changed;speed;maxspeed;60;60|80;Štěrboholská spojka;trunk;1909.2;low;hodnota odvozena ze sloučené hrany – ověřit ručně;60.0;80.0;20.0
683966397;attr_changed;speed;maxspeed;;50;Altajská;residential;32.5;high;;;50.0;
723868988;attr_changed;speed;maxspeed;30|50;30;Staroújezdská|V lipách;tertiary;124.4;low;hodnota odvozena ze sloučené hrany – ověřit ručně (rozsah staré 30.0-50.0, nové 30.0-30.0 km/h);50.0;30.0;-20.0
726624343;attr_changed;speed;maxspeed;30;;Hůrská;residential;13.3;low;hodnota odvozena ze sloučené hrany – ověřit ručně;30.0;;
731178599;attr_changed;speed;maxspeed;20|50;20;Sázavská;living_street;104.8;low;hodnota odvozena ze sloučené hrany – ověřit ručně (rozsah staré 20.0-50.0, nové 20.0-20.0 km/h);50.0;20.0;-30.0
731178610;attr_changed;speed;maxspeed;20|50;20;Sázavská;living_street;104.8;low;hodnota odvozena ze sloučené hrany – ověřit ručně (rozsah staré 20.0-50.0, nové 20.0-20.0 km/h);50.0;20.0;-30.0
743080304;attr_changed;speed;maxspeed;20;50;Bodláková|Branská|Pýrová;living_street|residential;548.8;low;hodnota odvozena ze sloučené hrany – ověřit ručně;20.0;50.0;30.0
761320182;attr_changed;speed;maxspeed;60;60|80;Štěrboholská spojka;trunk;1909.2;low;hodnota odvozena ze sloučené hrany – ověřit ručně;60.0;80.0;20.0
761320183;attr_changed;speed;maxspeed;60;60|80;Štěrboholská spojka;trunk;1909.2;low;hodnota odvozena ze sloučené hrany – ověřit ručně;60.0;80.0;20.0
771818563;attr_changed;speed;maxspeed;30;30|50;Liberijská;residential;102.3;low;hodnota odvozena ze sloučené hrany – ověřit ručně;30.0;50.0;20.0
777091947;attr_changed;speed;maxspeed;30|50;50;Zájezdská;tertiary;365.3;low;hodnota odvozena ze sloučené hrany – ověřit ručně (rozsah staré 30.0-50.0, nové 50.0-50.0 km/h);50.0;50.0;0.0
788128261;attr_changed;speed;maxspeed;;50;Bucharova;secondary;182.7;high;;;50.0;
805455651;attr_changed;speed;maxspeed;;50;Jankovcova;secondary;96.9;low;hodnota odvozena ze sloučené hrany – ověřit ručně;;50.0;
805455652;attr_changed;speed;maxspeed;;50;Jankovcova;secondary;195.7;low;hodnota odvozena ze sloučené hrany – ověřit ručně;;50.0;
814304910;attr_changed;speed;maxspeed;50;30|50;Komořanská;tertiary;615.5;low;hodnota odvozena ze sloučené hrany – ověřit ručně;50.0;50.0;0.0
818659777;attr_changed;speed;maxspeed;;50;Husitská;secondary;281.1;low;hodnota odvozena ze sloučené hrany – ověřit ručně;;50.0;
818659778;attr_changed;speed;maxspeed;;50;Husitská;secondary;173.0;low;hodnota odvozena ze sloučené hrany – ověřit ručně;;50.0;
818659785;attr_changed;speed;maxspeed;;50;Husitská;secondary;108.1;low;hodnota odvozena ze sloučené hrany – ověřit ručně;;50.0;
818659786;attr_changed;speed;maxspeed;;50;Husitská;secondary;103.4;low;hodnota odvozena ze sloučené hrany – ověřit ručně;;50.0;
821422444;attr_changed;speed;maxspeed;;50;Husitská;secondary;173.0;low;hodnota odvozena ze sloučené hrany – ověřit ručně;;50.0;
821422446;attr_changed;speed;maxspeed;;50;Prokopova;tertiary;58.6;low;hodnota odvozena ze sloučené hrany – ověřit ručně;;50.0;
821422447;attr_changed;speed;maxspeed;;50;Husitská;secondary;125.9;low;hodnota odvozena ze sloučené hrany – ověřit ručně;;50.0;
821422448;attr_changed;speed;maxspeed;;50;Husitská;secondary;125.9;low;hodnota odvozena ze sloučené hrany – ověřit ručně;;50.0;
821422449;attr_changed;speed;maxspeed;;50;Husitská;secondary;125.9;low;hodnota odvozena ze sloučené hrany – ověřit ručně;;50.0;
827404599;attr_changed;speed;maxspeed;;50;Gogolova|Na Baště svatého Tomáše;residential;272.1;low;hodnota odvozena ze sloučené hrany – ověřit ručně;;50.0;
827404600;attr_changed;speed;maxspeed;;50;Gogolova;residential;89.4;low;hodnota odvozena ze sloučené hrany – ověřit ručně;;50.0;
828551154;attr_changed;speed;maxspeed;;30;Letňanská;residential;125.3;low;hodnota odvozena ze sloučené hrany – ověřit ručně;;30.0;
835474917;attr_changed;speed;maxspeed;;50;Vrbenského;secondary;120.9;low;hodnota odvozena ze sloučené hrany – ověřit ručně;;50.0;
841997350;attr_changed;speed;maxspeed;;50;Bucharova;secondary;200.7;low;hodnota odvozena ze sloučené hrany – ověřit ručně;;50.0;
841997351;attr_changed;speed;maxspeed;;50;Bucharova;secondary;200.7;low;hodnota odvozena ze sloučené hrany – ověřit ručně;;50.0;
841997353;attr_changed;speed;maxspeed;;50;Bucharova;secondary;526.0;high;;;50.0;
858156527;attr_changed;speed;maxspeed;;50;Bucharova;secondary;30.5;low;hodnota odvozena ze sloučené hrany – ověřit ručně;;50.0;
871346893;attr_changed;speed;maxspeed;;50;U Uranie;secondary;91.0;low;hodnota odvozena ze sloučené hrany – ověřit ručně;;50.0;
871711178;attr_changed;speed;maxspeed;50;;Cíglerova;tertiary;94.3;low;hodnota odvozena ze sloučené hrany – ověřit ručně;50.0;;
876526302;attr_changed;speed;maxspeed;;30;Kaprova;residential;21.1;high;;;30.0;
878215925;attr_changed;speed;maxspeed;;50;Bartoňova;tertiary;894.3;low;hodnota odvozena ze sloučené hrany – ověřit ručně;;50.0;
886522855;attr_changed;speed;maxspeed;;50;Jana Želivského;secondary;42.1;high;;;50.0;
893553867;attr_changed;speed;maxspeed;;50;Zálesí;tertiary;389.9;low;hodnota odvozena ze sloučené hrany – ověřit ručně;;50.0;
893553868;attr_changed;speed;maxspeed;;50;Zálesí;tertiary;389.9;low;hodnota odvozena ze sloučené hrany – ověřit ručně;;50.0;
893553869;attr_changed;speed;maxspeed;;50;Zálesí;tertiary;559.0;low;hodnota odvozena ze sloučené hrany – ověřit ručně;;50.0;
893931342;attr_changed;speed;maxspeed;50;;;trunk;53.0;low;hodnota odvozena ze sloučené hrany – ověřit ručně;50.0;;
911301594;attr_changed;speed;maxspeed;70;50|70;Barrandovský most;trunk;355.1;low;hodnota odvozena ze sloučené hrany – ověřit ručně;70.0;70.0;0.0
916300952;attr_changed;speed;maxspeed;50|80|90;50|60|80;;motorway_link;277.3;low;hodnota odvozena ze sloučené hrany – ověřit ručně (rozsah staré 50.0-90.0, nové 50.0-80.0 km/h);90.0;80.0;-10.0
916382605;attr_changed;speed;maxspeed;50|80|90;50|60|80;;motorway_link;277.3;low;hodnota odvozena ze sloučené hrany – ověřit ručně (rozsah staré 50.0-90.0, nové 50.0-80.0 km/h);90.0;80.0;-10.0
916389326;attr_changed;speed;maxspeed;60;60|80;Štěrboholská spojka;trunk;1909.2;low;hodnota odvozena ze sloučené hrany – ověřit ručně;60.0;80.0;20.0
918228929;attr_changed;speed;maxspeed;;30;K Lesu;residential;105.0;high;;;30.0;
918228930;attr_changed;speed;maxspeed;;30;U Vodojemu;residential;52.1;high;;;30.0;
918228932;attr_changed;speed;maxspeed;;30;Lojovická;residential;142.1;high;;;30.0;
918228933;attr_changed;speed;maxspeed;;30;Ke Lhoteckému lesu;residential;62.6;high;;;30.0;
918228934;attr_changed;speed;maxspeed;;30;Lojovická;residential;191.1;high;;;30.0;
918228935;attr_changed;speed;maxspeed;;30;Ohrobecká;residential;64.3;high;;;30.0;
926230855;attr_changed;speed;maxspeed;;50;;tertiary_link;52.2;high;;;50.0;
933839151;attr_changed;speed;maxspeed;;50;Kusého;residential;40.4;high;;;50.0;
933839152;attr_changed;speed;maxspeed;;50;Kusého;residential;22.7;high;;;50.0;
946492218;attr_changed;speed;maxspeed;20|30;30;Votavova;residential;141.4;low;hodnota odvozena ze sloučené hrany – ověřit ručně (rozsah staré 20.0-30.0, nové 30.0-30.0 km/h);30.0;30.0;0.0
947514246;attr_changed;speed;maxspeed;;30;Bessemerova;residential;379.3;low;hodnota odvozena ze sloučené hrany – ověřit ručně;;30.0;
966827723;attr_changed;speed;maxspeed;30;50;Slévačská;tertiary;164.6;low;hodnota odvozena ze sloučené hrany – ověřit ručně;30.0;50.0;20.0
966827724;attr_changed;speed;maxspeed;30;50;Slévačská;tertiary;164.6;low;hodnota odvozena ze sloučené hrany – ověřit ručně;30.0;50.0;20.0
983827589;attr_changed;speed;maxspeed;70;50|70;Barrandovský most;trunk;228.4;low;hodnota odvozena ze sloučené hrany – ověřit ručně;70.0;70.0;0.0
983827591;attr_changed;speed;maxspeed;70;80;Barrandovský most;trunk;84.8;low;hodnota odvozena ze sloučené hrany – ověřit ručně;70.0;80.0;10.0
991178195;attr_changed;speed;maxspeed;;30;;unclassified;13.9;high;;;30.0;
993019791;attr_changed;speed;maxspeed;30;50;28. pluku;tertiary;182.8;low;hodnota odvozena ze sloučené hrany – ověřit ručně;30.0;50.0;20.0
993019792;attr_changed;speed;maxspeed;;50;28. pluku;tertiary;289.7;high;;;50.0;
993324660;attr_changed;speed;maxspeed;130|80;130;;motorway_link;244.0;low;hodnota odvozena ze sloučené hrany – ověřit ručně (rozsah staré 80.0-130.0, nové 130.0-130.0 km/h);130.0;130.0;0.0
993589399;attr_changed;speed;maxspeed;;50;;tertiary;432.4;high;;;50.0;
998451040;attr_changed;speed;maxspeed;;20;Hasilova;living_street;330.9;high;;;20.0;
1000248547;attr_changed;speed;maxspeed;;30;Hořínecká;residential;72.0;high;;;30.0;
1005561605;attr_changed;speed;maxspeed;30;20;náměstí Jiřího z Poděbrad|náměstí Jiřího z Poděbrad;living_street;96.1;low;hodnota odvozena ze sloučené hrany – ověřit ručně;30.0;20.0;-10.0
1011527254;attr_changed;speed;maxspeed;40;20|40;U Sportoviště;living_street|residential;191.5;low;hodnota odvozena ze sloučené hrany – ověřit ručně;40.0;40.0;0.0
1032671451;attr_changed;speed;maxspeed;;30;;residential;19.9;high;;;30.0;
1032671468;attr_changed;speed;maxspeed;40;50;Lamačova;tertiary;35.9;low;hodnota odvozena ze sloučené hrany – ověřit ručně;40.0;50.0;10.0
1034550691;attr_changed;speed;maxspeed;30|50;30;Slivenecká;tertiary;252.0;low;hodnota odvozena ze sloučené hrany – ověřit ručně (rozsah staré 30.0-50.0, nové 30.0-30.0 km/h);50.0;30.0;-20.0
1034550692;attr_changed;speed;maxspeed;30|50;50;Slivenecká;tertiary;52.1;low;hodnota odvozena ze sloučené hrany – ověřit ručně (rozsah staré 30.0-50.0, nové 50.0-50.0 km/h);50.0;50.0;0.0
1036473355;attr_changed;speed;maxspeed;30;30|40;Netlucká|Starodubečská;tertiary;222.7;low;hodnota odvozena ze sloučené hrany – ověřit ručně;30.0;40.0;10.0
1046082715;attr_changed;speed;maxspeed;30;30|40;Netlucká|Starodubečská;tertiary;222.7;low;hodnota odvozena ze sloučené hrany – ověřit ručně;30.0;40.0;10.0
1046082716;attr_changed;speed;maxspeed;30;30|40;Netlucká|Starodubečská;tertiary;222.7;low;hodnota odvozena ze sloučené hrany – ověřit ručně;30.0;40.0;10.0
1049550473;attr_changed;speed;maxspeed;;50;Na Farkách;residential;249.6;low;hodnota odvozena ze sloučené hrany – ověřit ručně;;50.0;
1056501437;attr_changed;speed;maxspeed;30;50;Kavkazská;residential;71.1;high;;30.0;50.0;20.0
1061043960;attr_changed;speed;maxspeed;;50;Nádražní;tertiary;152.6;low;hodnota odvozena ze sloučené hrany – ověřit ručně;;50.0;
1082753320;attr_changed;speed;maxspeed;30;30|50;K Hrnčířům;tertiary;173.7;low;hodnota odvozena ze sloučené hrany – ověřit ručně;30.0;50.0;20.0
1092690711;attr_changed;speed;maxspeed;;50;Zbraslavské náměstí;tertiary;46.1;low;hodnota odvozena ze sloučené hrany – ověřit ručně;;50.0;
1104786363;attr_changed;speed;maxspeed;70;70|80;Barrandovský most;trunk;293.6;low;hodnota odvozena ze sloučené hrany – ověřit ručně;70.0;80.0;10.0
1115317906;attr_changed;speed;maxspeed;;30;;residential;21.6;high;;;30.0;
1115317907;attr_changed;speed;maxspeed;;30;;residential;143.1;low;hodnota odvozena ze sloučené hrany – ověřit ručně;;30.0;
1130706484;attr_changed;speed;maxspeed;;30;Machatého;residential;18.5;high;;;30.0;
1136670541;attr_changed;speed;maxspeed;;50;;tertiary;23.0;high;;;50.0;
1136670542;attr_changed;speed;maxspeed;;50;;tertiary;20.3;high;;;50.0;
1136670543;attr_changed;speed;maxspeed;;50;;tertiary;13.2;high;;;50.0;
1136670544;attr_changed;speed;maxspeed;;50;;tertiary;12.4;high;;;50.0;
1138099301;attr_changed;speed;maxspeed;;30;Borského;residential;18.2;high;;;30.0;
1138099303;attr_changed;speed;maxspeed;;30;Borského;residential;23.2;high;;;30.0;
1150763963;attr_changed;speed;maxspeed;;50;Na Poříčí;residential;140.5;low;hodnota odvozena ze sloučené hrany – ověřit ručně;;50.0;
1160668030;attr_changed;speed;maxspeed;50;30|50;K Hrnčířům;tertiary;118.3;low;hodnota odvozena ze sloučené hrany – ověřit ručně;50.0;50.0;0.0
1165078834;attr_changed;speed;maxspeed;30|40;30;;trunk_link;126.9;low;hodnota odvozena ze sloučené hrany – ověřit ručně (rozsah staré 30.0-40.0, nové 30.0-30.0 km/h);40.0;30.0;-10.0
1182666481;attr_changed;speed;maxspeed;;50;Jankovcova;secondary;98.8;low;hodnota odvozena ze sloučené hrany – ověřit ručně;;50.0;
1182670573;attr_changed;speed;maxspeed;;50;U Uranie;secondary;192.9;low;hodnota odvozena ze sloučené hrany – ověřit ručně;;50.0;
1188638557;attr_changed;speed;maxspeed;30|40;30;;trunk_link;126.9;low;hodnota odvozena ze sloučené hrany – ověřit ručně (rozsah staré 30.0-40.0, nové 30.0-30.0 km/h);40.0;30.0;-10.0
1209152974;attr_changed;speed;maxspeed;50;30|50;Komořanská;tertiary;615.5;low;hodnota odvozena ze sloučené hrany – ověřit ručně;50.0;50.0;0.0
1212781790;attr_changed;speed;maxspeed;30|50;30;Trojská;tertiary;679.8;low;hodnota odvozena ze sloučené hrany – ověřit ručně (rozsah staré 30.0-50.0, nové 30.0-30.0 km/h);50.0;30.0;-20.0
1216062675;attr_changed;speed;maxspeed;;50;Jana Želivského;secondary;22.2;high;;;50.0;
1216062677;attr_changed;speed;maxspeed;;50;Jana Želivského;secondary;16.4;high;;;50.0;
1216062678;attr_changed;speed;maxspeed;;50;Jana Želivského;secondary;49.5;high;;;50.0;
1216062679;attr_changed;speed;maxspeed;;50;Jana Želivského;busway;28.4;high;;;50.0;
1222814463;attr_changed;speed;maxspeed;;30;K Mohyle;residential;73.8;high;;;30.0;
1240413190;attr_changed;speed;maxspeed;70|80;80;Barrandovský most|Jižní spojka;trunk;1057.6;low;hodnota odvozena ze sloučené hrany – ověřit ručně (rozsah staré 70.0-80.0, nové 80.0-80.0 km/h);80.0;80.0;0.0
1249875184;attr_changed;speed;maxspeed;;50;Gogolova|Na Baště svatého Tomáše;residential;272.1;low;hodnota odvozena ze sloučené hrany – ověřit ručně;;50.0;
1274581871;attr_changed;speed;maxspeed;;50;Lovosická;tertiary;335.8;low;hodnota odvozena ze sloučené hrany – ověřit ručně;;50.0;
1279751274;attr_changed;speed;maxspeed;;50;Lovosická;tertiary;154.2;low;hodnota odvozena ze sloučené hrany – ověřit ručně;;50.0;
1299541835;attr_changed;speed;maxspeed;;50;Bucharova;primary;151.5;low;hodnota odvozena ze sloučené hrany – ověřit ručně;;50.0;
1308481991;attr_changed;speed;maxspeed;30;;Lovosická;tertiary;74.1;low;hodnota odvozena ze sloučené hrany – ověřit ručně;30.0;;
1308481992;attr_changed;speed;maxspeed;;50;Lovosická;tertiary;335.8;low;hodnota odvozena ze sloučené hrany – ověřit ručně;;50.0;
1309797243;attr_changed;speed;maxspeed;;50;Lovosická;tertiary;154.2;low;hodnota odvozena ze sloučené hrany – ověřit ručně;;50.0;
1309826010;attr_changed;speed;maxspeed;50;80;;trunk_link;191.3;low;hodnota odvozena ze sloučené hrany – ověřit ručně;50.0;80.0;30.0
1312469115;attr_changed;speed;maxspeed;30|50;50;Na Stráži;tertiary;340.6;low;hodnota odvozena ze sloučené hrany – ověřit ručně (rozsah staré 30.0-50.0, nové 50.0-50.0 km/h);50.0;50.0;0.0
1333231062;attr_changed;speed;maxspeed;30;30|50;Liberijská;residential;102.3;low;hodnota odvozena ze sloučené hrany – ověřit ručně;30.0;50.0;20.0
1342133535;attr_changed;speed;maxspeed;;50;Jana Želivského;secondary;26.2;high;;;50.0;
1349744294;attr_changed;speed;maxspeed;30|50;50;Zájezdská;tertiary;365.3;low;hodnota odvozena ze sloučené hrany – ověřit ručně (rozsah staré 30.0-50.0, nové 50.0-50.0 km/h);50.0;50.0;0.0
1364614680;attr_changed;speed;maxspeed;50|80;;;secondary;189.2;low;hodnota odvozena ze sloučené hrany – ověřit ručně;80.0;;
1364614700;attr_changed;speed;maxspeed;50|60|80;;;secondary;262.5;low;hodnota odvozena ze sloučené hrany – ověřit ručně;80.0;;
1375856798;attr_changed;speed;maxspeed;;20;Hasilova;living_street;16.8;high;;;20.0;
1376573606;attr_changed;speed;maxspeed;;50;Jankovcova;secondary;96.9;low;hodnota odvozena ze sloučené hrany – ověřit ručně;;50.0;
1377079913;attr_changed;speed;maxspeed;30;30|50;Liberijská;residential;102.3;low;hodnota odvozena ze sloučené hrany – ověřit ručně;30.0;50.0;20.0
1390902458;attr_changed;speed;maxspeed;50|80;;;secondary;262.5;low;hodnota odvozena ze sloučené hrany – ověřit ručně;80.0;;
1396150284;attr_changed;speed;maxspeed;50;30|50;Komořanská;tertiary;615.5;low;hodnota odvozena ze sloučené hrany – ověřit ručně;50.0;50.0;0.0
1431166709;attr_changed;speed;maxspeed;;30;Gabinova;residential;31.1;high;;;30.0;
1435724481;attr_changed;speed;maxspeed;50|80;80;Kbelská;trunk;509.8;low;hodnota odvozena ze sloučené hrany – ověřit ručně (rozsah staré 50.0-80.0, nové 80.0-80.0 km/h);80.0;80.0;0.0
1451579997;attr_changed;speed;maxspeed;;30;Šiškova;residential;28.8;high;;;30.0;
1451579998;attr_changed;speed;maxspeed;;30;Kaňkovského;residential;29.9;low;hodnota odvozena ze sloučené hrany – ověřit ručně;;30.0;
4018012;attr_changed;oneway;oneway;yes;no;Novoborská;residential;206.0;high;;;;
4568775;attr_changed;oneway;oneway;yes;no;;residential;24.8;high;;;;
4672784;attr_changed;oneway;oneway;no;yes;Diskařská;residential;128.5;high;;;;
4704659;attr_changed;oneway;oneway;no;yes;K Homolce;residential;148.7;high;;;;
4709276;attr_changed;oneway;oneway;no;yes;Dolákova;residential;190.7;high;;;;
4709399;attr_changed;oneway;oneway;yes;no;Michalovicova;residential;81.1;high;;;;
4709403;attr_changed;oneway;oneway;no;yes;U Laboratoře;residential;164.5;high;;;;
4711838;attr_changed;oneway;oneway;no;yes;U Kolejí;residential;170.4;high;;;;
4779204;attr_changed;oneway;oneway;no;yes;Hájecká;residential;100.1;high;;;;
5095123;attr_changed;oneway;oneway;no;yes;Na Ročkově;residential;347.2;high;;;;
9407450;attr_changed;oneway;oneway;no;yes;;residential;23.3;high;;;;
12211556;attr_changed;oneway;oneway;yes;no;Václavské náměstí;residential;82.1;low;hodnota odvozena ze sloučené hrany – ověřit ručně;;;
24897809;attr_changed;oneway;oneway;no;yes;Zákostelní;residential;166.8;high;;;;
25410641;attr_changed;oneway;oneway;no;yes;Thákurova;residential;63.2;high;;;;
25971051;attr_changed;oneway;oneway;no;yes;;residential;190.3;high;;;;
26249870;attr_changed;oneway;oneway;yes;no;Novostrašnická|Pelyňková;residential;410.3;low;hodnota odvozena ze sloučené hrany – ověřit ručně;;;
27112770;attr_changed;oneway;oneway;no;yes;Pod Děvínem;residential;103.2;high;;;;
27828449;attr_changed;oneway;oneway;no;yes;V Záhybu;living_street;170.7;high;;;;
30093493;attr_changed;oneway;oneway;no;yes;Lamačova;tertiary;112.7;low;hodnota odvozena ze sloučené hrany – ověřit ručně;;;
31363716;attr_changed;oneway;oneway;yes;no;Nouzovské náměstí;living_street;18.3;high;;;;
33770301;attr_changed;oneway;oneway;yes;no;;living_street;35.3;high;;;;
33770302;attr_changed;oneway;oneway;yes;no;;living_street;33.0;high;;;;
33770303;attr_changed;oneway;oneway;yes;no;;living_street;68.8;high;;;;
33770306;attr_changed;oneway;oneway;yes;no;Domousnická;living_street;69.2;high;;;;
39524015;attr_changed;oneway;oneway;no;yes;Ocelkova;tertiary;51.6;low;hodnota odvozena ze sloučené hrany – ověřit ručně;;;
61226798;attr_changed;oneway;oneway;no;yes;U Sportoviště;living_street;64.0;high;;;;
76707203;attr_changed;oneway;oneway;no;yes;Strnadská I;residential;435.6;high;;;;
76707204;attr_changed;oneway;oneway;no;yes;Strnadská II;residential;421.8;high;;;;
76707208;attr_changed;oneway;oneway;no;yes;Strnadská spojka;residential;89.4;high;;;;
85251499;attr_changed;oneway;oneway;no;yes;Strojnická;residential;102.6;low;hodnota odvozena ze sloučené hrany – ověřit ručně;;;
129100145;attr_changed;oneway;oneway;no;yes;Pod Lipami;residential;89.2;high;;;;
131595380;attr_changed;oneway;oneway;yes;no;Novostrašnická|Pelyňková;residential;410.3;low;hodnota odvozena ze sloučené hrany – ověřit ručně;;;
131693599;attr_changed;oneway;oneway;no;yes;Na Kleovce;residential;247.6;low;hodnota odvozena ze sloučené hrany – ověřit ručně;;;
132375781;attr_changed;oneway;oneway;yes;no;Zavadilova;residential;16.2;high;;;;
135000758;attr_changed;oneway;oneway;no;yes;Sportovní|Vršovické náměstí;tertiary;41.2;low;hodnota odvozena ze sloučené hrany – ověřit ručně;;;
135172272;attr_changed;oneway;oneway;no;yes;Pražského;tertiary;50.8;low;hodnota odvozena ze sloučené hrany – ověřit ručně;;;
137819676;attr_changed;oneway;oneway;no;yes;Ocelkova;tertiary;51.6;low;hodnota odvozena ze sloučené hrany – ověřit ručně;;;
143952415;attr_changed;oneway;oneway;no;yes;Ocelkova;tertiary;57.9;low;hodnota odvozena ze sloučené hrany – ověřit ručně;;;
159964287;attr_changed;oneway;oneway;yes;no;Na Pankráci;tertiary;174.2;low;hodnota odvozena ze sloučené hrany – ověřit ručně;;;
169736215;attr_changed;oneway;oneway;no;yes;Pod Pekařkou;residential;136.1;high;;;;
179556193;attr_changed;oneway;oneway;no;yes;U Sportoviště;living_street;189.0;high;;;;
187002336;attr_changed;oneway;oneway;yes;no;Medinská;residential;615.8;high;;;;
200597630;attr_changed;oneway;oneway;no;yes;Karla Rachůnka;residential;137.7;high;;;;
200597635;attr_changed;oneway;oneway;no;yes;Jana Marka;residential;125.6;high;;;;
205105083;attr_changed;oneway;oneway;no;yes;Prouzova;residential;184.3;low;hodnota odvozena ze sloučené hrany – ověřit ručně;;;
209090741;attr_changed;oneway;oneway;no;yes;Špitálská;residential;104.7;high;;;;
218366339;attr_changed;oneway;oneway;yes;no;Na Pankráci;tertiary;72.5;low;hodnota odvozena ze sloučené hrany – ověřit ručně;;;
249179358;attr_changed;oneway;oneway;no;yes;U Kolejí|U Stanice;residential;100.3;low;hodnota odvozena ze sloučené hrany – ověřit ručně;;;
262716018;attr_changed;oneway;oneway;no;yes;Slavětínská;residential;62.7;low;hodnota odvozena ze sloučené hrany – ověřit ručně;;;
276719372;attr_changed;oneway;oneway;yes;no;Dětenická;living_street;15.7;high;;;;
279877424;attr_changed;oneway;oneway;yes;no;Dětenická;living_street;8.1;high;;;;
292488662;attr_changed;oneway;oneway;no;yes;Axmanova;residential;141.2;high;;;;
302906560;attr_changed;oneway;oneway;no;yes;Hájecká;residential;104.0;high;;;;
306741885;attr_changed;oneway;oneway;yes;no;Václavské náměstí;residential;82.1;low;hodnota odvozena ze sloučené hrany – ověřit ručně;;;
320586072;attr_changed;oneway;oneway;no;yes;Diskařská;unclassified;279.4;high;;;;
326807710;attr_changed;oneway;oneway;no;yes;Na Valentince;residential;71.4;low;hodnota odvozena ze sloučené hrany – ověřit ručně;;;
332107891;attr_changed;oneway;oneway;no;yes;Albíny Hochové;residential;278.3;low;hodnota odvozena ze sloučené hrany – ověřit ručně;;;
340243819;attr_changed;oneway;oneway;no;yes;Křesomyslova;tertiary;151.0;low;hodnota odvozena ze sloučené hrany – ověřit ručně;;;
345306208;attr_changed;oneway;oneway;no;yes;Na Vyhlídce;residential;88.5;high;;;;
363425230;attr_changed;oneway;oneway;yes;no;Krčská;residential;4.5;high;;;;
392930764;attr_changed;oneway;oneway;no;yes;Poštovská|U Vysočanského pivovaru;residential;335.3;low;hodnota odvozena ze sloučené hrany – ověřit ručně;;;
431796765;attr_changed;oneway;oneway;no;yes;Na Vyhlídce;living_street|residential;99.4;low;hodnota odvozena ze sloučené hrany – ověřit ručně;;;
431796767;attr_changed;oneway;oneway;no;yes;Na Vyhlídce;living_street|residential;81.7;low;hodnota odvozena ze sloučené hrany – ověřit ručně;;;
521531698;attr_changed;oneway;oneway;yes;no;Jeremenkova;residential;29.6;high;;;;
546278746;attr_changed;oneway;oneway;yes;no;Svobodova;tertiary;55.7;high;;;;
559429583;attr_changed;oneway;oneway;no;yes;Štěrboholská spojka;trunk;1909.2;low;hodnota odvozena ze sloučené hrany – ověřit ručně;;;
593546523;attr_changed;oneway;oneway;no;yes;Novoborská;residential;92.4;low;hodnota odvozena ze sloučené hrany – ověřit ručně;;;
593546524;attr_changed;oneway;oneway;no;yes;Novoborská;residential;124.0;low;hodnota odvozena ze sloučené hrany – ověřit ručně;;;
621320715;attr_changed;oneway;oneway;no;yes;Štěrboholská spojka;trunk;1909.2;low;hodnota odvozena ze sloučené hrany – ověřit ručně;;;
719605418;attr_changed;oneway;oneway;no;yes;Na Vyhlídce;residential;108.1;low;hodnota odvozena ze sloučené hrany – ověřit ručně;;;
726624343;attr_changed;oneway;oneway;no;yes;Hůrská;residential;13.3;low;hodnota odvozena ze sloučené hrany – ověřit ručně;;;
731571387;attr_changed;oneway;oneway;no;yes;Hůrská;residential;94.4;low;hodnota odvozena ze sloučené hrany – ověřit ručně;;;
761320182;attr_changed;oneway;oneway;no;yes;Štěrboholská spojka;trunk;1909.2;low;hodnota odvozena ze sloučené hrany – ověřit ručně;;;
762472210;attr_changed;oneway;oneway;no;yes;Na Výrovně;residential;58.7;low;hodnota odvozena ze sloučené hrany – ověřit ručně;;;
769874259;attr_changed;oneway;oneway;no;yes;Smiřická;residential;140.9;high;;;;
781855902;attr_changed;oneway;oneway;no;yes;Lamačova;tertiary;50.6;low;hodnota odvozena ze sloučené hrany – ověřit ručně;;;
792535042;attr_changed;oneway;oneway;no;yes;Ústavní;tertiary_link;21.1;high;;;;
885719765;attr_changed;oneway;oneway;no;yes;Na Vyhlídce;living_street|residential;121.9;low;hodnota odvozena ze sloučené hrany – ověřit ručně;;;
916389326;attr_changed;oneway;oneway;no;yes;Štěrboholská spojka;trunk;1909.2;low;hodnota odvozena ze sloučené hrany – ověřit ručně;;;
972903396;attr_changed;oneway;oneway;no;yes;Kovanecká;residential;237.9;high;;;;
987126876;attr_changed;oneway;oneway;no;yes;Vratičová;living_street|residential;134.9;low;hodnota odvozena ze sloučené hrany – ověřit ručně;;;
1034550692;attr_changed;oneway;oneway;no;yes;Slivenecká;tertiary;52.1;low;hodnota odvozena ze sloučené hrany – ověřit ručně;;;
1050939160;attr_changed;oneway;oneway;no;yes;Vlašimská;residential;24.8;high;;;;
1069630090;attr_changed;oneway;oneway;yes;no;Hybernská;residential;218.4;low;hodnota odvozena ze sloučené hrany – ověřit ručně;;;
1289343626;attr_changed;oneway;oneway;no;yes;;residential;22.2;high;;;;
1304327297;attr_changed;oneway;oneway;no;yes;Na Vyhlídce;residential;108.1;low;hodnota odvozena ze sloučené hrany – ověřit ručně;;;
1311198127;attr_changed;oneway;oneway;no;yes;Špitálská;residential;57.9;high;;;;
1343671522;attr_changed;oneway;oneway;no;yes;;residential;22.3;high;;;;
1364614680;attr_changed;oneway;oneway;no;yes;;secondary;189.2;low;hodnota odvozena ze sloučené hrany – ověřit ručně;;;
1383984286;attr_changed;oneway;oneway;no;yes;K Homolce;residential;35.5;low;hodnota odvozena ze sloučené hrany – ověřit ručně;;;
1423072896;attr_changed;oneway;oneway;no;yes;Novoborská;residential;92.4;low;hodnota odvozena ze sloučené hrany – ověřit ručně;;;
1443261921;attr_changed;oneway;oneway;no;yes;Novoborská;residential;62.4;low;hodnota odvozena ze sloučené hrany – ověřit ručně;;;
4018492;attr_changed;classification;highway;secondary_link;tertiary_link;;tertiary_link;46.8;low;hodnota odvozena ze sloučené hrany – ověřit ručně;;;
4018506;attr_changed;classification;highway;primary;secondary;Argentinská|most Barikádníků;secondary;329.4;low;hodnota odvozena ze sloučené hrany – ověřit ručně;;;
4020623;attr_changed;classification;highway;secondary;tertiary;Michelská;tertiary;723.9;low;hodnota odvozena ze sloučené hrany – ověřit ručně;;;
4040188;attr_changed;classification;highway;primary;secondary;Argentinská;secondary;49.8;low;hodnota odvozena ze sloučené hrany – ověřit ručně;;;
4040189;attr_changed;classification;highway;primary;secondary;Argentinská;secondary;13.5;high;;;;
4044998;attr_changed;classification;highway;primary;secondary;K Barrandovu;secondary;463.7;low;hodnota odvozena ze sloučené hrany – ověřit ručně;;;
4048656;attr_changed;classification;highway;primary;trunk_link;;trunk_link;380.2;low;hodnota odvozena ze sloučené hrany – ověřit ručně;;;
4048701;attr_changed;classification;highway;secondary;secondary|trunk_link;Strakonická;secondary|trunk_link;133.2;low;hodnota odvozena ze sloučené hrany – ověřit ručně;;;
4048702;attr_changed;classification;highway;primary;secondary;Žitná;secondary;192.5;high;;;;
4048703;attr_changed;classification;highway;primary;secondary;V Botanice;secondary;109.3;high;;;;
4048715;attr_changed;classification;highway;primary;secondary;Hlávkův most|Wilsonova;secondary;483.1;low;hodnota odvozena ze sloučené hrany – ověřit ručně;;;
4048716;attr_changed;classification;highway;primary;secondary;Legerova;secondary;57.7;high;;;;
4051999;attr_changed;classification;highway;secondary;tertiary;Modřanská;tertiary;102.2;high;;;;
4052180;attr_changed;classification;highway;secondary;tertiary;Podolské nábřeží;tertiary;1313.2;low;hodnota odvozena ze sloučené hrany – ověřit ručně;;;
4052299;attr_changed;classification;highway;secondary;tertiary;Ryšavého;tertiary;561.8;low;hodnota odvozena ze sloučené hrany – ověřit ručně;;;
4052381;attr_changed;classification;highway;secondary;tertiary;Podolské nábřeží;tertiary;167.6;low;hodnota odvozena ze sloučené hrany – ověřit ručně;;;
4052455;attr_changed;classification;highway;secondary_link;tertiary_link;Branická;tertiary_link;13.9;high;;;;
4052575;attr_changed;classification;highway;secondary;secondary|tertiary;Vídeňská;secondary|tertiary;714.5;low;hodnota odvozena ze sloučené hrany – ověřit ručně;;;
4052754;attr_changed;classification;highway;primary;secondary;5. května;secondary;157.5;low;hodnota odvozena ze sloučené hrany – ověřit ručně;;;
4052789;attr_changed;classification;highway;primary;secondary;Sokolská;secondary;93.4;low;hodnota odvozena ze sloučené hrany – ověřit ručně;;;
4052797;attr_changed;classification;highway;secondary;tertiary;Křesomyslova;tertiary;92.5;low;hodnota odvozena ze sloučené hrany – ověřit ručně;;;
4052828;attr_changed;classification;highway;secondary;tertiary;Mírového hnutí;tertiary;553.8;high;;;;
4052868;attr_changed;classification;highway;secondary;tertiary;Mírového hnutí;tertiary;301.9;low;hodnota odvozena ze sloučené hrany – ověřit ručně;;;
4052968;attr_changed;classification;highway;secondary;tertiary;Na Strži;tertiary;266.5;low;hodnota odvozena ze sloučené hrany – ověřit ručně;;;
4052985;attr_changed;classification;highway;secondary;tertiary;Mírového hnutí;tertiary;150.8;low;hodnota odvozena ze sloučené hrany – ověřit ručně;;;
4053021;attr_changed;classification;highway;secondary;tertiary;Modřanská;tertiary;707.9;low;hodnota odvozena ze sloučené hrany – ověřit ručně;;;
4053077;attr_changed;classification;highway;secondary;tertiary;Podolské nábřeží;tertiary;110.7;low;hodnota odvozena ze sloučené hrany – ověřit ručně;;;
4053125;attr_changed;classification;highway;primary;secondary;5. května|Legerova|Nuselský most;secondary;740.5;low;hodnota odvozena ze sloučené hrany – ověřit ručně;;;
4053263;attr_changed;classification;highway;secondary_link;tertiary_link;;tertiary_link;11.6;high;;;;
4053496;attr_changed;classification;highway;secondary_link;secondary_link|trunk_link;;secondary_link|trunk_link;204.9;low;hodnota odvozena ze sloučené hrany – ověřit ručně;;;
4053505;attr_changed;classification;highway;tertiary_link;secondary_link|tertiary_link;Severní I;secondary_link|tertiary_link;114.4;low;hodnota odvozena ze sloučené hrany – ověřit ručně;;;
4053569;attr_changed;classification;highway;secondary;tertiary;Na Strži;tertiary;10.5;high;;;;
4053627;attr_changed;classification;highway;secondary;tertiary;Výstavní;tertiary;238.4;high;;;;
4053645;attr_changed;classification;highway;secondary;tertiary;Mírového hnutí;tertiary;65.6;low;hodnota odvozena ze sloučené hrany – ověřit ručně;;;
4053650;attr_changed;classification;highway;tertiary_link;tertiary;;tertiary;15.8;high;;;;
4053743;attr_changed;classification;highway;tertiary;residential;Lidická;residential;388.6;high;;;;
4078826;attr_changed;classification;highway;primary;secondary;Patočkova;secondary;29.0;high;;;;
4078827;attr_changed;classification;highway;primary;secondary;Milady Horákové;secondary;653.3;low;hodnota odvozena ze sloučené hrany – ověřit ručně;;;
4078831;attr_changed;classification;highway;primary;secondary;Milady Horákové;secondary;268.0;low;hodnota odvozena ze sloučené hrany – ověřit ručně;;;
4083705;attr_changed;classification;highway;primary;secondary;5. května|Nuselský most|Sokolská;secondary;804.6;low;hodnota odvozena ze sloučené hrany – ověřit ručně;;;
4086039;attr_changed;classification;highway;primary_link;secondary_link;;secondary_link;297.6;low;hodnota odvozena ze sloučené hrany – ověřit ručně;;;
4086144;attr_changed;classification;highway;tertiary;residential;náměstí Kinských;residential;83.6;high;;;;
4086146;attr_changed;classification;highway;secondary;residential;Újezd;residential;128.4;low;hodnota odvozena ze sloučené hrany – ověřit ručně;;;
4086147;attr_changed;classification;highway;secondary;residential;Karmelitská;residential;38.5;high;;;;
4086148;attr_changed;classification;highway;secondary;residential;Malostranské náměstí;residential;98.6;low;hodnota odvozena ze sloučené hrany – ověřit ručně;;;
4086150;attr_changed;classification;highway;secondary;residential;Malostranské náměstí;residential;33.1;high;;;;
4086152;attr_changed;classification;highway;secondary;residential;Malostranské náměstí;residential;83.5;low;hodnota odvozena ze sloučené hrany – ověřit ručně;;;
4086153;attr_changed;classification;highway;secondary;residential;Malostranské náměstí;residential;163.1;high;;;;
4086154;attr_changed;classification;highway;secondary;residential;Letenská;residential;45.8;low;hodnota odvozena ze sloučené hrany – ověřit ručně;;;
4086155;attr_changed;classification;highway;secondary_link;residential;Klárov;residential;14.0;high;;;;
4086157;attr_changed;classification;highway;secondary;residential;Tomášská;residential;172.5;high;;;;
4086159;attr_changed;classification;highway;tertiary;residential;Mánesův most|náměstí Jana Palacha;residential;339.5;low;hodnota odvozena ze sloučené hrany – ověřit ručně;;;
4086216;attr_changed;classification;highway;primary;secondary;K Barrandovu;secondary;702.8;low;hodnota odvozena ze sloučené hrany – ověřit ručně;;;
4086217;attr_changed;classification;highway;primary;secondary;K Barrandovu;secondary;428.9;low;hodnota odvozena ze sloučené hrany – ověřit ručně;;;
4087940;attr_changed;classification;highway;primary;trunk_link;;trunk_link;575.2;low;hodnota odvozena ze sloučené hrany – ověřit ručně;;;
4097031;attr_changed;classification;highway;primary;secondary;Ostrovského;secondary;10.0;high;;;;
4097035;attr_changed;classification;highway;primary;secondary;Dienzenhoferovy sady;secondary;82.3;low;hodnota odvozena ze sloučené hrany – ověřit ručně;;;
4259391;attr_changed;classification;highway;secondary;trunk_link;;trunk_link;249.3;low;hodnota odvozena ze sloučené hrany – ověřit ručně;;;
4259412;attr_changed;classification;highway;secondary;residential;Zborovská;residential;21.8;high;;;;
4259592;attr_changed;classification;highway;secondary;tertiary;K Horkám;tertiary;60.2;low;hodnota odvozena ze sloučené hrany – ověřit ručně;;;
4261229;attr_changed;classification;highway;secondary;primary_link;;primary_link;394.7;low;hodnota odvozena ze sloučené hrany – ověřit ručně;;;
4323228;attr_changed;classification;highway;secondary;residential;most Legií;residential;362.9;low;hodnota odvozena ze sloučené hrany – ověřit ručně;;;
4323229;attr_changed;classification;highway;secondary;residential;Křižovnická;residential;97.7;low;hodnota odvozena ze sloučené hrany – ověřit ručně;;;
4323230;attr_changed;classification;highway;secondary;residential;Vítězná;residential;115.5;high;;;;
4335534;attr_changed;classification;highway;primary;secondary;Bubenská|Hlávkův most;secondary;105.8;low;hodnota odvozena ze sloučené hrany – ověřit ručně;;;
4335535;attr_changed;classification;highway;primary;secondary;Veletržní;secondary;56.8;high;;;;
4335545;attr_changed;classification;highway;primary;secondary;Patočkova;secondary;27.0;low;hodnota odvozena ze sloučené hrany – ověřit ručně;;;
4341451;attr_changed;classification;highway;primary;secondary;Rohanské nábřeží;secondary;377.1;high;;;;
4353678;attr_changed;classification;highway;secondary;residential;17. listopadu;residential;71.9;low;hodnota odvozena ze sloučené hrany – ověřit ručně;;;
4353679;attr_changed;classification;highway;secondary;residential;Dvořákovo nábřeží|Na Rejdišti;residential;192.0;low;hodnota odvozena ze sloučené hrany – ověřit ručně;;;
4415194;attr_changed;classification;highway;secondary;tertiary;Na Pankráci;tertiary;100.7;low;hodnota odvozena ze sloučené hrany – ověřit ručně;;;
4415195;attr_changed;classification;highway;secondary;tertiary;;tertiary;15.7;high;;;;
4516273;attr_changed;classification;highway;tertiary;residential|tertiary;Mánesův most;residential|tertiary;67.0;low;hodnota odvozena ze sloučené hrany – ověřit ručně;;;
4516274;attr_changed;classification;highway;secondary;residential;Klárov;residential;141.4;low;hodnota odvozena ze sloučené hrany – ověřit ručně;;;
4544221;attr_changed;classification;highway;tertiary;residential;Matoušova;residential;187.4;low;hodnota odvozena ze sloučené hrany – ověřit ručně;;;
4558699;attr_changed;classification;highway;residential;living_street|residential;Chmelířova|U Strouhy;living_street|residential;459.2;low;hodnota odvozena ze sloučené hrany – ověřit ručně;;;
4595155;attr_changed;classification;highway;primary;secondary;Těšnovský tunel;secondary;397.8;low;hodnota odvozena ze sloučené hrany – ověřit ručně;;;
4595180;attr_changed;classification;highway;primary;secondary;Argentinská|most Barikádníků;secondary;414.1;low;hodnota odvozena ze sloučené hrany – ověřit ručně;;;
4595186;attr_changed;classification;highway;primary;secondary_link;Bondyho;secondary_link;75.9;high;;;;
4641243;attr_changed;classification;highway;primary;secondary_link;Holbova;secondary_link;45.4;high;;;;
4641286;attr_changed;classification;highway;tertiary;residential;Hybernská;residential;72.9;low;hodnota odvozena ze sloučené hrany – ověřit ručně;;;
4646307;attr_changed;classification;highway;secondary;tertiary;Sekaninova;tertiary;120.4;low;hodnota odvozena ze sloučené hrany – ověřit ručně;;;
4647518;attr_changed;classification;highway;secondary;tertiary;Generála Šišky;tertiary;478.4;high;;;;
4647670;attr_changed;classification;highway;secondary;tertiary;Na Strži;tertiary;134.2;high;;;;
4647753;attr_changed;classification;highway;trunk;trunk_link;;trunk_link;174.8;low;hodnota odvozena ze sloučené hrany – ověřit ručně;;;
4648399;attr_changed;classification;highway;residential;living_street|residential;Lázeňská|Velkopřevorské náměstí;living_street|residential;138.0;low;hodnota odvozena ze sloučené hrany – ověřit ručně;;;
4648416;attr_changed;classification;highway;primary;trunk;Strakonická;trunk;869.6;low;hodnota odvozena ze sloučené hrany – ověřit ručně;;;
4672501;attr_changed;classification;highway;secondary;primary;Vosmíkových;primary;28.2;high;;;;
4672778;attr_changed;classification;highway;residential;secondary;Myslbekova;secondary;148.9;high;;;;
4690265;attr_changed;classification;highway;primary_link;secondary_link;;secondary_link;39.2;low;hodnota odvozena ze sloučené hrany – ověřit ručně;;;
4690266;attr_changed;classification;highway;primary_link;secondary_link;;secondary_link;64.8;low;hodnota odvozena ze sloučené hrany – ověřit ručně;;;
4690268;attr_changed;classification;highway;primary_link;secondary_link;;secondary_link;103.8;low;hodnota odvozena ze sloučené hrany – ověřit ručně;;;
4690269;attr_changed;classification;highway;primary_link;secondary_link;;secondary_link;86.1;low;hodnota odvozena ze sloučené hrany – ověřit ručně;;;
4701011;attr_changed;classification;highway;secondary;tertiary;Na Strži;tertiary;24.1;high;;;;
4701070;attr_changed;classification;highway;secondary_link;tertiary;;tertiary;9.7;high;;;;
4701071;attr_changed;classification;highway;secondary;secondary|tertiary;Modřanská;secondary|tertiary;487.7;low;hodnota odvozena ze sloučené hrany – ověřit ručně;;;
4705126;attr_changed;classification;highway;secondary;tertiary;Novodvorská;tertiary;298.1;low;hodnota odvozena ze sloučené hrany – ověřit ručně;;;
4705127;attr_changed;classification;highway;secondary;tertiary;Novodvorská;tertiary;56.5;low;hodnota odvozena ze sloučené hrany – ověřit ručně;;;
4705314;attr_changed;classification;highway;secondary;tertiary;Novodvorská;tertiary;13.1;high;;;;
4705814;attr_changed;classification;highway;secondary;tertiary;Meteorologická;tertiary;134.9;low;hodnota odvozena ze sloučené hrany – ověřit ručně;;;
4709030;attr_changed;classification;highway;trunk;trunk_link;;trunk_link;153.3;low;hodnota odvozena ze sloučené hrany – ověřit ručně;;;
4709065;attr_changed;classification;highway;secondary;primary;Davídkova|náměstí Na stráži;primary;75.1;low;hodnota odvozena ze sloučené hrany – ověřit ručně;;;
4709078;attr_changed;classification;highway;primary;primary_link;Čuprova;primary_link;289.8;low;hodnota odvozena ze sloučené hrany – ověřit ručně;;;
4712656;attr_changed;classification;highway;secondary;tertiary;Novodvorská;tertiary;450.6;low;hodnota odvozena ze sloučené hrany – ověřit ručně;;;
4712657;attr_changed;classification;highway;secondary;tertiary;Novodvorská;tertiary;21.2;high;;;;
4712688;attr_changed;classification;highway;secondary;tertiary;Generála Šišky;tertiary;888.6;low;hodnota odvozena ze sloučené hrany – ověřit ručně;;;
4712691;attr_changed;classification;highway;secondary;tertiary;Generála Šišky;tertiary;400.8;high;;;;
4712692;attr_changed;classification;highway;secondary;tertiary;Generála Šišky;tertiary;408.1;high;;;;
4712710;attr_changed;classification;highway;secondary;tertiary;Komořanská;tertiary;69.3;high;;;;
4712729;attr_changed;classification;highway;secondary;tertiary;Komořanská;tertiary;21.1;high;;;;
4712730;attr_changed;classification;highway;secondary;tertiary;Modřanská;tertiary;187.1;high;;;;
4712760;attr_changed;classification;highway;secondary_link;trunk_link;;trunk_link;100.9;high;;;;
4712764;attr_changed;classification;highway;secondary_link;trunk_link;;trunk_link;104.9;high;;;;
4713288;attr_changed;classification;highway;primary;trunk;Lahovický most;trunk;475.6;low;hodnota odvozena ze sloučené hrany – ověřit ručně;;;
4751661;attr_changed;classification;highway;secondary_link;tertiary_link;Modřanská;tertiary_link;39.4;high;;;;
4779014;attr_changed;classification;highway;primary_link;trunk_link;Průmyslová;trunk_link;130.7;low;hodnota odvozena ze sloučené hrany – ověřit ručně;;;
4779018;attr_changed;classification;highway;primary_link;trunk_link;;trunk_link;72.5;high;;;;
4779032;attr_changed;classification;highway;primary_link;trunk_link;;trunk_link;266.2;low;hodnota odvozena ze sloučené hrany – ověřit ručně;;;
4779033;attr_changed;classification;highway;primary_link;trunk_link;;trunk_link;224.3;low;hodnota odvozena ze sloučené hrany – ověřit ručně;;;
4779035;attr_changed;classification;highway;primary_link;trunk_link;;trunk_link;300.8;high;;;;
4779348;attr_changed;classification;highway;tertiary;secondary;Ke Kablu;secondary;72.1;low;hodnota odvozena ze sloučené hrany – ověřit ručně;;;
4779359;attr_changed;classification;highway;residential|tertiary;residential;Ke Kablu|U Kabelovny;residential;757.3;low;hodnota odvozena ze sloučené hrany – ověřit ručně;;;
4793765;attr_changed;classification;highway;primary;trunk;Lahovický most;trunk;831.2;low;hodnota odvozena ze sloučené hrany – ověřit ručně;;;
4816678;attr_changed;classification;highway;primary;secondary;Bubenská;secondary;117.2;high;;;;
4819574;attr_changed;classification;highway;primary;secondary;Hlávkův most|Wilsonova;secondary;483.3;low;hodnota odvozena ze sloučené hrany – ověřit ručně;;;
4819692;attr_changed;classification;highway;primary;secondary_link;Bondyho;secondary_link;50.4;high;;;;
4820202;attr_changed;classification;highway;primary;primary_link;Čuprova;primary_link;228.6;low;hodnota odvozena ze sloučené hrany – ověřit ručně;;;
4820207;attr_changed;classification;highway;primary;primary_link;Čuprova;primary_link;289.8;low;hodnota odvozena ze sloučené hrany – ověřit ručně;;;
4820209;attr_changed;classification;highway;primary_link;secondary_link;;secondary_link;134.6;low;hodnota odvozena ze sloučené hrany – ověřit ručně;;;
4820212;attr_changed;classification;highway;primary;secondary;Vrbenského;secondary;72.5;high;;;;
4820233;attr_changed;classification;highway;tertiary;residential;Mánesův most|náměstí Jana Palacha;residential;339.5;low;hodnota odvozena ze sloučené hrany – ověřit ručně;;;
4820234;attr_changed;classification;highway;tertiary;residential;Mánesův most|náměstí Jana Palacha;residential;339.5;low;hodnota odvozena ze sloučené hrany – ověřit ručně;;;
4822135;attr_changed;classification;highway;secondary;tertiary;Vídeňská;tertiary;40.4;high;;;;
4844973;attr_changed;classification;highway;secondary;tertiary;Zálesí;tertiary;68.2;high;;;;
4844974;attr_changed;classification;highway;secondary;tertiary;Zálesí;tertiary;280.4;high;;;;
4844983;attr_changed;classification;highway;secondary;tertiary;Zálesí;tertiary;16.4;high;;;;
4877238;attr_changed;classification;highway;unclassified;residential;Obslužná;residential;188.1;high;;;;
4878104;attr_changed;classification;highway;tertiary;trunk_link;;trunk_link;332.0;low;hodnota odvozena ze sloučené hrany – ověřit ručně;;;
4878202;attr_changed;classification;highway;primary_link;trunk_link;;trunk_link;94.8;low;hodnota odvozena ze sloučené hrany – ověřit ručně;;;
4888534;attr_changed;classification;highway;secondary;tertiary;Generála Šišky;tertiary;193.1;high;;;;
4890563;attr_changed;classification;highway;secondary;tertiary;Podolské nábřeží|Rašínovo nábřeží|Vyšehradský tunel;tertiary;70.4;low;hodnota odvozena ze sloučené hrany – ověřit ručně;;;
4916751;attr_changed;classification;highway;primary;secondary;5. května;secondary;168.1;high;;;;
4916773;attr_changed;classification;highway;secondary;tertiary;;tertiary;10.5;high;;;;
4929995;attr_changed;classification;highway;secondary;primary_link|secondary;náměstí Na stráži;primary_link|secondary;24.4;low;hodnota odvozena ze sloučené hrany – ověřit ručně;;;
8060024;attr_changed;classification;highway;living_street|residential;living_street;V Okálech;living_street;104.0;low;hodnota odvozena ze sloučené hrany – ověřit ručně;;;
8070656;attr_changed;classification;highway;residential;primary_link;Primátorská;primary_link;142.8;high;;;;
8071164;attr_changed;classification;highway;secondary;tertiary;Vídeňská;tertiary;101.4;low;hodnota odvozena ze sloučené hrany – ověřit ručně;;;
8094752;attr_changed;classification;highway;tertiary;residential;K Letišti;residential;37.8;high;;;;
8094753;attr_changed;classification;highway;tertiary;residential;K Letišti;residential;39.2;high;;;;
8094811;attr_changed;classification;highway;secondary_link;trunk_link;;trunk_link;119.9;low;hodnota odvozena ze sloučené hrany – ověřit ručně;;;
8094814;attr_changed;classification;highway;secondary_link;trunk_link;;trunk_link;72.3;high;;;;
8102321;attr_changed;classification;highway;secondary;tertiary;Jaromírova;tertiary;215.6;high;;;;
8102864;attr_changed;classification;highway;primary_link;secondary_link;;secondary_link;215.5;low;hodnota odvozena ze sloučené hrany – ověřit ručně;;;
8102866;attr_changed;classification;highway;primary;secondary;Wilsonova;secondary;588.6;low;hodnota odvozena ze sloučené hrany – ověřit ručně;;;
8102867;attr_changed;classification;highway;primary;secondary;Wilsonova;secondary;551.8;low;hodnota odvozena ze sloučené hrany – ověřit ručně;;;
8103254;attr_changed;classification;highway;primary_link;secondary_link;;secondary_link;97.8;high;;;;
8103255;attr_changed;classification;highway;primary_link;secondary_link;;secondary_link;89.7;high;;;;
8103257;attr_changed;classification;highway;primary_link;secondary_link;;secondary_link;186.7;high;;;;
8134336;attr_changed;classification;highway;secondary;primary;Zenklova;primary;340.4;high;;;;
8134337;attr_changed;classification;highway;secondary;primary;Zenklova;primary;171.1;high;;;;
8589486;attr_changed;classification;highway;primary_link;secondary_link;;secondary_link;203.5;low;hodnota odvozena ze sloučené hrany – ověřit ručně;;;
8880181;attr_changed;classification;highway;secondary;tertiary;Křesomyslova|Otakarova;tertiary;113.9;low;hodnota odvozena ze sloučené hrany – ověřit ručně;;;
8880187;attr_changed;classification;highway;primary_link;secondary_link;;secondary_link;61.3;low;hodnota odvozena ze sloučené hrany – ověřit ručně;;;
8880188;attr_changed;classification;highway;secondary;tertiary;Lounských;tertiary;56.9;low;hodnota odvozena ze sloučené hrany – ověřit ručně;;;
8880191;attr_changed;classification;highway;primary_link;secondary_link;;secondary_link;26.3;high;;;;
8880193;attr_changed;classification;highway;primary_link;secondary_link;;secondary_link;83.4;high;;;;
8882024;attr_changed;classification;highway;primary_link;secondary_link;náměstí Hrdinů;secondary_link;149.1;low;hodnota odvozena ze sloučené hrany – ověřit ručně;;;
8935513;attr_changed;classification;highway;trunk_link;secondary_link;;secondary_link;40.7;high;;;;
8935514;attr_changed;classification;highway;trunk_link;secondary_link;;secondary_link;46.5;high;;;;
9038809;attr_changed;classification;highway;secondary;tertiary;Generála Šišky;tertiary;394.6;high;;;;
9043579;attr_changed;classification;highway;secondary_link;secondary_link|trunk_link;;secondary_link|trunk_link;196.2;low;hodnota odvozena ze sloučené hrany – ověřit ručně;;;
9045511;attr_changed;classification;highway;secondary;tertiary;Mírového hnutí;tertiary;39.6;high;;;;
9072561;attr_changed;classification;highway;secondary_link;trunk_link;;trunk_link;151.0;low;hodnota odvozena ze sloučené hrany – ověřit ručně;;;
9569861;attr_changed;classification;highway;secondary;residential;Klárov;residential;127.2;low;hodnota odvozena ze sloučené hrany – ověřit ručně;;;
9569869;attr_changed;classification;highway;secondary;residential;;residential;25.1;high;;;;
9580183;attr_changed;classification;highway;secondary;tertiary;Podolské nábřeží|Rašínovo nábřeží|Vyšehradský tunel;tertiary;70.4;low;hodnota odvozena ze sloučené hrany – ověřit ručně;;;
9681033;attr_changed;classification;highway;secondary;tertiary;Dvořákovo nábřeží|nábřeží Ludvíka Svobody;tertiary;231.0;low;hodnota odvozena ze sloučené hrany – ověřit ručně;;;
9681192;attr_changed;classification;highway;primary;secondary;Žitná;secondary;85.9;low;hodnota odvozena ze sloučené hrany – ověřit ručně;;;
10157972;attr_changed;classification;highway;secondary;tertiary;Na Slupi|Svobodova;tertiary;38.7;low;hodnota odvozena ze sloučené hrany – ověřit ručně;;;
10157973;attr_changed;classification;highway;primary;secondary;Karlovo náměstí;secondary;130.0;low;hodnota odvozena ze sloučené hrany – ověřit ručně;;;
10714041;attr_changed;classification;highway;tertiary;tertiary_link;;tertiary_link;70.1;high;;;;
11096206;attr_changed;classification;highway;primary;trunk;Strakonická;trunk;400.8;high;;;;
11096207;attr_changed;classification;highway;secondary_link;tertiary_link;;tertiary_link;37.2;high;;;;
11491746;attr_changed;classification;highway;secondary;tertiary;Vrbova;tertiary;526.5;low;hodnota odvozena ze sloučené hrany – ověřit ručně;;;
11492495;attr_changed;classification;highway;secondary;tertiary;Na Strži;tertiary;266.5;low;hodnota odvozena ze sloučené hrany – ověřit ručně;;;
11492496;attr_changed;classification;highway;secondary;tertiary;Na Strži;tertiary;228.6;low;hodnota odvozena ze sloučené hrany – ověřit ručně;;;
12044018;attr_changed;classification;highway;trunk;trunk|trunk_link;Jižní spojka;trunk|trunk_link;2829.7;low;hodnota odvozena ze sloučené hrany – ověřit ručně;;;
12201623;attr_changed;classification;highway;trunk;secondary|trunk;Spořilovská;secondary|trunk;1261.3;low;hodnota odvozena ze sloučené hrany – ověřit ručně;;;
12246826;attr_changed;classification;highway;primary;trunk;Průmyslová;trunk;1587.1;low;hodnota odvozena ze sloučené hrany – ověřit ručně;;;
12246827;attr_changed;classification;highway;primary;trunk;Průmyslová;trunk;121.4;high;;;;
12246828;attr_changed;classification;highway;primary;trunk;Průmyslová;trunk;1247.5;low;hodnota odvozena ze sloučené hrany – ověřit ručně;;;
12246829;attr_changed;classification;highway;primary;trunk;Průmyslová;trunk;1587.1;low;hodnota odvozena ze sloučené hrany – ověřit ručně;;;
12786098;attr_changed;classification;highway;secondary;tertiary;Novodvorská;tertiary;232.2;low;hodnota odvozena ze sloučené hrany – ověřit ručně;;;
12786100;attr_changed;classification;highway;secondary;tertiary;Novodvorská;tertiary;139.7;low;hodnota odvozena ze sloučené hrany – ověřit ručně;;;
12786102;attr_changed;classification;highway;secondary;tertiary;Novodvorská;tertiary;22.8;high;;;;
13133975;attr_changed;classification;highway;primary_link;secondary_link;;secondary_link;297.6;low;hodnota odvozena ze sloučené hrany – ověřit ručně;;;
13133978;attr_changed;classification;highway;primary|trunk;trunk;Liberecká|V Holešovičkách;trunk;506.9;low;hodnota odvozena ze sloučené hrany – ověřit ručně;;;
13133989;attr_changed;classification;highway;primary|trunk;trunk;Liberecká|V Holešovičkách;trunk;506.9;low;hodnota odvozena ze sloučené hrany – ověřit ručně;;;
14437680;attr_changed;classification;highway;secondary_link;tertiary_link;Modřanská;tertiary_link;30.7;high;;;;
14438157;attr_changed;classification;highway;secondary;tertiary;;tertiary;38.7;high;;;;
14438159;attr_changed;classification;highway;secondary;tertiary_link;;tertiary_link;47.5;high;;;;
15230398;attr_changed;classification;highway;primary|trunk;trunk;Liberecká|V Holešovičkách;trunk;506.9;low;hodnota odvozena ze sloučené hrany – ověřit ručně;;;
15230402;attr_changed;classification;highway;primary|trunk;trunk;Liberecká|V Holešovičkách;trunk;506.9;low;hodnota odvozena ze sloučené hrany – ověřit ručně;;;
17169157;attr_changed;classification;highway;trunk;secondary;Spořilovská;secondary;47.0;high;;;;
19835927;attr_changed;classification;highway;residential;trunk_link;;trunk_link;79.6;high;;;;
19880627;attr_changed;classification;highway;secondary;tertiary;Vídeňská;tertiary;35.2;high;;;;
20334535;attr_changed;classification;highway;secondary;primary_link;;primary_link;394.7;low;hodnota odvozena ze sloučené hrany – ověřit ručně;;;
20334537;attr_changed;classification;highway;secondary;primary_link;;primary_link;394.7;low;hodnota odvozena ze sloučené hrany – ověřit ručně;;;
20800663;attr_changed;classification;highway;secondary_link;tertiary_link;;tertiary_link;30.4;high;;;;
20800667;attr_changed;classification;highway;secondary;tertiary;;tertiary;13.5;high;;;;
21991663;attr_changed;classification;highway;primary_link;secondary_link;;secondary_link;138.9;low;hodnota odvozena ze sloučené hrany – ověřit ručně;;;
21991664;attr_changed;classification;highway;primary_link;secondary_link;Kongresová;secondary_link;97.6;low;hodnota odvozena ze sloučené hrany – ověřit ručně;;;
21995839;attr_changed;classification;highway;residential;living_street;náměstí Jiřího z Poděbrad|náměstí Jiřího z Poděbrad;living_street;96.1;low;hodnota odvozena ze sloučené hrany – ověřit ručně;;;
22015780;attr_changed;classification;highway;secondary;tertiary;Ke Krči;tertiary;180.6;low;hodnota odvozena ze sloučené hrany – ověřit ručně;;;
22077539;attr_changed;classification;highway;primary_link;secondary_link;Strossmayerovo náměstí;secondary_link;22.9;high;;;;
22078258;attr_changed;classification;highway;primary_link;secondary_link;;secondary_link;154.1;low;hodnota odvozena ze sloučené hrany – ověřit ručně;;;
22105088;attr_changed;classification;highway;primary_link;trunk_link;Dostihová;trunk_link;180.6;low;hodnota odvozena ze sloučené hrany – ověřit ručně;;;
22663461;attr_changed;classification;highway;primary;secondary;Rohanské nábřeží;secondary;264.1;low;hodnota odvozena ze sloučené hrany – ověřit ručně;;;
22663465;attr_changed;classification;highway;primary;secondary;Rohanské nábřeží;secondary;250.3;low;hodnota odvozena ze sloučené hrany – ověřit ručně;;;
22737072;attr_changed;classification;highway;secondary;tertiary;Vinohradská;tertiary;101.6;low;hodnota odvozena ze sloučené hrany – ověřit ručně;;;
22743726;attr_changed;classification;highway;secondary;tertiary;Vinohradská;tertiary;140.4;low;hodnota odvozena ze sloučené hrany – ověřit ručně;;;
22756841;attr_changed;classification;highway;primary_link;secondary_link;;secondary_link;272.1;low;hodnota odvozena ze sloučené hrany – ověřit ručně;;;
22756842;attr_changed;classification;highway;primary_link;secondary_link;;secondary_link;193.4;low;hodnota odvozena ze sloučené hrany – ověřit ručně;;;
22756864;attr_changed;classification;highway;primary_link;secondary_link;;secondary_link;38.9;high;;;;
22756865;attr_changed;classification;highway;primary_link;secondary_link;;secondary_link;54.8;high;;;;
22756988;attr_changed;classification;highway;tertiary;residential;Matoušova;residential;187.4;low;hodnota odvozena ze sloučené hrany – ověřit ručně;;;
22756989;attr_changed;classification;highway;secondary;tertiary;Dienzenhoferovy sady;tertiary;99.8;low;hodnota odvozena ze sloučené hrany – ověřit ručně;;;
22757203;attr_changed;classification;highway;primary;secondary;Bubenská;secondary;129.5;low;hodnota odvozena ze sloučené hrany – ověřit ručně;;;
22757314;attr_changed;classification;highway;primary;secondary;Partyzánská;secondary;61.8;low;hodnota odvozena ze sloučené hrany – ověřit ručně;;;
22821211;attr_changed;classification;highway;secondary;tertiary;K Horkám|K Horkám;tertiary;171.0;low;hodnota odvozena ze sloučené hrany – ověřit ručně;;;
22821212;attr_changed;classification;highway;secondary;tertiary;K Horkám|K Horkám;tertiary;171.0;low;hodnota odvozena ze sloučené hrany – ověřit ručně;;;
22821216;attr_changed;classification;highway;secondary_link;tertiary_link;;tertiary_link;126.5;high;;;;
22821217;attr_changed;classification;highway;secondary_link;tertiary_link;;tertiary_link;76.6;high;;;;
22869493;attr_changed;classification;highway;secondary;tertiary;Zálesí;tertiary;188.7;low;hodnota odvozena ze sloučené hrany – ověřit ručně;;;
22869494;attr_changed;classification;highway;secondary;tertiary;;tertiary;11.7;high;;;;
22870233;attr_changed;classification;highway;primary_link;trunk_link;;trunk_link;101.1;low;hodnota odvozena ze sloučené hrany – ověřit ručně;;;
22870261;attr_changed;classification;highway;secondary_link;trunk;;trunk;137.2;high;;;;
22897456;attr_changed;classification;highway;primary;primary_link;Čuprova;primary_link;181.7;low;hodnota odvozena ze sloučené hrany – ověřit ručně;;;
22897511;attr_changed;classification;highway;primary;primary_link;Sokolovská;primary_link;15.7;high;;;;
22897512;attr_changed;classification;highway;primary;primary_link;Sokolovská;primary_link;20.5;high;;;;
22897677;attr_changed;classification;highway;tertiary;tertiary_link;;tertiary_link;21.5;high;;;;
22897803;attr_changed;classification;highway;secondary;tertiary;nábřeží Edvarda Beneše|Štefánikův most;tertiary;310.3;low;hodnota odvozena ze sloučené hrany – ověřit ručně;;;
23018440;attr_changed;classification;highway;residential;primary_link;Na Žertvách;primary_link;80.5;high;;;;
23040992;attr_changed;classification;highway;trunk;trunk|trunk_link;Jižní spojka;trunk|trunk_link;2829.7;low;hodnota odvozena ze sloučené hrany – ověřit ručně;;;
23093585;attr_changed;classification;highway;secondary;residential;Nábřežní;residential;447.3;low;hodnota odvozena ze sloučené hrany – ověřit ručně;;;
23093595;attr_changed;classification;highway;secondary;residential;Nábřežní;residential;447.3;low;hodnota odvozena ze sloučené hrany – ověřit ručně;;;
23093596;attr_changed;classification;highway;secondary;residential;Nábřežní;residential;447.3;low;hodnota odvozena ze sloučené hrany – ověřit ručně;;;
23093600;attr_changed;classification;highway;primary;secondary;Jiráskovo náměstí;secondary;45.2;low;hodnota odvozena ze sloučené hrany – ověřit ručně;;;
23132675;attr_changed;classification;highway;secondary;tertiary;Ryšavého;tertiary;219.5;low;hodnota odvozena ze sloučené hrany – ověřit ručně;;;
23231171;attr_changed;classification;highway;residential;living_street|residential;Rychtáře Šimona;living_street|residential;171.1;low;hodnota odvozena ze sloučené hrany – ověřit ručně;;;
23231211;attr_changed;classification;highway;residential;living_street|residential;Koláře Kaliny;living_street|residential;98.7;low;hodnota odvozena ze sloučené hrany – ověřit ručně;;;
23231222;attr_changed;classification;highway;residential;living_street|residential;Chmelířova|U Strouhy;living_street|residential;271.8;low;hodnota odvozena ze sloučené hrany – ověřit ručně;;;
23231239;attr_changed;classification;highway;residential;living_street|residential;U Fořta;living_street|residential;147.9;low;hodnota odvozena ze sloučené hrany – ověřit ručně;;;
23231241;attr_changed;classification;highway;residential;living_street|residential;Polabská;living_street|residential;103.9;low;hodnota odvozena ze sloučené hrany – ověřit ručně;;;
23749299;attr_changed;classification;highway;secondary;tertiary;Mírového hnutí;tertiary;387.4;low;hodnota odvozena ze sloučené hrany – ověřit ručně;;;
23926536;attr_changed;classification;highway;tertiary;residential;Pikovická;residential;319.2;low;hodnota odvozena ze sloučené hrany – ověřit ručně;;;
23958478;attr_changed;classification;highway;primary;secondary;5. května;secondary;710.9;low;hodnota odvozena ze sloučené hrany – ověřit ručně;;;
23958498;attr_changed;classification;highway;primary;secondary;5. května;secondary;710.9;low;hodnota odvozena ze sloučené hrany – ověřit ručně;;;
23958550;attr_changed;classification;highway;primary;secondary;5. května;secondary;552.5;low;hodnota odvozena ze sloučené hrany – ověřit ručně;;;
23958553;attr_changed;classification;highway;primary;secondary;5. května;secondary;104.3;high;;;;
24600363;attr_changed;classification;highway;tertiary;secondary;Rabakovská;secondary;118.2;low;hodnota odvozena ze sloučené hrany – ověřit ručně;;;
24721017;attr_changed;classification;highway;secondary;tertiary;Vídeňská;tertiary;30.9;high;;;;
24821335;attr_changed;classification;highway;secondary;tertiary;Olbrachtova;tertiary;17.8;high;;;;
25317410;attr_changed;classification;highway;primary_link;trunk_link;Zbraslavská;trunk_link;27.7;high;;;;
25320858;attr_changed;classification;highway;secondary;tertiary;Podolské nábřeží|Rašínovo nábřeží|Vyšehradský tunel;tertiary;70.4;low;hodnota odvozena ze sloučené hrany – ověřit ručně;;;
25464595;attr_changed;classification;highway;residential;living_street;Granátová;living_street;477.3;low;hodnota odvozena ze sloučené hrany – ověřit ručně;;;
25464776;attr_changed;classification;highway;primary_link;trunk_link;;trunk_link;47.0;high;;;;
25464777;attr_changed;classification;highway;primary_link;trunk_link;;trunk_link;50.4;high;;;;
25464784;attr_changed;classification;highway;residential;residential|trunk_link;K Zahradám;residential|trunk_link;99.8;low;hodnota odvozena ze sloučené hrany – ověřit ručně;;;
25842887;attr_changed;classification;highway;primary_link;secondary_link;;secondary_link;40.6;low;hodnota odvozena ze sloučené hrany – ověřit ručně;;;
25902553;attr_changed;classification;highway;tertiary;residential;Těšnov;residential;153.3;low;hodnota odvozena ze sloučené hrany – ověřit ručně;;;
25921335;attr_changed;classification;highway;tertiary;residential;Těšnov;residential;153.3;low;hodnota odvozena ze sloučené hrany – ověřit ručně;;;
25921400;attr_changed;classification;highway;primary;secondary;Těšnovský tunel;secondary;397.8;low;hodnota odvozena ze sloučené hrany – ověřit ručně;;;
25921455;attr_changed;classification;highway;primary;secondary;Wilsonova;secondary;359.7;low;hodnota odvozena ze sloučené hrany – ověřit ručně;;;
25921456;attr_changed;classification;highway;primary;secondary;Wilsonova;secondary;369.9;low;hodnota odvozena ze sloučené hrany – ověřit ručně;;;
25921457;attr_changed;classification;highway;primary_link;secondary_link;;secondary_link;41.6;low;hodnota odvozena ze sloučené hrany – ověřit ručně;;;
25921458;attr_changed;classification;highway;primary_link;secondary_link;;secondary_link;222.1;low;hodnota odvozena ze sloučené hrany – ověřit ručně;;;
25923969;attr_changed;classification;highway;tertiary;tertiary_link;;tertiary_link;35.1;high;;;;
25923970;attr_changed;classification;highway;tertiary;tertiary_link;;tertiary_link;33.9;high;;;;
26226907;attr_changed;classification;highway;primary;trunk_link;;trunk_link;575.2;low;hodnota odvozena ze sloučené hrany – ověřit ručně;;;
26226908;attr_changed;classification;highway;primary;secondary|trunk_link;K Barrandovu;secondary|trunk_link;676.9;low;hodnota odvozena ze sloučené hrany – ověřit ručně;;;
26226909;attr_changed;classification;highway;primary;secondary|trunk_link;K Barrandovu;secondary|trunk_link;676.9;low;hodnota odvozena ze sloučené hrany – ověřit ručně;;;
26249761;attr_changed;classification;highway;trunk;trunk|trunk_link;Jižní spojka;trunk|trunk_link;2829.7;low;hodnota odvozena ze sloučené hrany – ověřit ručně;;;
26249763;attr_changed;classification;highway;trunk;trunk|trunk_link;Jižní spojka;trunk|trunk_link;2829.7;low;hodnota odvozena ze sloučené hrany – ověřit ručně;;;
26249872;attr_changed;classification;highway;primary;primary|trunk;Průmyslová;primary|trunk;371.7;low;hodnota odvozena ze sloučené hrany – ověřit ručně;;;
26249873;attr_changed;classification;highway;primary;primary|trunk;Průmyslová;primary|trunk;843.1;low;hodnota odvozena ze sloučené hrany – ověřit ručně;;;
26249875;attr_changed;classification;highway;primary;primary|trunk;Průmyslová;primary|trunk;843.1;low;hodnota odvozena ze sloučené hrany – ověřit ručně;;;
26436798;attr_changed;classification;highway;primary;secondary;Milady Horákové;secondary;323.0;low;hodnota odvozena ze sloučené hrany – ověřit ručně;;;
26543357;attr_changed;classification;highway;tertiary;residential;Opletalova;residential;116.4;high;;;;
26543722;attr_changed;classification;highway;tertiary;residential;Stárkova;residential;80.3;high;;;;
26664172;attr_changed;classification;highway;primary;secondary;Rohanské nábřeží;secondary;250.8;high;;;;
26675943;attr_changed;classification;highway;secondary_link;trunk_link;;trunk_link;75.1;high;;;;
26675986;attr_changed;classification;highway;primary_link;trunk_link;;trunk_link;59.6;high;;;;
26788186;attr_changed;classification;highway;secondary;secondary|tertiary;Otakarova|Vršovická;secondary|tertiary;319.7;low;hodnota odvozena ze sloučené hrany – ověřit ručně;;;
26965561;attr_changed;classification;highway;primary_link;secondary_link;;secondary_link;214.5;low;hodnota odvozena ze sloučené hrany – ověřit ručně;;;
27043818;attr_changed;classification;highway;tertiary;residential;K Letišti;residential;125.7;low;hodnota odvozena ze sloučené hrany – ověřit ručně;;;
27043820;attr_changed;classification;highway;tertiary;residential;K Letišti;residential;81.4;high;;;;
27043821;attr_changed;classification;highway;secondary_link;secondary_link|trunk_link;;secondary_link|trunk_link;201.1;low;hodnota odvozena ze sloučené hrany – ověřit ručně;;;
27043919;attr_changed;classification;highway;residential;trunk_link;;trunk_link;115.2;low;hodnota odvozena ze sloučené hrany – ověřit ručně;;;
27073444;attr_changed;classification;highway;primary;trunk;Průmyslová;trunk;1247.5;low;hodnota odvozena ze sloučené hrany – ověřit ručně;;;
27074858;attr_changed;classification;highway;secondary;primary;Černokostelecká;primary;791.6;low;hodnota odvozena ze sloučené hrany – ověřit ručně;;;
27122516;attr_changed;classification;highway;secondary;residential;Újezd;residential;18.0;high;;;;
27122522;attr_changed;classification;highway;secondary;residential;Zborovská;residential;80.4;high;;;;
27122524;attr_changed;classification;highway;primary;secondary;Jiráskův most;secondary;329.1;low;hodnota odvozena ze sloučené hrany – ověřit ručně;;;
27122525;attr_changed;classification;highway;primary;secondary;Hořejší nábřeží;secondary;77.1;low;hodnota odvozena ze sloučené hrany – ověřit ručně;;;
27131025;attr_changed;classification;highway;primary;secondary;Vrbenského;secondary;100.1;low;hodnota odvozena ze sloučené hrany – ověřit ručně;;;
27204579;attr_changed;classification;highway;secondary;residential;Betlémská|Divadelní;residential;98.1;low;hodnota odvozena ze sloučené hrany – ověřit ručně;;;
27248715;attr_changed;classification;highway;secondary;residential;most Legií;residential;362.9;low;hodnota odvozena ze sloučené hrany – ověřit ručně;;;
27248716;attr_changed;classification;highway;primary;secondary;Jiráskův most;secondary;57.0;low;hodnota odvozena ze sloučené hrany – ověřit ručně;;;
27340423;attr_changed;classification;highway;primary;secondary;Bubenská;secondary;121.6;low;hodnota odvozena ze sloučené hrany – ověřit ručně;;;
27340424;attr_changed;classification;highway;primary;secondary;Bubenská;secondary;80.1;low;hodnota odvozena ze sloučené hrany – ověřit ručně;;;
27375394;attr_changed;classification;highway;primary;secondary;Mezibranská;secondary;169.7;low;hodnota odvozena ze sloučené hrany – ověřit ručně;;;
27462062;attr_changed;classification;highway;trunk;trunk_link;;trunk_link;292.9;low;hodnota odvozena ze sloučené hrany – ověřit ručně;;;
27462071;attr_changed;classification;highway;trunk;trunk_link;;trunk_link;292.9;low;hodnota odvozena ze sloučené hrany – ověřit ručně;;;
27462117;attr_changed;classification;highway;secondary_link;trunk_link;;trunk_link;151.0;low;hodnota odvozena ze sloučené hrany – ověřit ručně;;;
27462118;attr_changed;classification;highway;secondary_link;trunk_link;;trunk_link;151.0;low;hodnota odvozena ze sloučené hrany – ověřit ručně;;;
27462147;attr_changed;classification;highway;secondary_link;secondary_link|trunk_link;;secondary_link|trunk_link;196.2;low;hodnota odvozena ze sloučené hrany – ověřit ručně;;;
27609112;attr_changed;classification;highway;trunk;secondary|trunk;Spořilovská;secondary|trunk;1261.3;low;hodnota odvozena ze sloučené hrany – ověřit ručně;;;
27620514;attr_changed;classification;highway;trunk;trunk_link;;trunk_link;292.9;low;hodnota odvozena ze sloučené hrany – ověřit ručně;;;
27622542;attr_changed;classification;highway;trunk;trunk|trunk_link;Jižní spojka;trunk|trunk_link;2829.7;low;hodnota odvozena ze sloučené hrany – ověřit ručně;;;
27629359;attr_changed;classification;highway;secondary;residential|tertiary;Letenská;residential|tertiary;406.7;low;hodnota odvozena ze sloučené hrany – ověřit ručně;;;
27629360;attr_changed;classification;highway;secondary;residential|tertiary;Letenská;residential|tertiary;406.7;low;hodnota odvozena ze sloučené hrany – ověřit ručně;;;
27637382;attr_changed;classification;highway;motorway_link|secondary;motorway_link|trunk_link;;motorway_link|trunk_link;416.6;low;hodnota odvozena ze sloučené hrany – ověřit ručně;;;
27669364;attr_changed;classification;highway;primary;secondary;Milady Horákové;secondary;53.3;high;;;;
27792986;attr_changed;classification;highway;secondary;trunk_link;;trunk_link;282.6;low;hodnota odvozena ze sloučené hrany – ověřit ručně;;;
27792989;attr_changed;classification;highway;secondary;trunk_link;;trunk_link;282.6;low;hodnota odvozena ze sloučené hrany – ověřit ručně;;;
27852193;attr_changed;classification;highway;secondary;residential;Smetanovo nábřeží;residential;47.3;low;hodnota odvozena ze sloučené hrany – ověřit ručně;;;
28159873;attr_changed;classification;highway;primary_link;secondary_link;;secondary_link;214.5;low;hodnota odvozena ze sloučené hrany – ověřit ručně;;;
28159874;attr_changed;classification;highway;primary_link;secondary_link;;secondary_link;186.3;high;;;;
28159876;attr_changed;classification;highway;primary_link;secondary_link;;secondary_link;40.1;low;hodnota odvozena ze sloučené hrany – ověřit ručně;;;
28159889;attr_changed;classification;highway;primary_link;secondary_link;;secondary_link;215.5;low;hodnota odvozena ze sloučené hrany – ověřit ručně;;;
28311614;attr_changed;classification;highway;tertiary;residential;Lidická|Palackého most;residential;259.7;low;hodnota odvozena ze sloučené hrany – ověřit ručně;;;
28521716;attr_changed;classification;highway;secondary;residential|tertiary;Letenská;residential|tertiary;406.7;low;hodnota odvozena ze sloučené hrany – ověřit ručně;;;
28806985;attr_changed;classification;highway;tertiary;secondary;Pod Táborem;secondary;608.5;low;hodnota odvozena ze sloučené hrany – ověřit ručně;;;
28807770;attr_changed;classification;highway;tertiary;tertiary_link;;tertiary_link;14.5;high;;;;
28917090;attr_changed;classification;highway;tertiary;residential;Štefánikova;residential;66.1;high;;;;
29117099;attr_changed;classification;highway;secondary_link;tertiary_link;Vinohradská;tertiary_link;39.2;low;hodnota odvozena ze sloučené hrany – ověřit ručně;;;
29363004;attr_changed;classification;highway;primary_link;trunk_link;;trunk_link;266.2;low;hodnota odvozena ze sloučené hrany – ověřit ručně;;;
29363005;attr_changed;classification;highway;primary_link;trunk_link;;trunk_link;34.8;high;;;;
29363044;attr_changed;classification;highway;primary_link;trunk_link;;trunk_link;62.6;high;;;;
30096530;attr_changed;classification;highway;primary;secondary;Patočkova;secondary;200.6;low;hodnota odvozena ze sloučené hrany – ověřit ručně;;;
30096686;attr_changed;classification;highway;secondary;residential;Újezd;residential;88.2;high;;;;
30096772;attr_changed;classification;highway;tertiary;residential;Arbesovo náměstí;residential;34.8;high;;;;
30168600;attr_changed;classification;highway;primary;secondary;Partyzánská;secondary;42.1;high;;;;
30169243;attr_changed;classification;highway;secondary;residential;Masarykovo nábřeží;residential;141.5;high;;;;
30324001;attr_changed;classification;highway;tertiary;residential;Na Poříčí;residential;105.0;low;hodnota odvozena ze sloučené hrany – ověřit ručně;;;
30334627;attr_changed;classification;highway;trunk;trunk_link;;trunk_link;221.7;low;hodnota odvozena ze sloučené hrany – ověřit ručně;;;
30619203;attr_changed;classification;highway;secondary;residential;Smetanovo nábřeží;residential;47.3;low;hodnota odvozena ze sloučené hrany – ověřit ručně;;;
30624898;attr_changed;classification;highway;primary;secondary;Vltavská;secondary;21.8;low;hodnota odvozena ze sloučené hrany – ověřit ručně;;;
30765663;attr_changed;classification;highway;secondary;residential|tertiary;Letenská;residential|tertiary;452.6;low;hodnota odvozena ze sloučené hrany – ověřit ručně;;;
30808964;attr_changed;classification;highway;primary;secondary;5. května;secondary;612.7;low;hodnota odvozena ze sloučené hrany – ověřit ručně;;;
30808966;attr_changed;classification;highway;primary|trunk;secondary|trunk;5. května;secondary|trunk;513.1;low;hodnota odvozena ze sloučené hrany – ověřit ručně;;;
30808968;attr_changed;classification;highway;primary;secondary;5. května;secondary;612.7;low;hodnota odvozena ze sloučené hrany – ověřit ručně;;;
30918877;attr_changed;classification;highway;residential;living_street;Ke Krčské stráni;living_street;114.3;high;;;;
31031295;attr_changed;classification;highway;secondary;residential;Malostranské náměstí;residential;102.9;high;;;;
31172031;attr_changed;classification;highway;residential|unclassified;unclassified;;unclassified;614.7;low;hodnota odvozena ze sloučené hrany – ověřit ručně;;;
31286580;attr_changed;classification;highway;living_street|residential;living_street;Staňkovská;living_street;125.3;low;hodnota odvozena ze sloučené hrany – ověřit ručně;;;
31776958;attr_changed;classification;highway;primary_link;secondary_link;;secondary_link;61.6;low;hodnota odvozena ze sloučené hrany – ověřit ručně;;;
31928987;attr_changed;classification;highway;tertiary;living_street|tertiary;Hlubočepská;living_street|tertiary;124.0;low;hodnota odvozena ze sloučené hrany – ověřit ručně;;;
31929039;attr_changed;classification;highway;primary;trunk_link;;trunk_link;380.2;low;hodnota odvozena ze sloučené hrany – ověřit ručně;;;
31929040;attr_changed;classification;highway;primary;trunk;Strakonická;trunk;869.6;low;hodnota odvozena ze sloučené hrany – ověřit ručně;;;
31929041;attr_changed;classification;highway;primary;trunk;Strakonická;trunk;869.6;low;hodnota odvozena ze sloučené hrany – ověřit ručně;;;
32085755;attr_changed;classification;highway;living_street;living_street|residential;Nad Hradním vodojemem;living_street|residential;99.5;low;hodnota odvozena ze sloučené hrany – ověřit ručně;;;
32343105;attr_changed;classification;highway;trunk;trunk|trunk_link;Jižní spojka;trunk|trunk_link;2829.7;low;hodnota odvozena ze sloučené hrany – ověřit ručně;;;
32343107;attr_changed;classification;highway;trunk;trunk|trunk_link;Jižní spojka;trunk|trunk_link;2829.7;low;hodnota odvozena ze sloučené hrany – ověřit ručně;;;
32405640;attr_changed;classification;highway;secondary;tertiary;Generála Šišky;tertiary;346.0;high;;;;
32405641;attr_changed;classification;highway;secondary;tertiary;Meteorologická;tertiary;475.5;high;;;;
32843784;attr_changed;classification;highway;primary;secondary;Milady Horákové;secondary;197.4;low;hodnota odvozena ze sloučené hrany – ověřit ručně;;;
32955232;attr_changed;classification;highway;residential;residential|unclassified;K Nové Vsi|Prokopské údolí;residential|unclassified;1122.9;low;hodnota odvozena ze sloučené hrany – ověřit ručně;;;
33181043;attr_changed;classification;highway;residential;residential|unclassified;K Nové Vsi|Prokopské údolí;residential|unclassified;1122.9;low;hodnota odvozena ze sloučené hrany – ověřit ručně;;;
33181048;attr_changed;classification;highway;residential;residential|unclassified;K Nové Vsi|Prokopské údolí;residential|unclassified;1122.9;low;hodnota odvozena ze sloučené hrany – ověřit ručně;;;
33235606;attr_changed;classification;highway;trunk;trunk|trunk_link;Jižní spojka;trunk|trunk_link;2829.7;low;hodnota odvozena ze sloučené hrany – ověřit ručně;;;
33235611;attr_changed;classification;highway;trunk;trunk|trunk_link;Jižní spojka;trunk|trunk_link;2829.7;low;hodnota odvozena ze sloučené hrany – ověřit ručně;;;
33262490;attr_changed;classification;highway;primary;trunk;Průmyslová;trunk;252.1;low;hodnota odvozena ze sloučené hrany – ověřit ručně;;;
33262495;attr_changed;classification;highway;primary;trunk;Průmyslová;trunk;100.2;high;;;;
33272579;attr_changed;classification;highway;tertiary_link;secondary_link;Přetlucká;secondary_link;52.4;high;;;;
33281723;attr_changed;classification;highway;secondary;tertiary;Na Slupi;tertiary;121.8;low;hodnota odvozena ze sloučené hrany – ověřit ručně;;;
33281724;attr_changed;classification;highway;secondary;tertiary;Na Slupi;tertiary;60.7;high;;;;
33755805;attr_changed;classification;highway;secondary;tertiary;K Horkám;tertiary;283.2;low;hodnota odvozena ze sloučené hrany – ověřit ručně;;;
33757188;attr_changed;classification;highway;primary;secondary;Argentinská|most Barikádníků;secondary;414.1;low;hodnota odvozena ze sloučené hrany – ověřit ručně;;;
33757189;attr_changed;classification;highway;primary;secondary;most Barikádníků;secondary;152.5;low;hodnota odvozena ze sloučené hrany – ověřit ručně;;;
33757823;attr_changed;classification;highway;secondary;tertiary;Dvořákovo nábřeží|nábřeží Ludvíka Svobody;tertiary;231.0;low;hodnota odvozena ze sloučené hrany – ověřit ručně;;;
34148247;attr_changed;classification;highway;secondary;primary;Davídkova;primary;191.2;low;hodnota odvozena ze sloučené hrany – ověřit ručně;;;
34172839;attr_changed;classification;highway;secondary;tertiary_link;;tertiary_link;67.2;high;;;;
34185880;attr_changed;classification;highway;primary;residential;Klimentská;residential;76.8;high;;;;
34185881;attr_changed;classification;highway;primary_link;secondary_link;;secondary_link;86.1;low;hodnota odvozena ze sloučené hrany – ověřit ručně;;;
34185882;attr_changed;classification;highway;primary_link;secondary_link;;secondary_link;103.8;low;hodnota odvozena ze sloučené hrany – ověřit ručně;;;
34185883;attr_changed;classification;highway;primary_link;secondary_link;;secondary_link;103.8;low;hodnota odvozena ze sloučené hrany – ověřit ručně;;;
34185884;attr_changed;classification;highway;primary_link;secondary_link;;secondary_link;86.1;low;hodnota odvozena ze sloučené hrany – ověřit ručně;;;
34185885;attr_changed;classification;highway;primary_link;secondary_link;;secondary_link;49.5;high;;;;
36283033;attr_changed;classification;highway;unclassified;residential;Měděnecká;residential;49.4;high;;;;
36283034;attr_changed;classification;highway;unclassified;residential;Tušimická;residential;193.3;high;;;;
36283041;attr_changed;classification;highway;residential|unclassified;residential;Pihelská;residential;186.4;low;hodnota odvozena ze sloučené hrany – ověřit ručně;;;
37576619;attr_changed;classification;highway;secondary;trunk;Aviatická;trunk;71.7;high;;;;
37576621;attr_changed;classification;highway;secondary;trunk;Aviatická;trunk;157.2;high;;;;
38089602;attr_changed;classification;highway;secondary;tertiary;Vrbova;tertiary;526.5;low;hodnota odvozena ze sloučené hrany – ověřit ručně;;;
39364092;attr_changed;classification;highway;secondary;tertiary;Libušská;tertiary;295.9;high;;;;
39507070;attr_changed;classification;highway;residential;primary_link;Na Žertvách;primary_link;89.2;high;;;;
39534340;attr_changed;classification;highway;tertiary;residential;Štefánikova;residential;44.6;low;hodnota odvozena ze sloučené hrany – ověřit ručně;;;
39562377;attr_changed;classification;highway;secondary;tertiary;Lannova;tertiary;29.2;low;hodnota odvozena ze sloučené hrany – ověřit ručně;;;
39612782;attr_changed;classification;highway;primary_link;secondary_link;Kongresová;secondary_link;97.6;low;hodnota odvozena ze sloučené hrany – ověřit ručně;;;
39969148;attr_changed;classification;highway;residential|secondary;residential|tertiary;Matěchova|Na Strži|Radova;residential|tertiary;58.0;low;hodnota odvozena ze sloučené hrany – ověřit ručně;;;
40316234;attr_changed;classification;highway;secondary;residential;Vítězná;residential;59.2;high;;;;
40316235;attr_changed;classification;highway;secondary;residential;Vítězná;residential;69.8;high;;;;
40706224;attr_changed;classification;highway;primary_link;secondary_link;;secondary_link;346.7;low;hodnota odvozena ze sloučené hrany – ověřit ručně;;;
40706225;attr_changed;classification;highway;primary_link;secondary_link;;secondary_link;154.1;low;hodnota odvozena ze sloučené hrany – ověřit ručně;;;
40708038;attr_changed;classification;highway;tertiary;trunk_link;;trunk_link;332.0;low;hodnota odvozena ze sloučené hrany – ověřit ručně;;;
40708968;attr_changed;classification;highway;primary_link;trunk_link;;trunk_link;101.7;low;hodnota odvozena ze sloučené hrany – ověřit ručně;;;
41361766;attr_changed;classification;highway;primary;secondary;Veletržní;secondary;63.9;low;hodnota odvozena ze sloučené hrany – ověřit ručně;;;
41361767;attr_changed;classification;highway;primary;secondary;Veletržní;secondary;69.1;low;hodnota odvozena ze sloučené hrany – ověřit ručně;;;
41919457;attr_changed;classification;highway;residential;residential|unclassified;K Nové Vsi|Prokopské údolí;residential|unclassified;1797.9;low;hodnota odvozena ze sloučené hrany – ověřit ručně;;;
42083118;attr_changed;classification;highway;secondary;trunk;Aviatická;trunk;136.5;low;hodnota odvozena ze sloučené hrany – ověřit ručně;;;
42083121;attr_changed;classification;highway;secondary;trunk;Aviatická;trunk;138.2;low;hodnota odvozena ze sloučené hrany – ověřit ručně;;;
42083123;attr_changed;classification;highway;secondary;trunk;Aviatická;trunk;138.2;low;hodnota odvozena ze sloučené hrany – ověřit ručně;;;
42083124;attr_changed;classification;highway;secondary;trunk;Aviatická;trunk;136.5;low;hodnota odvozena ze sloučené hrany – ověřit ručně;;;
42474390;attr_changed;classification;highway;primary;secondary_link;Bondyho;secondary_link;107.3;high;;;;
42474391;attr_changed;classification;highway;primary;secondary_link;Bondyho;secondary_link;80.2;high;;;;
42612415;attr_changed;classification;highway;trunk;secondary|trunk;5. května;secondary|trunk;284.3;low;hodnota odvozena ze sloučené hrany – ověřit ručně;;;
42934594;attr_changed;classification;highway;secondary;tertiary;Zálesí;tertiary;49.2;high;;;;
43033335;attr_changed;classification;highway;secondary;tertiary;Modřanská;tertiary;470.6;low;hodnota odvozena ze sloučené hrany – ověřit ručně;;;
43033336;attr_changed;classification;highway;secondary;tertiary;Modřanská;tertiary;515.6;low;hodnota odvozena ze sloučené hrany – ověřit ručně;;;
43034851;attr_changed;classification;highway;residential;living_street;Ke Kálku;living_street;148.2;high;;;;
43034853;attr_changed;classification;highway;residential;living_street;Vojslavická;living_street;167.5;high;;;;
43034854;attr_changed;classification;highway;residential;living_street;Vojslavická;living_street;70.1;high;;;;
43250309;attr_changed;classification;highway;secondary;secondary_link;;secondary_link;71.0;high;;;;
43843341;attr_changed;classification;highway;secondary;tertiary;Novodvorská;tertiary;703.2;low;hodnota odvozena ze sloučené hrany – ověřit ručně;;;
44099204;attr_changed;classification;highway;tertiary;residential;K Letišti;residential;28.8;high;;;;
44099209;attr_changed;classification;highway;secondary;trunk;Aviatická;trunk;168.6;low;hodnota odvozena ze sloučené hrany – ověřit ručně;;;
44585813;attr_changed;classification;highway;tertiary;residential|tertiary;Opletalova;residential|tertiary;123.2;low;hodnota odvozena ze sloučené hrany – ověřit ručně;;;
48051459;attr_changed;classification;highway;tertiary;residential;K Letišti;residential;57.4;high;;;;
48051460;attr_changed;classification;highway;secondary_link;trunk_link;;trunk_link;57.2;high;;;;
48145105;attr_changed;classification;highway;secondary;tertiary;Generála Šišky;tertiary;12.0;high;;;;
48145106;attr_changed;classification;highway;secondary;tertiary;Generála Šišky;tertiary;189.9;high;;;;
48164346;attr_changed;classification;highway;secondary;tertiary;K Horkám;tertiary;124.3;low;hodnota odvozena ze sloučené hrany – ověřit ručně;;;
48164347;attr_changed;classification;highway;secondary;tertiary;K Horkám|K Horkám;tertiary;171.0;low;hodnota odvozena ze sloučené hrany – ověřit ručně;;;
48966519;attr_changed;classification;highway;secondary;trunk;Aviatická;trunk;81.7;high;;;;
49824956;attr_changed;classification;highway;secondary_link;trunk_link;;trunk_link;214.3;low;hodnota odvozena ze sloučené hrany – ověřit ručně;;;
50329530;attr_changed;classification;highway;residential;living_street;Košátecká;living_street;178.2;high;;;;
51371473;attr_changed;classification;highway;secondary;tertiary;Vídeňská;tertiary;160.1;low;hodnota odvozena ze sloučené hrany – ověřit ručně;;;
51371477;attr_changed;classification;highway;secondary;tertiary;Olbrachtova;tertiary;179.3;low;hodnota odvozena ze sloučené hrany – ověřit ručně;;;
51372604;attr_changed;classification;highway;primary;secondary;U Rustonky;secondary;129.4;low;hodnota odvozena ze sloučené hrany – ověřit ručně;;;
51372607;attr_changed;classification;highway;primary;secondary;U Rustonky;secondary;80.5;high;;;;
52057242;attr_changed;classification;highway;primary;secondary;Patočkova;secondary;75.1;high;;;;
52722866;attr_changed;classification;highway;tertiary;secondary_link;U Divadla;secondary_link;94.7;low;hodnota odvozena ze sloučené hrany – ověřit ručně;;;
52731105;attr_changed;classification;highway;primary;secondary;Milady Horákové;secondary;406.9;low;hodnota odvozena ze sloučené hrany – ověřit ručně;;;
52731106;attr_changed;classification;highway;primary;secondary;Milady Horákové;secondary;11.2;high;;;;
53537133;attr_changed;classification;highway;residential;secondary;Myslbekova;secondary;24.8;high;;;;
55445690;attr_changed;classification;highway;secondary;tertiary;Vrbova;tertiary;67.3;high;;;;
55445691;attr_changed;classification;highway;secondary;tertiary;Vrbova;tertiary;994.5;low;hodnota odvozena ze sloučené hrany – ověřit ručně;;;
55445761;attr_changed;classification;highway;secondary_link;tertiary_link;;tertiary_link;34.6;high;;;;
56183634;attr_changed;classification;highway;secondary;residential;Karmelitská;residential;196.2;high;;;;
57716822;attr_changed;classification;highway;secondary;tertiary;Hostivařské náměstí|Pražská;tertiary;65.6;low;hodnota odvozena ze sloučené hrany – ověřit ručně;;;
59450695;attr_changed;classification;highway;primary;secondary;K Barrandovu;secondary;25.1;high;;;;
59450697;attr_changed;classification;highway;primary;secondary;K Barrandovu;secondary;852.2;low;hodnota odvozena ze sloučené hrany – ověřit ručně;;;
59450699;attr_changed;classification;highway;primary;secondary;K Barrandovu;secondary;764.5;low;hodnota odvozena ze sloučené hrany – ověřit ručně;;;
59450704;attr_changed;classification;highway;primary;secondary;K Barrandovu;secondary;852.2;low;hodnota odvozena ze sloučené hrany – ověřit ručně;;;
60581981;attr_changed;classification;highway;primary_link;secondary_link;;secondary_link;89.1;high;;;;
60808015;attr_changed;classification;highway;primary;secondary;Patočkova;secondary;286.6;low;hodnota odvozena ze sloučené hrany – ověřit ručně;;;
61226798;attr_changed;classification;highway;residential;living_street;U Sportoviště;living_street;64.0;high;;;;
61235979;attr_changed;classification;highway;tertiary;residential;Na Poříčí;residential;105.0;low;hodnota odvozena ze sloučené hrany – ověřit ručně;;;
62182539;attr_changed;classification;highway;secondary;tertiary;Hostivařské náměstí|K Horkám|K Horkám;tertiary;170.6;low;hodnota odvozena ze sloučené hrany – ověřit ručně;;;
62182540;attr_changed;classification;highway;secondary;tertiary;Hostivařské náměstí|K Horkám|K Horkám;tertiary;170.6;low;hodnota odvozena ze sloučené hrany – ověřit ručně;;;
66473477;attr_changed;classification;highway;secondary;tertiary;Michelská;tertiary;657.2;low;hodnota odvozena ze sloučené hrany – ověřit ručně;;;
66473486;attr_changed;classification;highway;secondary;tertiary;Vídeňská;tertiary;518.2;low;hodnota odvozena ze sloučené hrany – ověřit ručně;;;
66473488;attr_changed;classification;highway;secondary;tertiary;Novodvorská;tertiary;456.1;low;hodnota odvozena ze sloučené hrany – ověřit ručně;;;
68172942;attr_changed;classification;highway;primary;secondary;Legerova;secondary;142.3;low;hodnota odvozena ze sloučené hrany – ověřit ručně;;;
72899031;attr_changed;classification;highway;secondary;secondary|tertiary;Mírového hnutí;secondary|tertiary;237.9;low;hodnota odvozena ze sloučené hrany – ověřit ručně;;;
72899036;attr_changed;classification;highway;secondary;secondary|tertiary;Mírového hnutí;secondary|tertiary;237.9;low;hodnota odvozena ze sloučené hrany – ověřit ručně;;;
73227602;attr_changed;classification;highway;secondary;tertiary;Vídeňská;tertiary;74.1;high;;;;
73227605;attr_changed;classification;highway;secondary;tertiary;Branická;tertiary;38.2;high;;;;
73227606;attr_changed;classification;highway;secondary;tertiary_link;;tertiary_link;50.1;high;;;;
73227608;attr_changed;classification;highway;secondary;tertiary;Novodvorská;tertiary;10.0;high;;;;
73227620;attr_changed;classification;highway;secondary;tertiary;Modřanská;tertiary;470.6;low;hodnota odvozena ze sloučené hrany – ověřit ručně;;;
73227621;attr_changed;classification;highway;secondary;tertiary;Modřanská;tertiary;80.2;high;;;;
73227624;attr_changed;classification;highway;secondary;tertiary;Zálesí;tertiary;48.4;low;hodnota odvozena ze sloučené hrany – ověřit ručně;;;
73227634;attr_changed;classification;highway;secondary;tertiary;Modřanská;tertiary;33.6;high;;;;
73228939;attr_changed;classification;highway;secondary;tertiary;Modřanská;tertiary;515.6;low;hodnota odvozena ze sloučené hrany – ověřit ručně;;;
74585289;attr_changed;classification;highway;primary;secondary;Milady Horákové;secondary;123.8;high;;;;
74666460;attr_changed;classification;highway;primary;secondary;Milady Horákové;secondary;653.3;low;hodnota odvozena ze sloučené hrany – ověřit ručně;;;
77809375;attr_changed;classification;highway;primary;secondary;Milady Horákové;secondary;168.6;low;hodnota odvozena ze sloučené hrany – ověřit ručně;;;
77809376;attr_changed;classification;highway;primary;secondary;Milady Horákové;secondary;10.1;high;;;;
77809540;attr_changed;classification;highway;primary;secondary;Milady Horákové;secondary;197.4;low;hodnota odvozena ze sloučené hrany – ověřit ručně;;;
77811152;attr_changed;classification;highway;primary;secondary;Milady Horákové;secondary;380.3;low;hodnota odvozena ze sloučené hrany – ověřit ručně;;;
77811153;attr_changed;classification;highway;primary;secondary;Milady Horákové;secondary;260.4;low;hodnota odvozena ze sloučené hrany – ověřit ručně;;;
79255074;attr_changed;classification;highway;secondary;tertiary;Michelská;tertiary;239.2;low;hodnota odvozena ze sloučené hrany – ověřit ručně;;;
79255077;attr_changed;classification;highway;secondary;tertiary;Michelská;tertiary;239.2;low;hodnota odvozena ze sloučené hrany – ověřit ručně;;;
79255078;attr_changed;classification;highway;secondary;tertiary;Michelská;tertiary;10.4;high;;;;
79258181;attr_changed;classification;highway;secondary;tertiary;Vídeňská;tertiary;563.2;low;hodnota odvozena ze sloučené hrany – ověřit ručně;;;
79258182;attr_changed;classification;highway;secondary;tertiary;Vídeňská;tertiary;518.2;low;hodnota odvozena ze sloučené hrany – ověřit ručně;;;
79258183;attr_changed;classification;highway;secondary;tertiary;Vídeňská;tertiary;563.2;low;hodnota odvozena ze sloučené hrany – ověřit ručně;;;
79258184;attr_changed;classification;highway;secondary;tertiary;Vídeňská;tertiary;208.6;low;hodnota odvozena ze sloučené hrany – ověřit ručně;;;
79258185;attr_changed;classification;highway;secondary;tertiary;Vídeňská;tertiary;163.8;low;hodnota odvozena ze sloučené hrany – ověřit ručně;;;
79263888;attr_changed;classification;highway;primary;secondary;Argentinská;secondary;182.3;low;hodnota odvozena ze sloučené hrany – ověřit ručně;;;
79265858;attr_changed;classification;highway;secondary;tertiary;Zálesí;tertiary;186.5;high;;;;
79265861;attr_changed;classification;highway;secondary;tertiary;Zálesí;tertiary;169.1;low;hodnota odvozena ze sloučené hrany – ověřit ručně;;;
79274523;attr_changed;classification;highway;secondary;residential;Zborovská;residential;45.1;high;;;;
79274524;attr_changed;classification;highway;secondary;residential;Zborovská;residential;62.2;high;;;;
79570251;attr_changed;classification;highway;secondary;tertiary;Komořanská;tertiary;41.1;high;;;;
79570257;attr_changed;classification;highway;secondary;tertiary;Komořanská;tertiary;1072.8;low;hodnota odvozena ze sloučené hrany – ověřit ručně;;;
79748723;attr_changed;classification;highway;secondary;residential;Zborovská;residential;59.3;high;;;;
81301513;attr_changed;classification;highway;residential|unclassified;residential;Na Hvězdárně;residential;535.9;low;hodnota odvozena ze sloučené hrany – ověřit ručně;;;
81940421;attr_changed;classification;highway;secondary;tertiary;K Horkám;tertiary;158.5;low;hodnota odvozena ze sloučené hrany – ověřit ručně;;;
82827981;attr_changed;classification;highway;trunk;trunk_link;;trunk_link;173.9;high;;;;
83103567;attr_changed;classification;highway;residential;living_street;Za Fořtem;living_street;195.1;high;;;;
83103569;attr_changed;classification;highway;residential;living_street;Na Rovném;living_street;83.3;high;;;;
83145746;attr_changed;classification;highway;secondary;tertiary;Svobodova;tertiary;185.3;low;hodnota odvozena ze sloučené hrany – ověřit ručně;;;
83279105;attr_changed;classification;highway;secondary;tertiary;K Horkám;tertiary;111.7;high;;;;
83279106;attr_changed;classification;highway;secondary_link;tertiary_link;;tertiary_link;71.4;high;;;;
85249759;attr_changed;classification;highway;primary;secondary;U Výstaviště;secondary;110.8;low;hodnota odvozena ze sloučené hrany – ověřit ručně;;;
85251494;attr_changed;classification;highway;primary;secondary;Veletržní;secondary;108.6;low;hodnota odvozena ze sloučené hrany – ověřit ručně;;;
85354317;attr_changed;classification;highway;secondary;primary_link;;primary_link;169.3;low;hodnota odvozena ze sloučené hrany – ověřit ručně;;;
87249763;attr_changed;classification;highway;tertiary;residential|tertiary;Mánesův most;residential|tertiary;67.0;low;hodnota odvozena ze sloučené hrany – ověřit ručně;;;
87509349;attr_changed;classification;highway;tertiary_link;secondary_link;;secondary_link;36.5;low;hodnota odvozena ze sloučené hrany – ověřit ručně;;;
87509353;attr_changed;classification;highway;primary_link;secondary_link;;secondary_link;29.4;high;;;;
87509354;attr_changed;classification;highway;tertiary_link;secondary_link;;secondary_link;20.2;high;;;;
88375321;attr_changed;classification;highway;trunk_link;primary_link;;primary_link;37.6;high;;;;
88375330;attr_changed;classification;highway;secondary_link;trunk_link;;trunk_link;137.5;high;;;;
88375334;attr_changed;classification;highway;primary_link;tertiary;Dostihová;tertiary;16.6;high;;;;
93709831;attr_changed;classification;highway;secondary;tertiary;Dvořákovo nábřeží;tertiary;350.8;low;hodnota odvozena ze sloučené hrany – ověřit ručně;;;
93712180;attr_changed;classification;highway;tertiary;secondary;U Tvrze;secondary;140.5;high;;;;
94838187;attr_changed;classification;highway;primary;secondary;Ostrovského;secondary;157.0;low;hodnota odvozena ze sloučené hrany – ověřit ručně;;;
95594099;attr_changed;classification;highway;primary;secondary;Radlická;secondary;334.3;low;hodnota odvozena ze sloučené hrany – ověřit ručně;;;
95594103;attr_changed;classification;highway;primary;secondary;Radlická;secondary;334.3;low;hodnota odvozena ze sloučené hrany – ověřit ručně;;;
95598747;attr_changed;classification;highway;primary;secondary;Kartouzská;secondary;316.2;low;hodnota odvozena ze sloučené hrany – ověřit ručně;;;
95598765;attr_changed;classification;highway;primary;secondary;Patočkova;secondary;31.5;high;;;;
97540687;attr_changed;classification;highway;primary;secondary;Ostrovského;secondary;157.0;low;hodnota odvozena ze sloučené hrany – ověřit ručně;;;
98965023;attr_changed;classification;highway;primary_link;secondary_link;;secondary_link;59.5;low;hodnota odvozena ze sloučené hrany – ověřit ručně;;;
100907514;attr_changed;classification;highway;tertiary;residential;Opletalova;residential;153.8;low;hodnota odvozena ze sloučené hrany – ověřit ručně;;;
100907515;attr_changed;classification;highway;tertiary;residential;Opletalova;residential;187.7;low;hodnota odvozena ze sloučené hrany – ověřit ručně;;;
104760421;attr_changed;classification;highway;primary;secondary;Sokolovská;secondary;204.6;low;hodnota odvozena ze sloučené hrany – ověřit ručně;;;
104760423;attr_changed;classification;highway;primary;secondary;Sokolovská;secondary;109.0;low;hodnota odvozena ze sloučené hrany – ověřit ručně;;;
104882573;attr_changed;classification;highway;secondary_link;primary_link;;primary_link;40.4;high;;;;
106502242;attr_changed;classification;highway;primary;secondary;nábřeží Kapitána Jaroše;secondary;436.8;low;hodnota odvozena ze sloučené hrany – ověřit ručně;;;
106502246;attr_changed;classification;highway;primary;secondary;Vrbenského;secondary;247.5;low;hodnota odvozena ze sloučené hrany – ověřit ručně;;;
106502250;attr_changed;classification;highway;primary;secondary;nábřeží Kapitána Jaroše;secondary;141.5;high;;;;
106518154;attr_changed;classification;highway;secondary;residential;most Legií;residential;362.9;low;hodnota odvozena ze sloučené hrany – ověřit ručně;;;
106520840;attr_changed;classification;highway;primary;secondary;Hořejší nábřeží;secondary;81.8;low;hodnota odvozena ze sloučené hrany – ověřit ručně;;;
106630437;attr_changed;classification;highway;secondary;tertiary;Vyskočilova;tertiary;193.5;low;hodnota odvozena ze sloučené hrany – ověřit ručně;;;
106630438;attr_changed;classification;highway;secondary;tertiary;Vyskočilova;tertiary;10.6;high;;;;
106630439;attr_changed;classification;highway;secondary;tertiary;Vyskočilova;tertiary;230.2;low;hodnota odvozena ze sloučené hrany – ověřit ručně;;;
106630442;attr_changed;classification;highway;secondary;tertiary;Vyskočilova;tertiary;17.9;high;;;;
107430586;attr_changed;classification;highway;secondary_link;secondary;;secondary;21.3;high;;;;
108574836;attr_changed;classification;highway;primary;secondary;Patočkova;secondary;129.6;high;;;;
109248214;attr_changed;classification;highway;primary;secondary;Resslova;secondary;60.2;low;hodnota odvozena ze sloučené hrany – ověřit ručně;;;
109248220;attr_changed;classification;highway;primary;secondary;Resslova;secondary;166.1;high;;;;
109248222;attr_changed;classification;highway;primary;secondary;Resslova;secondary;145.6;low;hodnota odvozena ze sloučené hrany – ověřit ručně;;;
109248223;attr_changed;classification;highway;primary;secondary;Resslova;secondary;145.6;low;hodnota odvozena ze sloučené hrany – ověřit ručně;;;
109939338;attr_changed;classification;highway;secondary;residential;Masarykovo nábřeží;residential;94.0;low;hodnota odvozena ze sloučené hrany – ověřit ručně;;;
111767911;attr_changed;classification;highway;primary;secondary;V Botanice;secondary;126.2;low;hodnota odvozena ze sloučené hrany – ověřit ručně;;;
111770906;attr_changed;classification;highway;primary;secondary;Resslova;secondary;330.7;high;;;;
111771386;attr_changed;classification;highway;primary;secondary;Ječná;secondary;120.1;low;hodnota odvozena ze sloučené hrany – ověřit ručně;;;
111771389;attr_changed;classification;highway;primary;secondary;náměstí I. P. Pavlova;secondary;80.0;high;;;;
111868556;attr_changed;classification;highway;primary;secondary;Ječná;secondary;27.5;high;;;;
113479365;attr_changed;classification;highway;living_street|residential;living_street;Velká skála;living_street;79.6;low;hodnota odvozena ze sloučené hrany – ověřit ručně;;;
114655788;attr_changed;classification;highway;secondary;residential;Zborovská;residential;124.0;high;;;;
115327085;attr_changed;classification;highway;primary;secondary;Hlávkův most|Wilsonova;secondary;483.1;low;hodnota odvozena ze sloučené hrany – ověřit ručně;;;
115327095;attr_changed;classification;highway;primary;secondary;Bubenská|Hlávkův most;secondary;105.8;low;hodnota odvozena ze sloučené hrany – ověřit ručně;;;
115590872;attr_changed;classification;highway;residential;residential|unclassified;K Nové Vsi|Prokopské údolí;residential|unclassified;1122.9;low;hodnota odvozena ze sloučené hrany – ověřit ručně;;;
115784199;attr_changed;classification;highway;tertiary;residential;Mánesův most|náměstí Jana Palacha;residential;339.5;low;hodnota odvozena ze sloučené hrany – ověřit ručně;;;
115927370;attr_changed;classification;highway;primary;secondary;5. května|Nuselský most|Sokolská;secondary;804.6;low;hodnota odvozena ze sloučené hrany – ověřit ručně;;;
115927375;attr_changed;classification;highway;primary;secondary;5. května|Legerova|Nuselský most;secondary;740.5;low;hodnota odvozena ze sloučené hrany – ověřit ručně;;;
116662512;attr_changed;classification;highway;tertiary;secondary;Rabakovská;secondary;142.8;low;hodnota odvozena ze sloučené hrany – ověřit ručně;;;
116662516;attr_changed;classification;highway;tertiary;secondary|tertiary;Přetlucká;secondary|tertiary;155.5;low;hodnota odvozena ze sloučené hrany – ověřit ručně;;;
116720320;attr_changed;classification;highway;primary;secondary;Milady Horákové;secondary;380.3;low;hodnota odvozena ze sloučené hrany – ověřit ručně;;;
116762850;attr_changed;classification;highway;tertiary;tertiary_link;;tertiary_link;7.0;high;;;;
116762852;attr_changed;classification;highway;secondary;tertiary;Michelská;tertiary;218.4;high;;;;
116762854;attr_changed;classification;highway;secondary;tertiary;Vídeňská;tertiary;23.0;high;;;;
116764552;attr_changed;classification;highway;primary;primary_link;Čuprova;primary_link;5.5;high;;;;
116999346;attr_changed;classification;highway;primary;primary_link;Čuprova;primary_link;24.4;high;;;;
117373498;attr_changed;classification;highway;primary;secondary;Milady Horákové;secondary;333.8;low;hodnota odvozena ze sloučené hrany – ověřit ručně;;;
117373500;attr_changed;classification;highway;primary;secondary;Milady Horákové;secondary;260.4;low;hodnota odvozena ze sloučené hrany – ověřit ručně;;;
117373501;attr_changed;classification;highway;primary;secondary;Milady Horákové;secondary;145.5;high;;;;
117373502;attr_changed;classification;highway;primary;secondary;Milady Horákové;secondary;260.4;low;hodnota odvozena ze sloučené hrany – ověřit ručně;;;
118174013;attr_changed;classification;highway;secondary;residential;Křižovnická;residential;141.0;low;hodnota odvozena ze sloučené hrany – ověřit ručně;;;
118243397;attr_changed;classification;highway;primary_link;secondary_link;Kongresová;secondary_link;97.6;low;hodnota odvozena ze sloučené hrany – ověřit ručně;;;
118317653;attr_changed;classification;highway;secondary;secondary|tertiary;Otakarova|Vršovická;secondary|tertiary;155.0;low;hodnota odvozena ze sloučené hrany – ověřit ručně;;;
118387907;attr_changed;classification;highway;secondary;primary;Čuprova;primary;63.4;low;hodnota odvozena ze sloučené hrany – ověřit ručně;;;
118387910;attr_changed;classification;highway;secondary;primary;Vosmíkových;primary;128.0;high;;;;
119092378;attr_changed;classification;highway;secondary;residential;17. listopadu;residential;111.5;high;;;;
120700944;attr_changed;classification;highway;primary;trunk_link;;trunk_link;380.2;low;hodnota odvozena ze sloučené hrany – ověřit ručně;;;
121243359;attr_changed;classification;highway;primary;secondary;Bubenská;secondary;121.6;low;hodnota odvozena ze sloučené hrany – ověřit ručně;;;
121243360;attr_changed;classification;highway;primary;secondary;Ječná;secondary;57.9;low;hodnota odvozena ze sloučené hrany – ověřit ručně;;;
121243364;attr_changed;classification;highway;primary;secondary;Wilsonova;secondary;588.6;low;hodnota odvozena ze sloučené hrany – ověřit ručně;;;
121243367;attr_changed;classification;highway;primary;secondary;5. května|Nuselský most|Sokolská;secondary;804.6;low;hodnota odvozena ze sloučené hrany – ověřit ručně;;;
121243373;attr_changed;classification;highway;primary;secondary;nábřeží Kapitána Jaroše;secondary;436.8;low;hodnota odvozena ze sloučené hrany – ověřit ručně;;;
121243376;attr_changed;classification;highway;primary_link;secondary_link;;secondary_link;222.1;low;hodnota odvozena ze sloučené hrany – ověřit ručně;;;
121243378;attr_changed;classification;highway;primary;secondary;Wilsonova;secondary;369.9;low;hodnota odvozena ze sloučené hrany – ověřit ručně;;;
121243381;attr_changed;classification;highway;primary_link;secondary_link;;secondary_link;46.1;low;hodnota odvozena ze sloučené hrany – ověřit ručně;;;
121243383;attr_changed;classification;highway;primary_link;secondary_link;;secondary_link;222.1;low;hodnota odvozena ze sloučené hrany – ověřit ručně;;;
121243387;attr_changed;classification;highway;primary;secondary;Wilsonova;secondary;110.1;low;hodnota odvozena ze sloučené hrany – ověřit ručně;;;
121243388;attr_changed;classification;highway;primary;secondary;Wilsonova;secondary;359.7;low;hodnota odvozena ze sloučené hrany – ověřit ručně;;;
121249690;attr_changed;classification;highway;primary;secondary;Sokolská;secondary;108.6;low;hodnota odvozena ze sloučené hrany – ověřit ručně;;;
121249691;attr_changed;classification;highway;primary;secondary;Wilsonova;secondary;343.8;low;hodnota odvozena ze sloučené hrany – ověřit ručně;;;
121249692;attr_changed;classification;highway;primary;secondary;5. května|Legerova|Nuselský most;secondary;740.5;low;hodnota odvozena ze sloučené hrany – ověřit ručně;;;
121249693;attr_changed;classification;highway;primary_link;secondary_link;;secondary_link;193.4;low;hodnota odvozena ze sloučené hrany – ověřit ručně;;;
121249695;attr_changed;classification;highway;primary_link;secondary_link;;secondary_link;272.1;low;hodnota odvozena ze sloučené hrany – ověřit ručně;;;
121249697;attr_changed;classification;highway;primary;secondary;5. května;secondary;157.5;low;hodnota odvozena ze sloučené hrany – ověřit ručně;;;
122066142;attr_changed;classification;highway;trunk;motorway|trunk;Novopacká;motorway|trunk;276.3;low;hodnota odvozena ze sloučené hrany – ověřit ručně;;;
123395653;attr_changed;classification;highway;tertiary;secondary;U Tvrze;secondary;104.2;high;;;;
124531430;attr_changed;classification;highway;trunk;trunk|trunk_link;Jižní spojka;trunk|trunk_link;1643.0;low;hodnota odvozena ze sloučené hrany – ověřit ručně;;;
124531431;attr_changed;classification;highway;trunk;trunk|trunk_link;Jižní spojka;trunk|trunk_link;1643.0;low;hodnota odvozena ze sloučené hrany – ověřit ručně;;;
124531435;attr_changed;classification;highway;trunk;trunk|trunk_link;Jižní spojka;trunk|trunk_link;1643.0;low;hodnota odvozena ze sloučené hrany – ověřit ručně;;;
124531437;attr_changed;classification;highway;trunk;trunk|trunk_link;Jižní spojka;trunk|trunk_link;1643.0;low;hodnota odvozena ze sloučené hrany – ověřit ručně;;;
126241542;attr_changed;classification;highway;tertiary;residential;Opletalova;residential;149.8;high;;;;
127711591;attr_changed;classification;highway;secondary;residential;Smetanovo nábřeží;residential;230.8;low;hodnota odvozena ze sloučené hrany – ověřit ručně;;;
128351993;attr_changed;classification;highway;secondary;tertiary;Vinohradská;tertiary;241.9;high;;;;
128356307;attr_changed;classification;highway;secondary;residential;Křižovnická;residential;141.0;low;hodnota odvozena ze sloučené hrany – ověřit ručně;;;
128493079;attr_changed;classification;highway;secondary;tertiary;Vinohradská;tertiary;146.3;high;;;;
128493080;attr_changed;classification;highway;secondary;tertiary;Vinohradská;tertiary;96.4;high;;;;
128494845;attr_changed;classification;highway;tertiary;residential;Politických vězňů;residential;101.1;high;;;;
128524450;attr_changed;classification;highway;secondary;residential;Újezd;residential;11.7;high;;;;
128553055;attr_changed;classification;highway;secondary;primary;Davídkova;primary;191.2;low;hodnota odvozena ze sloučené hrany – ověřit ručně;;;
128553074;attr_changed;classification;highway;primary;secondary;Sokolovská;secondary;371.9;high;;;;
128553075;attr_changed;classification;highway;primary;secondary;Sokolovská;secondary;11.3;high;;;;
128553081;attr_changed;classification;highway;secondary;primary;Vosmíkových;primary;142.7;low;hodnota odvozena ze sloučené hrany – ověřit ručně;;;
128619067;attr_changed;classification;highway;secondary;tertiary;Na Slupi;tertiary;20.7;high;;;;
128635481;attr_changed;classification;highway;primary;secondary;K Barrandovu;secondary;745.6;low;hodnota odvozena ze sloučené hrany – ověřit ručně;;;
128635486;attr_changed;classification;highway;residential;unclassified;K Dalejím|Prokopské údolí;unclassified;1282.7;low;hodnota odvozena ze sloučené hrany – ověřit ručně;;;
128721101;attr_changed;classification;highway;secondary;tertiary;nábřeží Edvarda Beneše|Štefánikův most;tertiary;310.3;low;hodnota odvozena ze sloučené hrany – ověřit ručně;;;
128722527;attr_changed;classification;highway;primary;secondary;Rohanské nábřeží;secondary;228.1;low;hodnota odvozena ze sloučené hrany – ověřit ručně;;;
128722528;attr_changed;classification;highway;primary;secondary;Rohanské nábřeží;secondary;237.7;low;hodnota odvozena ze sloučené hrany – ověřit ručně;;;
128722529;attr_changed;classification;highway;primary;secondary;Rohanské nábřeží;secondary;169.5;low;hodnota odvozena ze sloučené hrany – ověřit ručně;;;
128722531;attr_changed;classification;highway;primary;secondary;Rohanské nábřeží;secondary;174.4;low;hodnota odvozena ze sloučené hrany – ověřit ručně;;;
128722532;attr_changed;classification;highway;primary;secondary;Rohanské nábřeží;secondary;242.1;low;hodnota odvozena ze sloučené hrany – ověřit ručně;;;
128722533;attr_changed;classification;highway;primary;secondary;Rohanské nábřeží;secondary;394.3;low;hodnota odvozena ze sloučené hrany – ověřit ručně;;;
128722534;attr_changed;classification;highway;primary;secondary;Rohanské nábřeží;secondary;246.6;high;;;;
128722535;attr_changed;classification;highway;primary;secondary;Rohanské nábřeží;secondary;568.2;low;hodnota odvozena ze sloučené hrany – ověřit ručně;;;
128722536;attr_changed;classification;highway;primary;secondary;Rohanské nábřeží;secondary;569.2;low;hodnota odvozena ze sloučené hrany – ověřit ručně;;;
128732492;attr_changed;classification;highway;secondary;residential;Janáčkovo nábřeží;residential;141.0;high;;;;
128732494;attr_changed;classification;highway;secondary;residential;Nábřežní;residential;447.3;low;hodnota odvozena ze sloučené hrany – ověřit ručně;;;
129096024;attr_changed;classification;highway;residential;living_street;Blešnovská;living_street;241.8;high;;;;
129128768;attr_changed;classification;highway;tertiary_link;secondary_link;;secondary_link;44.6;high;;;;
129128779;attr_changed;classification;highway;tertiary_link;secondary_link;;secondary_link;52.4;high;;;;
130125878;attr_changed;classification;highway;secondary;secondary|tertiary;Otakarova|Vršovická;secondary|tertiary;319.7;low;hodnota odvozena ze sloučené hrany – ověřit ručně;;;
130165218;attr_changed;classification;highway;primary_link;tertiary_link;Jiráskův most;tertiary_link;71.4;low;hodnota odvozena ze sloučené hrany – ověřit ručně;;;
130855725;attr_changed;classification;highway;secondary;tertiary;Pražská;tertiary;75.5;low;hodnota odvozena ze sloučené hrany – ověřit ručně;;;
130855726;attr_changed;classification;highway;secondary;tertiary;Pražská;tertiary;100.0;low;hodnota odvozena ze sloučené hrany – ověřit ručně;;;
130861194;attr_changed;classification;highway;residential;secondary;Myslbekova;secondary;20.9;high;;;;
130861569;attr_changed;classification;highway;primary;secondary;Milady Horákové;secondary;330.8;low;hodnota odvozena ze sloučené hrany – ověřit ručně;;;
131085464;attr_changed;classification;highway;secondary;tertiary;Vídeňská;tertiary;116.7;low;hodnota odvozena ze sloučené hrany – ověřit ručně;;;
131085470;attr_changed;classification;highway;secondary;tertiary;Vídeňská;tertiary;391.2;low;hodnota odvozena ze sloučené hrany – ověřit ručně;;;
131630481;attr_changed;classification;highway;secondary;tertiary;Vrbova;tertiary;82.4;high;;;;
131630482;attr_changed;classification;highway;secondary;tertiary;Ke Krči;tertiary;207.2;high;;;;
131700024;attr_changed;classification;highway;tertiary;secondary;U Tvrze;secondary;71.4;high;;;;
131700025;attr_changed;classification;highway;tertiary;secondary;U Tvrze;secondary;28.2;high;;;;
131739631;attr_changed;classification;highway;secondary;tertiary;Vyskočilova;tertiary;82.9;low;hodnota odvozena ze sloučené hrany – ověřit ručně;;;
131739633;attr_changed;classification;highway;secondary;tertiary;Vyskočilova;tertiary;22.7;high;;;;
131771088;attr_changed;classification;highway;primary;secondary;Partyzánská;secondary;79.8;low;hodnota odvozena ze sloučené hrany – ověřit ručně;;;
132401554;attr_changed;classification;highway;secondary;tertiary;Na Strži;tertiary;667.2;high;;;;
132666388;attr_changed;classification;highway;living_street|residential;living_street;Staňkovská;living_street;125.3;low;hodnota odvozena ze sloučené hrany – ověřit ručně;;;
133090128;attr_changed;classification;highway;primary;primary_link;Čuprova;primary_link;68.8;high;;;;
133144148;attr_changed;classification;highway;secondary;primary;Davídkova;primary;104.7;high;;;;
133150842;attr_changed;classification;highway;living_street|residential;living_street;Velká skála;living_street;80.5;low;hodnota odvozena ze sloučené hrany – ověřit ručně;;;
133150843;attr_changed;classification;highway;living_street|residential;living_street;Velká skála;living_street;79.6;low;hodnota odvozena ze sloučené hrany – ověřit ručně;;;
133325746;attr_changed;classification;highway;secondary;residential;Křižovnická;residential;53.4;high;;;;
133330970;attr_changed;classification;highway;primary_link;tertiary_link;Jiráskův most;tertiary_link;41.6;low;hodnota odvozena ze sloučené hrany – ověřit ručně;;;
133359822;attr_changed;classification;highway;residential;secondary;Bubenská;secondary;133.1;low;hodnota odvozena ze sloučené hrany – ověřit ručně;;;
133359823;attr_changed;classification;highway;residential;secondary;Bubenská;secondary;32.2;high;;;;
133482590;attr_changed;classification;highway;secondary;tertiary;Vídeňská;tertiary;125.7;high;;;;
133482591;attr_changed;classification;highway;secondary;tertiary;Vídeňská;tertiary;376.9;high;;;;
133626166;attr_changed;classification;highway;primary;trunk;Strakonická;trunk;1835.1;low;hodnota odvozena ze sloučené hrany – ověřit ručně;;;
133626185;attr_changed;classification;highway;secondary;tertiary;Mírového hnutí;tertiary;147.3;low;hodnota odvozena ze sloučené hrany – ověřit ručně;;;
133626186;attr_changed;classification;highway;secondary;tertiary;Mírového hnutí;tertiary;449.2;low;hodnota odvozena ze sloučené hrany – ověřit ručně;;;
133626194;attr_changed;classification;highway;tertiary;secondary;U Tvrze;secondary;35.4;high;;;;
133626197;attr_changed;classification;highway;secondary;tertiary;Křesomyslova;tertiary;95.0;high;;;;
133626198;attr_changed;classification;highway;secondary;tertiary;Křesomyslova;tertiary;92.5;low;hodnota odvozena ze sloučené hrany – ověřit ručně;;;
133721342;attr_changed;classification;highway;primary;secondary;U Výstaviště;secondary;110.8;low;hodnota odvozena ze sloučené hrany – ověřit ručně;;;
134686951;attr_changed;classification;highway;residential;trunk_link;;trunk_link;54.4;high;;;;
134686953;attr_changed;classification;highway;primary;trunk;Strakonická;trunk;115.8;low;hodnota odvozena ze sloučené hrany – ověřit ručně;;;
135634483;attr_changed;classification;highway;primary;secondary;Veletržní;secondary;12.0;high;;;;
135634484;attr_changed;classification;highway;primary;secondary;Veletržní;secondary;63.9;low;hodnota odvozena ze sloučené hrany – ověřit ručně;;;
136293270;attr_changed;classification;highway;residential;trunk_link;;trunk_link;13.3;high;;;;
136577447;attr_changed;classification;highway;primary;secondary;Milady Horákové;secondary;653.3;low;hodnota odvozena ze sloučené hrany – ověřit ručně;;;
136985057;attr_changed;classification;highway;primary;secondary;Patočkova;secondary;97.7;high;;;;
137470640;attr_changed;classification;highway;secondary;residential;Janáčkovo nábřeží;residential;21.6;low;hodnota odvozena ze sloučené hrany – ověřit ručně;;;
137470641;attr_changed;classification;highway;secondary;residential;Janáčkovo nábřeží;residential;188.9;high;;;;
137825305;attr_changed;classification;highway;secondary;tertiary;Výstavní;tertiary;61.4;high;;;;
137825306;attr_changed;classification;highway;secondary;tertiary;Výstavní;tertiary;252.6;low;hodnota odvozena ze sloučené hrany – ověřit ručně;;;
137838545;attr_changed;classification;highway;primary;secondary;Hořejší nábřeží;secondary;81.8;low;hodnota odvozena ze sloučené hrany – ověřit ručně;;;
138206762;attr_changed;classification;highway;primary;secondary;Hořejší nábřeží;secondary;146.8;low;hodnota odvozena ze sloučené hrany – ověřit ručně;;;
139239180;attr_changed;classification;highway;primary;trunk;Kbelská;trunk;162.2;low;hodnota odvozena ze sloučené hrany – ověřit ručně;;;
139573550;attr_changed;classification;highway;secondary;tertiary;náměstí Hrdinů;tertiary;15.7;high;;;;
139573551;attr_changed;classification;highway;secondary;tertiary;Táborská|náměstí Hrdinů;tertiary;312.9;low;hodnota odvozena ze sloučené hrany – ověřit ručně;;;
139573571;attr_changed;classification;highway;secondary;tertiary;Táborská|náměstí Hrdinů;tertiary;312.9;low;hodnota odvozena ze sloučené hrany – ověřit ručně;;;
139573582;attr_changed;classification;highway;secondary;tertiary;Táborská|náměstí Hrdinů;tertiary;285.4;low;hodnota odvozena ze sloučené hrany – ověřit ručně;;;
140148710;attr_changed;classification;highway;primary_link;secondary_link;;secondary_link;33.1;low;hodnota odvozena ze sloučené hrany – ověřit ručně;;;
140148717;attr_changed;classification;highway;primary;secondary;5. května;secondary;710.9;low;hodnota odvozena ze sloučené hrany – ověřit ručně;;;
140304135;attr_changed;classification;highway;secondary;tertiary;Na Pankráci;tertiary;27.4;high;;;;
140304136;attr_changed;classification;highway;secondary;tertiary;Na Pankráci;tertiary;13.1;high;;;;
140304137;attr_changed;classification;highway;secondary;tertiary;Na Strži;tertiary;183.0;low;hodnota odvozena ze sloučené hrany – ověřit ručně;;;
140304138;attr_changed;classification;highway;secondary;tertiary;Na Strži;tertiary;422.6;low;hodnota odvozena ze sloučené hrany – ověřit ručně;;;
140304141;attr_changed;classification;highway;secondary;tertiary;Podolské nábřeží;tertiary;73.8;low;hodnota odvozena ze sloučené hrany – ověřit ručně;;;
140304142;attr_changed;classification;highway;residential;tertiary;náměstí Hrdinů;tertiary;48.7;low;hodnota odvozena ze sloučené hrany – ověřit ručně;;;
140491977;attr_changed;classification;highway;primary;trunk;Kbelská;trunk;33.8;high;;;;
140491978;attr_changed;classification;highway;primary;trunk;Kbelská;trunk;719.3;low;hodnota odvozena ze sloučené hrany – ověřit ručně;;;
140773760;attr_changed;classification;highway;primary;secondary;K Barrandovu;secondary;22.9;high;;;;
140773765;attr_changed;classification;highway;primary;secondary;K Barrandovu;secondary;30.4;high;;;;
140773767;attr_changed;classification;highway;primary;secondary;K Barrandovu|K Barrandovu;secondary;733.9;low;hodnota odvozena ze sloučené hrany – ověřit ručně;;;
140773768;attr_changed;classification;highway;primary;secondary;K Barrandovu;secondary;32.9;high;;;;
140773769;attr_changed;classification;highway;primary;secondary|trunk_link;K Barrandovu;secondary|trunk_link;676.9;low;hodnota odvozena ze sloučené hrany – ověřit ručně;;;
140773770;attr_changed;classification;highway;primary;secondary;K Barrandovu;secondary;32.9;high;;;;
140773772;attr_changed;classification;highway;primary;secondary;K Barrandovu;secondary;509.5;low;hodnota odvozena ze sloučené hrany – ověřit ručně;;;
140773773;attr_changed;classification;highway;primary;secondary;K Barrandovu;secondary;764.5;low;hodnota odvozena ze sloučené hrany – ověřit ručně;;;
141068967;attr_changed;classification;highway;primary;secondary;K Barrandovu|K Barrandovu;secondary;733.9;low;hodnota odvozena ze sloučené hrany – ověřit ručně;;;
141068968;attr_changed;classification;highway;primary;secondary;K Barrandovu;secondary;832.4;low;hodnota odvozena ze sloučené hrany – ověřit ručně;;;
141140410;attr_changed;classification;highway;secondary;residential;Divadelní;residential;188.4;low;hodnota odvozena ze sloučené hrany – ověřit ručně;;;
141140411;attr_changed;classification;highway;secondary;residential;Divadelní;residential;188.4;low;hodnota odvozena ze sloučené hrany – ověřit ručně;;;
141493831;attr_changed;classification;highway;secondary;tertiary;Dvořákovo nábřeží|nábřeží Ludvíka Svobody;tertiary;231.0;low;hodnota odvozena ze sloučené hrany – ověřit ručně;;;
141514472;attr_changed;classification;highway;secondary;tertiary;Dvořákovo nábřeží;tertiary;114.5;high;;;;
141514476;attr_changed;classification;highway;primary;secondary;Mezibranská|Wilsonova;secondary;114.1;low;hodnota odvozena ze sloučené hrany – ověřit ručně;;;
141514477;attr_changed;classification;highway;primary;secondary;Wilsonova;secondary;30.8;high;;;;
141563529;attr_changed;classification;highway;secondary;tertiary;Vinohradská;tertiary;88.5;low;hodnota odvozena ze sloučené hrany – ověřit ručně;;;
141563530;attr_changed;classification;highway;secondary;tertiary;Vinohradská;tertiary;90.0;high;;;;
141563531;attr_changed;classification;highway;secondary;tertiary;Vinohradská;tertiary;140.8;high;;;;
141563532;attr_changed;classification;highway;secondary;tertiary;Vinohradská;tertiary;333.2;high;;;;
141621043;attr_changed;classification;highway;tertiary;residential|tertiary;Újezd;residential|tertiary;165.5;low;hodnota odvozena ze sloučené hrany – ověřit ručně;;;
141621045;attr_changed;classification;highway;tertiary;residential|tertiary;Újezd;residential|tertiary;165.5;low;hodnota odvozena ze sloučené hrany – ověřit ručně;;;
141922874;attr_changed;classification;highway;primary;secondary;Patočkova;secondary;112.1;low;hodnota odvozena ze sloučené hrany – ověřit ručně;;;
141925886;attr_changed;classification;highway;secondary;tertiary_link;;tertiary_link;58.1;high;;;;
141951035;attr_changed;classification;highway;secondary;tertiary;Ke Krči;tertiary;343.7;low;hodnota odvozena ze sloučené hrany – ověřit ručně;;;
141951037;attr_changed;classification;highway;secondary;tertiary;Ke Krči;tertiary;366.7;high;;;;
142028257;attr_changed;classification;highway;residential;secondary_link;;secondary_link;22.2;high;;;;
142269495;attr_changed;classification;highway;primary;secondary;Patočkova;secondary;70.9;high;;;;
142269496;attr_changed;classification;highway;primary;secondary;Patočkova;secondary;64.6;high;;;;
142385795;attr_changed;classification;highway;primary;trunk;Průmyslová;trunk;1247.5;low;hodnota odvozena ze sloučené hrany – ověřit ručně;;;
142813822;attr_changed;classification;highway;primary;secondary;Veletržní;secondary;75.3;high;;;;
142816858;attr_changed;classification;highway;primary;secondary;Bubenská|Hlávkův most;secondary;86.4;low;hodnota odvozena ze sloučené hrany – ověřit ručně;;;
142816863;attr_changed;classification;highway;primary_link;secondary_link;;secondary_link;215.5;low;hodnota odvozena ze sloučené hrany – ověřit ručně;;;
143373084;attr_changed;classification;highway;secondary;tertiary;K Horkám;tertiary;158.5;low;hodnota odvozena ze sloučené hrany – ověřit ručně;;;
143715326;attr_changed;classification;highway;secondary;tertiary;Pražská;tertiary;58.3;high;;;;
143721719;attr_changed;classification;highway;secondary;tertiary;K Horkám;tertiary;107.4;low;hodnota odvozena ze sloučené hrany – ověřit ručně;;;
143721721;attr_changed;classification;highway;secondary;tertiary;K Horkám;tertiary;126.3;high;;;;
143721723;attr_changed;classification;highway;secondary;tertiary;K Horkám;tertiary;273.8;high;;;;
143766478;attr_changed;classification;highway;secondary;tertiary;Michelská;tertiary;215.6;high;;;;
143770063;attr_changed;classification;highway;secondary;tertiary;Vrbova;tertiary;994.5;low;hodnota odvozena ze sloučené hrany – ověřit ručně;;;
143770065;attr_changed;classification;highway;secondary;tertiary;Vrbova;tertiary;994.5;low;hodnota odvozena ze sloučené hrany – ověřit ručně;;;
143770067;attr_changed;classification;highway;secondary;tertiary;Vrbova;tertiary;526.5;low;hodnota odvozena ze sloučené hrany – ověřit ručně;;;
143770994;attr_changed;classification;highway;secondary;tertiary;Vrbova;tertiary;330.8;low;hodnota odvozena ze sloučené hrany – ověřit ručně;;;
144074232;attr_changed;classification;highway;primary_link;secondary_link;;secondary_link;346.7;low;hodnota odvozena ze sloučené hrany – ověřit ručně;;;
144075033;attr_changed;classification;highway;secondary;tertiary;nábřeží Edvarda Beneše|Štefánikův most;tertiary;310.3;low;hodnota odvozena ze sloučené hrany – ověřit ručně;;;
147231073;attr_changed;classification;highway;secondary;tertiary;Na Strži;tertiary;12.1;high;;;;
147231074;attr_changed;classification;highway;secondary;tertiary;Na Strži;tertiary;11.6;high;;;;
148072747;attr_changed;classification;highway;primary;secondary;;secondary;15.4;high;;;;
149822656;attr_changed;classification;highway;tertiary;secondary;Dřevčická;secondary;578.5;low;hodnota odvozena ze sloučené hrany – ověřit ručně;;;
149822664;attr_changed;classification;highway;tertiary;secondary;U Tvrze;secondary;16.3;high;;;;
149871925;attr_changed;classification;highway;tertiary;secondary;Přetlucká;secondary;42.3;high;;;;
149871926;attr_changed;classification;highway;tertiary;secondary;Rabakovská;secondary;118.2;low;hodnota odvozena ze sloučené hrany – ověřit ručně;;;
150818867;attr_changed;classification;highway;tertiary;residential;Štefánikova;residential;42.6;low;hodnota odvozena ze sloučené hrany – ověřit ručně;;;
151364029;attr_changed;classification;highway;secondary;residential;Divadelní;residential;188.4;low;hodnota odvozena ze sloučené hrany – ověřit ručně;;;
151364030;attr_changed;classification;highway;secondary;residential;Smetanovo nábřeží;residential;163.0;low;hodnota odvozena ze sloučené hrany – ověřit ručně;;;
151406529;attr_changed;classification;highway;trunk;secondary|trunk;Spořilovská;secondary|trunk;859.6;low;hodnota odvozena ze sloučené hrany – ověřit ručně;;;
151406530;attr_changed;classification;highway;trunk;secondary|trunk;Spořilovská;secondary|trunk;1261.3;low;hodnota odvozena ze sloučené hrany – ověřit ručně;;;
151570046;attr_changed;classification;highway;residential;secondary;Bubenská;secondary;133.1;low;hodnota odvozena ze sloučené hrany – ověřit ručně;;;
151874342;attr_changed;classification;highway;primary;secondary;Resslova;secondary;194.9;low;hodnota odvozena ze sloučené hrany – ověřit ručně;;;
153587913;attr_changed;classification;highway;primary;secondary;Milady Horákové;secondary;653.3;low;hodnota odvozena ze sloučené hrany – ověřit ručně;;;
153587915;attr_changed;classification;highway;primary;secondary;Milady Horákové;secondary;653.3;low;hodnota odvozena ze sloučené hrany – ověřit ručně;;;
153721814;attr_changed;classification;highway;primary;secondary;Patočkova;secondary;175.0;low;hodnota odvozena ze sloučené hrany – ověřit ručně;;;
155531022;attr_changed;classification;highway;primary;secondary;Patočkova;secondary;286.6;low;hodnota odvozena ze sloučené hrany – ověřit ručně;;;
159951087;attr_changed;classification;highway;unclassified;residential;Obslužná|Tušimická;residential;102.1;low;hodnota odvozena ze sloučené hrany – ověřit ručně;;;
159951088;attr_changed;classification;highway;unclassified;residential;;residential;71.9;high;;;;
159964287;attr_changed;classification;highway;secondary;tertiary;Na Pankráci;tertiary;174.2;low;hodnota odvozena ze sloučené hrany – ověřit ručně;;;
159964288;attr_changed;classification;highway;secondary;tertiary;Na Pankráci;tertiary;9.6;high;;;;
161940887;attr_changed;classification;highway;primary;trunk;Strakonická;trunk;579.3;low;hodnota odvozena ze sloučené hrany – ověřit ručně;;;
163414108;attr_changed;classification;highway;secondary;tertiary;Komořanská;tertiary;167.7;high;;;;
163414110;attr_changed;classification;highway;secondary;tertiary;Modřanská;tertiary;791.7;high;;;;
164446409;attr_changed;classification;highway;primary;primary|trunk;Průmyslová;primary|trunk;843.1;low;hodnota odvozena ze sloučené hrany – ověřit ručně;;;
164816919;attr_changed;classification;highway;residential|tertiary;residential;Ke Kablu|U Kabelovny;residential;757.3;low;hodnota odvozena ze sloučené hrany – ověřit ručně;;;
165286375;attr_changed;classification;highway;secondary;tertiary;Vrbova;tertiary;526.5;low;hodnota odvozena ze sloučené hrany – ověřit ručně;;;
165286376;attr_changed;classification;highway;secondary;tertiary;Vrbova;tertiary;330.8;low;hodnota odvozena ze sloučené hrany – ověřit ručně;;;
165287756;attr_changed;classification;highway;secondary;residential;17. listopadu;residential;189.3;high;;;;
165334737;attr_changed;classification;highway;secondary_link;tertiary_link;;tertiary_link;56.6;high;;;;
165811294;attr_changed;classification;highway;secondary;tertiary;Na Strži;tertiary;133.2;low;hodnota odvozena ze sloučené hrany – ověřit ručně;;;
165811295;attr_changed;classification;highway;secondary;tertiary;Na Strži;tertiary;95.9;low;hodnota odvozena ze sloučené hrany – ověřit ručně;;;
165811297;attr_changed;classification;highway;secondary;tertiary;Olbrachtova;tertiary;194.7;low;hodnota odvozena ze sloučené hrany – ověřit ručně;;;
165811298;attr_changed;classification;highway;secondary;tertiary;;tertiary;13.8;high;;;;
168931151;attr_changed;classification;highway;secondary;trunk_link;;trunk_link;33.0;high;;;;
169496931;attr_changed;classification;highway;primary_link;secondary_link;;secondary_link;49.1;low;hodnota odvozena ze sloučené hrany – ověřit ručně;;;
169736224;attr_changed;classification;highway;tertiary_link;unclassified;;unclassified;46.6;high;;;;
169736227;attr_changed;classification;highway;tertiary_link;unclassified;;unclassified;41.8;high;;;;
170577483;attr_changed;classification;highway;primary;secondary;Hlávkův most|Wilsonova;secondary;483.3;low;hodnota odvozena ze sloučené hrany – ověřit ručně;;;
170577484;attr_changed;classification;highway;primary;secondary;Hlávkův most|Wilsonova;secondary;483.1;low;hodnota odvozena ze sloučené hrany – ověřit ručně;;;
170577485;attr_changed;classification;highway;primary;secondary;Hlávkův most|Wilsonova;secondary;483.1;low;hodnota odvozena ze sloučené hrany – ověřit ručně;;;
170577486;attr_changed;classification;highway;primary;secondary;Hlávkův most|Wilsonova;secondary;483.3;low;hodnota odvozena ze sloučené hrany – ověřit ručně;;;
170661712;attr_changed;classification;highway;secondary;tertiary;Rašínovo nábřeží;tertiary;42.4;high;;;;
170661713;attr_changed;classification;highway;secondary;tertiary;Rašínovo nábřeží;tertiary;579.1;high;;;;
171362530;attr_changed;classification;highway;primary_link;trunk_link;;trunk_link;18.2;high;;;;
171597696;attr_changed;classification;highway;primary_link;secondary_link;Ke Štvanici;secondary_link;38.9;high;;;;
171597701;attr_changed;classification;highway;primary_link;secondary_link;Ke Štvanici;secondary_link;36.3;high;;;;
171671978;attr_changed;classification;highway;primary;secondary;Jiráskův most;secondary;329.1;low;hodnota odvozena ze sloučené hrany – ověřit ručně;;;
171920603;attr_changed;classification;highway;secondary;tertiary;Komořanská;tertiary;615.5;low;hodnota odvozena ze sloučené hrany – ověřit ručně;;;
171952620;attr_changed;classification;highway;primary;secondary;K Barrandovu;secondary;448.9;low;hodnota odvozena ze sloučené hrany – ověřit ručně;;;
171997426;attr_changed;classification;highway;primary;trunk;Lahovický most;trunk;608.3;low;hodnota odvozena ze sloučené hrany – ověřit ručně;;;
172002255;attr_changed;classification;highway;primary;trunk;Lahovický most;trunk;737.6;low;hodnota odvozena ze sloučené hrany – ověřit ručně;;;
172381304;attr_changed;classification;highway;primary;secondary;Rohanské nábřeží;secondary;369.3;low;hodnota odvozena ze sloučené hrany – ověřit ručně;;;
172381993;attr_changed;classification;highway;primary;secondary;Za Viaduktem|nábřeží Kapitána Jaroše;secondary;253.1;low;hodnota odvozena ze sloučené hrany – ověřit ručně;;;
172382121;attr_changed;classification;highway;secondary;residential;Dvořákovo nábřeží;residential;340.2;high;;;;
172382122;attr_changed;classification;highway;secondary;residential;náměstí Curieových;residential;74.1;low;hodnota odvozena ze sloučené hrany – ověřit ručně;;;
172770029;attr_changed;classification;highway;secondary;tertiary;Dvořákovo nábřeží;tertiary;413.7;high;;;;
172775525;attr_changed;classification;highway;primary_link;secondary_link;Ke Štvanici;secondary_link;81.2;low;hodnota odvozena ze sloučené hrany – ověřit ručně;;;
172775527;attr_changed;classification;highway;primary_link;secondary_link;Ke Štvanici;secondary_link;33.9;high;;;;
172775528;attr_changed;classification;highway;primary_link;secondary_link;Ke Štvanici;secondary_link;111.4;low;hodnota odvozena ze sloučené hrany – ověřit ručně;;;
172775529;attr_changed;classification;highway;primary_link;secondary_link;Ke Štvanici;secondary_link;42.2;low;hodnota odvozena ze sloučené hrany – ověřit ručně;;;
172775538;attr_changed;classification;highway;primary_link;secondary_link;Klimentská;secondary_link;45.3;low;hodnota odvozena ze sloučené hrany – ověřit ručně;;;
172775547;attr_changed;classification;highway;primary;secondary;Rohanské nábřeží;secondary;16.5;high;;;;
172775551;attr_changed;classification;highway;primary_link;secondary_link;;secondary_link;55.4;high;;;;
172776546;attr_changed;classification;highway;primary;residential;Klimentská;residential;62.7;low;hodnota odvozena ze sloučené hrany – ověřit ručně;;;
172780008;attr_changed;classification;highway;tertiary;residential|tertiary;Opletalova;residential|tertiary;123.2;low;hodnota odvozena ze sloučené hrany – ověřit ručně;;;
172788888;attr_changed;classification;highway;tertiary_link;secondary_link;;secondary_link;9.0;high;;;;
172788894;attr_changed;classification;highway;primary_link;secondary_link;;secondary_link;45.5;high;;;;
172788896;attr_changed;classification;highway;tertiary_link;secondary_link;;secondary_link;29.9;low;hodnota odvozena ze sloučené hrany – ověřit ručně;;;
172822807;attr_changed;classification;highway;secondary;tertiary;Novodvorská;tertiary;10.9;high;;;;
172822808;attr_changed;classification;highway;secondary;tertiary;Novodvorská;tertiary;456.1;low;hodnota odvozena ze sloučené hrany – ověřit ručně;;;
172822884;attr_changed;classification;highway;secondary;tertiary;Novodvorská;tertiary;20.8;high;;;;
172846351;attr_changed;classification;highway;primary;trunk;Strakonická;trunk;205.5;low;hodnota odvozena ze sloučené hrany – ověřit ručně;;;
172856037;attr_changed;classification;highway;primary_link;secondary_link;;secondary_link;238.4;low;hodnota odvozena ze sloučené hrany – ověřit ručně;;;
172860536;attr_changed;classification;highway;secondary;tertiary;Výstavní;tertiary;40.7;high;;;;
172902023;attr_changed;classification;highway;primary_link;secondary_link;;secondary_link;52.3;low;hodnota odvozena ze sloučené hrany – ověřit ručně;;;
172903308;attr_changed;classification;highway;primary;secondary;Wilsonova;secondary;551.8;low;hodnota odvozena ze sloučené hrany – ověřit ručně;;;
172903309;attr_changed;classification;highway;primary;secondary;Wilsonova;secondary;369.9;low;hodnota odvozena ze sloučené hrany – ověřit ručně;;;
172905234;attr_changed;classification;highway;primary;secondary;Rohanské nábřeží;secondary;369.3;low;hodnota odvozena ze sloučené hrany – ověřit ručně;;;
172905235;attr_changed;classification;highway;primary;secondary;Rohanské nábřeží;secondary;369.3;low;hodnota odvozena ze sloučené hrany – ověřit ručně;;;
172905236;attr_changed;classification;highway;primary;secondary;Rohanské nábřeží;secondary;563.8;low;hodnota odvozena ze sloučené hrany – ověřit ručně;;;
172906876;attr_changed;classification;highway;primary;trunk_link;;trunk_link;575.2;low;hodnota odvozena ze sloučené hrany – ověřit ručně;;;
172909885;attr_changed;classification;highway;secondary;tertiary;Dienzenhoferovy sady;tertiary;99.8;low;hodnota odvozena ze sloučené hrany – ověřit ručně;;;
172909886;attr_changed;classification;highway;primary;secondary;Dienzenhoferovy sady;secondary;82.3;low;hodnota odvozena ze sloučené hrany – ověřit ručně;;;
172909887;attr_changed;classification;highway;secondary_link;residential;Janáčkovo nábřeží;residential;87.4;low;hodnota odvozena ze sloučené hrany – ověřit ručně;;;
172909888;attr_changed;classification;highway;secondary_link;residential;Janáčkovo nábřeží;residential;87.4;low;hodnota odvozena ze sloučené hrany – ověřit ručně;;;
172909889;attr_changed;classification;highway;secondary_link;residential;Janáčkovo nábřeží;residential;132.8;high;;;;
172909891;attr_changed;classification;highway;primary;secondary;Dienzenhoferovy sady|Jiráskův most;secondary;344.2;low;hodnota odvozena ze sloučené hrany – ověřit ručně;;;
172911471;attr_changed;classification;highway;secondary;tertiary;Rašínovo nábřeží;tertiary;173.1;low;hodnota odvozena ze sloučené hrany – ověřit ručně;;;
172911472;attr_changed;classification;highway;primary_link;tertiary_link;Jiráskův most;tertiary_link;71.4;low;hodnota odvozena ze sloučené hrany – ověřit ručně;;;
172943160;attr_changed;classification;highway;tertiary;tertiary_link;;tertiary_link;46.1;high;;;;
172953951;attr_changed;classification;highway;secondary;tertiary;Michelská;tertiary;260.4;low;hodnota odvozena ze sloučené hrany – ověřit ručně;;;
172953980;attr_changed;classification;highway;tertiary;tertiary_link;;tertiary_link;23.2;high;;;;
172953986;attr_changed;classification;highway;secondary;tertiary_link;;tertiary_link;56.8;high;;;;
172957035;attr_changed;classification;highway;primary_link;secondary_link;;secondary_link;102.2;low;hodnota odvozena ze sloučené hrany – ověřit ručně;;;
172957037;attr_changed;classification;highway;primary_link;secondary_link;;secondary_link;92.5;low;hodnota odvozena ze sloučené hrany – ověřit ručně;;;
172957038;attr_changed;classification;highway;primary_link;secondary_link;;secondary_link;53.1;high;;;;
172957039;attr_changed;classification;highway;primary_link;secondary_link;;secondary_link;48.0;high;;;;
172957040;attr_changed;classification;highway;primary_link;secondary_link;;secondary_link;62.9;high;;;;
172957041;attr_changed;classification;highway;primary_link;secondary_link;;secondary_link;144.7;low;hodnota odvozena ze sloučené hrany – ověřit ručně;;;
172957042;attr_changed;classification;highway;primary_link;secondary_link;;secondary_link;82.6;low;hodnota odvozena ze sloučené hrany – ověřit ručně;;;
172957043;attr_changed;classification;highway;primary_link;secondary_link;;secondary_link;102.2;low;hodnota odvozena ze sloučené hrany – ověřit ručně;;;
172957044;attr_changed;classification;highway;primary_link;secondary_link;;secondary_link;78.0;high;;;;
172957045;attr_changed;classification;highway;primary_link;secondary_link;;secondary_link;108.4;high;;;;
172985812;attr_changed;classification;highway;primary_link;secondary_link;;secondary_link;116.1;low;hodnota odvozena ze sloučené hrany – ověřit ručně;;;
172985813;attr_changed;classification;highway;primary_link;secondary_link;;secondary_link;144.7;low;hodnota odvozena ze sloučené hrany – ověřit ručně;;;
172985814;attr_changed;classification;highway;primary_link;secondary_link;;secondary_link;175.5;low;hodnota odvozena ze sloučené hrany – ověřit ručně;;;
172985815;attr_changed;classification;highway;primary_link;secondary_link;;secondary_link;144.7;low;hodnota odvozena ze sloučené hrany – ověřit ručně;;;
172985816;attr_changed;classification;highway;primary_link;secondary_link;;secondary_link;175.5;low;hodnota odvozena ze sloučené hrany – ověřit ručně;;;
172985817;attr_changed;classification;highway;primary_link;secondary_link;;secondary_link;116.1;low;hodnota odvozena ze sloučené hrany – ověřit ručně;;;
172985819;attr_changed;classification;highway;primary;secondary;5. května;secondary;195.4;low;hodnota odvozena ze sloučené hrany – ověřit ručně;;;
172985820;attr_changed;classification;highway;primary;secondary;5. května;secondary;612.7;low;hodnota odvozena ze sloučené hrany – ověřit ručně;;;
172985821;attr_changed;classification;highway;primary;secondary;5. května;secondary;195.4;low;hodnota odvozena ze sloučené hrany – ověřit ručně;;;
172985822;attr_changed;classification;highway;primary;secondary;5. května;secondary;612.7;low;hodnota odvozena ze sloučené hrany – ověřit ručně;;;
172991858;attr_changed;classification;highway;secondary;secondary_link;;secondary_link;15.5;high;;;;
173043636;attr_changed;classification;highway;primary|trunk;trunk;Liberecká|V Holešovičkách;trunk;506.9;low;hodnota odvozena ze sloučené hrany – ověřit ručně;;;
173043940;attr_changed;classification;highway;secondary;residential;Masarykovo nábřeží;residential;123.4;high;;;;
173131141;attr_changed;classification;highway;primary;secondary;Rohanské nábřeží;secondary;169.5;low;hodnota odvozena ze sloučené hrany – ověřit ručně;;;
173131144;attr_changed;classification;highway;primary;secondary;Rohanské nábřeží;secondary;228.1;low;hodnota odvozena ze sloučené hrany – ověřit ručně;;;
173179017;attr_changed;classification;highway;primary;secondary;Rohanské nábřeží;secondary;228.1;low;hodnota odvozena ze sloučené hrany – ověřit ručně;;;
173408054;attr_changed;classification;highway;secondary;tertiary;Komořanská;tertiary;176.2;low;hodnota odvozena ze sloučené hrany – ověřit ručně;;;
174859129;attr_changed;classification;highway;secondary_link;trunk_link;Aviatická;trunk_link;100.5;low;hodnota odvozena ze sloučené hrany – ověřit ručně;;;
175799475;attr_changed;classification;highway;primary_link;secondary_link;náměstí Hrdinů;secondary_link;149.1;low;hodnota odvozena ze sloučené hrany – ověřit ručně;;;
175799476;attr_changed;classification;highway;primary_link;secondary_link;náměstí Hrdinů;secondary_link;91.7;low;hodnota odvozena ze sloučené hrany – ověřit ručně;;;
175804684;attr_changed;classification;highway;primary_link;secondary_link;;secondary_link;46.3;low;hodnota odvozena ze sloučené hrany – ověřit ručně;;;
175804685;attr_changed;classification;highway;primary_link;secondary_link;;secondary_link;61.3;low;hodnota odvozena ze sloučené hrany – ověřit ručně;;;
179415101;attr_changed;classification;highway;primary;secondary;Milady Horákové;secondary;52.3;high;;;;
179415108;attr_changed;classification;highway;primary;secondary;Milady Horákové;secondary;323.0;low;hodnota odvozena ze sloučené hrany – ověřit ručně;;;
179556193;attr_changed;classification;highway;residential;living_street;U Sportoviště;living_street;189.0;high;;;;
180184019;attr_changed;classification;highway;secondary;tertiary;Libušská;tertiary;14.8;high;;;;
180184020;attr_changed;classification;highway;secondary;tertiary;Libušská;tertiary;164.1;low;hodnota odvozena ze sloučené hrany – ověřit ručně;;;
180964439;attr_changed;classification;highway;secondary;tertiary;Na Slupi|Svobodova;tertiary;38.7;low;hodnota odvozena ze sloučené hrany – ověřit ručně;;;
180964448;attr_changed;classification;highway;secondary;tertiary;Svobodova;tertiary;45.7;low;hodnota odvozena ze sloučené hrany – ověřit ručně;;;
182100629;attr_changed;classification;highway;primary;secondary;Milady Horákové;secondary;406.9;low;hodnota odvozena ze sloučené hrany – ověřit ručně;;;
182100630;attr_changed;classification;highway;primary;secondary;Milady Horákové;secondary;323.0;low;hodnota odvozena ze sloučené hrany – ověřit ručně;;;
182878221;attr_changed;classification;highway;secondary;tertiary;Novodvorská;tertiary;560.7;low;hodnota odvozena ze sloučené hrany – ověřit ručně;;;
182878222;attr_changed;classification;highway;secondary;tertiary;;tertiary;16.4;high;;;;
182881268;attr_changed;classification;highway;secondary;tertiary;Meteorologická;tertiary;82.1;high;;;;
183167788;attr_changed;classification;highway;primary_link;secondary_link;náměstí Hrdinů;secondary_link;91.7;low;hodnota odvozena ze sloučené hrany – ověřit ručně;;;
183702935;attr_changed;classification;highway;primary;secondary;Rohanské nábřeží;secondary;207.9;low;hodnota odvozena ze sloučené hrany – ověřit ručně;;;
183702937;attr_changed;classification;highway;primary;secondary;Rohanské nábřeží;secondary;349.0;low;hodnota odvozena ze sloučené hrany – ověřit ručně;;;
183702939;attr_changed;classification;highway;primary;secondary;Rohanské nábřeží;secondary;349.0;low;hodnota odvozena ze sloučené hrany – ověřit ručně;;;
185204942;attr_changed;classification;highway;residential;living_street;náměstí Jiřího z Poděbrad|náměstí Jiřího z Poděbrad;living_street;139.1;low;hodnota odvozena ze sloučené hrany – ověřit ručně;;;
185809270;attr_changed;classification;highway;trunk;trunk|trunk_link;Jižní spojka;trunk|trunk_link;2829.7;low;hodnota odvozena ze sloučené hrany – ověřit ručně;;;
186016687;attr_changed;classification;highway;primary;primary|trunk;Průmyslová;primary|trunk;843.1;low;hodnota odvozena ze sloučené hrany – ověřit ručně;;;
186016693;attr_changed;classification;highway;primary;primary|trunk;Průmyslová;primary|trunk;371.7;low;hodnota odvozena ze sloučené hrany – ověřit ručně;;;
186113844;attr_changed;classification;highway;primary;primary|trunk;Průmyslová;primary|trunk;843.1;low;hodnota odvozena ze sloučené hrany – ověřit ručně;;;
186113845;attr_changed;classification;highway;primary;primary|trunk;Průmyslová;primary|trunk;371.7;low;hodnota odvozena ze sloučené hrany – ověřit ručně;;;
186113846;attr_changed;classification;highway;primary;primary|trunk;Průmyslová;primary|trunk;843.1;low;hodnota odvozena ze sloučené hrany – ověřit ručně;;;
186113847;attr_changed;classification;highway;primary;primary|trunk;Průmyslová;primary|trunk;371.7;low;hodnota odvozena ze sloučené hrany – ověřit ručně;;;
186153343;attr_changed;classification;highway;secondary;tertiary;Hostivařské náměstí|K Horkám|K Horkám;tertiary;170.6;low;hodnota odvozena ze sloučené hrany – ověřit ručně;;;
186894305;attr_changed;classification;highway;secondary;tertiary;Modřanská;tertiary;748.8;high;;;;
186894307;attr_changed;classification;highway;secondary;tertiary;Modřanská;tertiary;662.3;low;hodnota odvozena ze sloučené hrany – ověřit ručně;;;
186894311;attr_changed;classification;highway;secondary;tertiary;Modřanská;tertiary;707.9;low;hodnota odvozena ze sloučené hrany – ověřit ručně;;;
186894313;attr_changed;classification;highway;secondary;tertiary;Modřanská;tertiary;662.3;low;hodnota odvozena ze sloučené hrany – ověřit ručně;;;
187491681;attr_changed;classification;highway;tertiary;secondary;Rabakovská;secondary;865.3;low;hodnota odvozena ze sloučené hrany – ověřit ručně;;;
193336657;attr_changed;classification;highway;secondary;tertiary;Podolské nábřeží|Rašínovo nábřeží|Vyšehradský tunel;tertiary;70.4;low;hodnota odvozena ze sloučené hrany – ověřit ručně;;;
193977904;attr_changed;classification;highway;primary;secondary;Rohanské nábřeží;secondary;139.7;low;hodnota odvozena ze sloučené hrany – ověřit ručně;;;
193977905;attr_changed;classification;highway;primary;secondary;Rohanské nábřeží;secondary;250.3;low;hodnota odvozena ze sloučené hrany – ověřit ručně;;;
193977907;attr_changed;classification;highway;primary;secondary;Rohanské nábřeží;secondary;223.5;low;hodnota odvozena ze sloučené hrany – ověřit ručně;;;
193977908;attr_changed;classification;highway;primary;secondary;Rohanské nábřeží;secondary;223.5;low;hodnota odvozena ze sloučené hrany – ověřit ručně;;;
194461910;attr_changed;classification;highway;secondary;tertiary;Sekaninova;tertiary;410.4;high;;;;
194468875;attr_changed;classification;highway;secondary;residential;Janáčkovo nábřeží;residential;164.3;low;hodnota odvozena ze sloučené hrany – ověřit ručně;;;
194468877;attr_changed;classification;highway;secondary;residential;Zborovská;residential;257.9;high;;;;
197174985;attr_changed;classification;highway;secondary;tertiary;Komořanská;tertiary;615.5;low;hodnota odvozena ze sloučené hrany – ověřit ručně;;;
197174990;attr_changed;classification;highway;secondary_link;tertiary_link;;tertiary_link;26.7;high;;;;
198313706;attr_changed;classification;highway;secondary;secondary|tertiary;Křesomyslova;secondary|tertiary;139.2;low;hodnota odvozena ze sloučené hrany – ověřit ručně;;;
198313707;attr_changed;classification;highway;secondary;tertiary;Křesomyslova;tertiary;151.0;low;hodnota odvozena ze sloučené hrany – ověřit ručně;;;
198726095;attr_changed;classification;highway;primary;residential;Holbova;residential;36.2;high;;;;
200063787;attr_changed;classification;highway;tertiary;residential;Újezd;residential;71.5;high;;;;
200063789;attr_changed;classification;highway;secondary;residential;Újezd;residential;54.8;low;hodnota odvozena ze sloučené hrany – ověřit ručně;;;
200063794;attr_changed;classification;highway;secondary;residential;Újezd;residential;70.6;low;hodnota odvozena ze sloučené hrany – ověřit ručně;;;
200063797;attr_changed;classification;highway;tertiary;residential;Újezd;residential;95.1;high;;;;
200063800;attr_changed;classification;highway;tertiary;residential;Újezd;residential;11.1;high;;;;
200063803;attr_changed;classification;highway;secondary;residential;Újezd;residential;127.0;high;;;;
200172057;attr_changed;classification;highway;tertiary;residential|tertiary_link;Lidická|Palackého most;residential|tertiary_link;405.4;low;hodnota odvozena ze sloučené hrany – ověřit ručně;;;
200172059;attr_changed;classification;highway;secondary;tertiary;Rašínovo nábřeží;tertiary;486.3;high;;;;
200172060;attr_changed;classification;highway;secondary;tertiary;Rašínovo nábřeží;tertiary;14.8;low;hodnota odvozena ze sloučené hrany – ověřit ručně;;;
201989120;attr_changed;classification;highway;residential;primary_link;Pátkova;primary_link;28.6;high;;;;
202118040;attr_changed;classification;highway;tertiary;residential;K Letišti;residential;1010.1;high;;;;
203160832;attr_changed;classification;highway;secondary;tertiary;Masarykovo nábřeží;tertiary;54.3;high;;;;
203160833;attr_changed;classification;highway;secondary;tertiary;Masarykovo nábřeží;tertiary;154.7;low;hodnota odvozena ze sloučené hrany – ověřit ručně;;;
203160838;attr_changed;classification;highway;primary_link;tertiary_link;Jiráskův most;tertiary_link;41.6;low;hodnota odvozena ze sloučené hrany – ověřit ručně;;;
204736552;attr_changed;classification;highway;residential|unclassified;residential;Pihelská;residential;186.4;low;hodnota odvozena ze sloučené hrany – ověřit ručně;;;
204739134;attr_changed;classification;highway;primary;secondary;most Barikádníků;secondary;212.4;low;hodnota odvozena ze sloučené hrany – ověřit ručně;;;
204833405;attr_changed;classification;highway;primary;secondary;Ostrovského;secondary;20.9;high;;;;
204846158;attr_changed;classification;highway;secondary;tertiary;Michelská;tertiary;657.2;low;hodnota odvozena ze sloučené hrany – ověřit ručně;;;
204846159;attr_changed;classification;highway;secondary;tertiary;Na Strži;tertiary;264.2;high;;;;
205829420;attr_changed;classification;highway;primary;secondary;U Rustonky;secondary;45.1;low;hodnota odvozena ze sloučené hrany – ověřit ručně;;;
207527338;attr_changed;classification;highway;residential;living_street|residential;Osvětová;living_street|residential;168.6;low;hodnota odvozena ze sloučené hrany – ověřit ručně;;;
208404938;attr_changed;classification;highway;residential;residential|unclassified;K Nové Vsi|Prokopské údolí;residential|unclassified;1122.9;low;hodnota odvozena ze sloučené hrany – ověřit ručně;;;
208405151;attr_changed;classification;highway;living_street;living_street|tertiary;Hlubočepská;living_street|tertiary;337.0;low;hodnota odvozena ze sloučené hrany – ověřit ručně;;;
209270054;attr_changed;classification;highway;secondary;tertiary;Modřanská;tertiary;260.9;low;hodnota odvozena ze sloučené hrany – ověřit ručně;;;
209270055;attr_changed;classification;highway;secondary;tertiary;Modřanská;tertiary;515.6;low;hodnota odvozena ze sloučené hrany – ověřit ručně;;;
209275749;attr_changed;classification;highway;trunk;trunk_link;;trunk_link;212.7;low;hodnota odvozena ze sloučené hrany – ověřit ručně;;;
213905127;attr_changed;classification;highway;trunk;trunk_link;;trunk_link;146.0;low;hodnota odvozena ze sloučené hrany – ověřit ručně;;;
216704684;attr_changed;classification;highway;secondary;tertiary;Na Strži;tertiary;420.9;low;hodnota odvozena ze sloučené hrany – ověřit ručně;;;
216704685;attr_changed;classification;highway;secondary;tertiary;Na Strži;tertiary;645.3;low;hodnota odvozena ze sloučené hrany – ověřit ručně;;;
216876967;attr_changed;classification;highway;primary;secondary;Legerova;secondary;170.7;low;hodnota odvozena ze sloučené hrany – ověřit ručně;;;
217476457;attr_changed;classification;highway;primary;secondary;Sokolská;secondary;100.7;low;hodnota odvozena ze sloučené hrany – ověřit ručně;;;
217969501;attr_changed;classification;highway;primary;secondary;Argentinská;secondary;262.3;low;hodnota odvozena ze sloučené hrany – ověřit ručně;;;
217969502;attr_changed;classification;highway;primary;secondary;Argentinská;secondary;46.5;high;;;;
217969503;attr_changed;classification;highway;primary;secondary;Argentinská;secondary;145.0;low;hodnota odvozena ze sloučené hrany – ověřit ručně;;;
217969504;attr_changed;classification;highway;primary;secondary;Argentinská;secondary;535.9;low;hodnota odvozena ze sloučené hrany – ověřit ručně;;;
217969506;attr_changed;classification;highway;primary;secondary;Argentinská;secondary;244.4;low;hodnota odvozena ze sloučené hrany – ověřit ručně;;;
217969507;attr_changed;classification;highway;primary;secondary;Argentinská;secondary;214.4;high;;;;
217969508;attr_changed;classification;highway;primary;secondary;Argentinská;secondary;131.2;low;hodnota odvozena ze sloučené hrany – ověřit ručně;;;
217973666;attr_changed;classification;highway;secondary;tertiary;Na Pankráci;tertiary;83.1;low;hodnota odvozena ze sloučené hrany – ověřit ručně;;;
217973667;attr_changed;classification;highway;secondary;tertiary;Na Pankráci;tertiary;100.7;low;hodnota odvozena ze sloučené hrany – ověřit ručně;;;
217973668;attr_changed;classification;highway;secondary;tertiary;Na Pankráci;tertiary;272.8;low;hodnota odvozena ze sloučené hrany – ověřit ručně;;;
217973669;attr_changed;classification;highway;secondary;tertiary;Na Pankráci;tertiary;236.3;low;hodnota odvozena ze sloučené hrany – ověřit ručně;;;
217973670;attr_changed;classification;highway;secondary;tertiary;náměstí Hrdinů;tertiary;66.6;high;;;;
217998456;attr_changed;classification;highway;secondary;tertiary;Michelská;tertiary;657.2;low;hodnota odvozena ze sloučené hrany – ověřit ručně;;;
217998457;attr_changed;classification;highway;secondary;tertiary;Michelská;tertiary;50.4;low;hodnota odvozena ze sloučené hrany – ověřit ručně;;;
217998459;attr_changed;classification;highway;secondary;tertiary;Michelská|Vídeňská;tertiary;162.8;low;hodnota odvozena ze sloučené hrany – ověřit ručně;;;
217998460;attr_changed;classification;highway;secondary;tertiary;Michelská|Vídeňská;tertiary;162.8;low;hodnota odvozena ze sloučené hrany – ověřit ručně;;;
217998461;attr_changed;classification;highway;secondary;tertiary;Vídeňská;tertiary;225.4;low;hodnota odvozena ze sloučené hrany – ověřit ručně;;;
217998463;attr_changed;classification;highway;secondary;tertiary;Vídeňská;tertiary;160.1;low;hodnota odvozena ze sloučené hrany – ověřit ručně;;;
217998465;attr_changed;classification;highway;secondary;tertiary;Michelská|Vídeňská;tertiary;162.8;low;hodnota odvozena ze sloučené hrany – ověřit ručně;;;
217998467;attr_changed;classification;highway;secondary;tertiary;Vídeňská;tertiary;225.4;low;hodnota odvozena ze sloučené hrany – ověřit ručně;;;
217999015;attr_changed;classification;highway;secondary;tertiary;Michelská|Vídeňská;tertiary;162.8;low;hodnota odvozena ze sloučené hrany – ověřit ručně;;;
218146490;attr_changed;classification;highway;secondary;tertiary;Modřanská;tertiary;492.8;low;hodnota odvozena ze sloučené hrany – ověřit ručně;;;
218146491;attr_changed;classification;highway;secondary;tertiary;Modřanská;tertiary;316.1;low;hodnota odvozena ze sloučené hrany – ověřit ručně;;;
218146492;attr_changed;classification;highway;secondary;tertiary;Modřanská;tertiary;515.6;low;hodnota odvozena ze sloučené hrany – ověřit ručně;;;
218146493;attr_changed;classification;highway;secondary;tertiary;Podolské nábřeží;tertiary;112.6;low;hodnota odvozena ze sloučené hrany – ověřit ručně;;;
218147473;attr_changed;classification;highway;secondary;tertiary;Podolské nábřeží;tertiary;167.6;low;hodnota odvozena ze sloučené hrany – ověřit ručně;;;
218147474;attr_changed;classification;highway;secondary;tertiary;Podolské nábřeží;tertiary;73.8;low;hodnota odvozena ze sloučené hrany – ověřit ručně;;;
218147475;attr_changed;classification;highway;secondary;tertiary;Podolské nábřeží;tertiary;164.2;low;hodnota odvozena ze sloučené hrany – ověřit ručně;;;
218147476;attr_changed;classification;highway;secondary;tertiary;Podolské nábřeží;tertiary;271.6;low;hodnota odvozena ze sloučené hrany – ověřit ručně;;;
218366337;attr_changed;classification;highway;secondary;tertiary;;tertiary;17.8;high;;;;
218366339;attr_changed;classification;highway;secondary;tertiary;Na Pankráci;tertiary;72.5;low;hodnota odvozena ze sloučené hrany – ověřit ručně;;;
218366348;attr_changed;classification;highway;secondary;tertiary;Na Strži;tertiary;198.8;low;hodnota odvozena ze sloučené hrany – ověřit ručně;;;
218366351;attr_changed;classification;highway;secondary;tertiary;Na Strži;tertiary;183.0;low;hodnota odvozena ze sloučené hrany – ověřit ručně;;;
218366354;attr_changed;classification;highway;secondary;tertiary;Na Strži;tertiary;15.5;high;;;;
218366357;attr_changed;classification;highway;secondary;tertiary;Na Strži;tertiary;17.5;high;;;;
218576198;attr_changed;classification;highway;secondary;tertiary;Vinohradská;tertiary;96.1;low;hodnota odvozena ze sloučené hrany – ověřit ručně;;;
218721434;attr_changed;classification;highway;primary;secondary;Milady Horákové;secondary;307.7;low;hodnota odvozena ze sloučené hrany – ověřit ručně;;;
218778913;attr_changed;classification;highway;secondary;tertiary;Vídeňská;tertiary;200.2;low;hodnota odvozena ze sloučené hrany – ověřit ručně;;;
218778914;attr_changed;classification;highway;secondary;tertiary;Vídeňská;tertiary;208.6;low;hodnota odvozena ze sloučené hrany – ověřit ručně;;;
218778915;attr_changed;classification;highway;secondary;tertiary;Zálesí;tertiary;129.6;high;;;;
218781049;attr_changed;classification;highway;primary;secondary;Legerova;secondary;76.1;low;hodnota odvozena ze sloučené hrany – ověřit ručně;;;
218781051;attr_changed;classification;highway;primary|primary_link;secondary;Legerova;secondary;236.1;low;hodnota odvozena ze sloučené hrany – ověřit ručně;;;
218781053;attr_changed;classification;highway;primary;secondary;Legerova;secondary;190.5;low;hodnota odvozena ze sloučené hrany – ověřit ručně;;;
218781054;attr_changed;classification;highway;primary;secondary;Legerova;secondary;186.5;high;;;;
218781055;attr_changed;classification;highway;primary;secondary;Mezibranská;secondary;56.4;high;;;;
218781056;attr_changed;classification;highway;primary;secondary;Sokolská;secondary;93.4;low;hodnota odvozena ze sloučené hrany – ověřit ručně;;;
218781057;attr_changed;classification;highway;primary;secondary;Žitná;secondary;85.9;low;hodnota odvozena ze sloučené hrany – ověřit ručně;;;
218783671;attr_changed;classification;highway;primary;secondary;Legerova;secondary;83.6;low;hodnota odvozena ze sloučené hrany – ověřit ručně;;;
218783672;attr_changed;classification;highway;primary;secondary;Legerova;secondary;92.0;low;hodnota odvozena ze sloučené hrany – ověřit ručně;;;
218783673;attr_changed;classification;highway;primary;secondary;Sokolská;secondary;104.7;low;hodnota odvozena ze sloučené hrany – ověřit ručně;;;
218783674;attr_changed;classification;highway;primary;secondary;Sokolská;secondary;141.8;low;hodnota odvozena ze sloučené hrany – ověřit ručně;;;
219018739;attr_changed;classification;highway;trunk;secondary;Spořilovská;secondary;105.8;high;;;;
219022351;attr_changed;classification;highway;primary;secondary;K Barrandovu;secondary;416.6;low;hodnota odvozena ze sloučené hrany – ověřit ručně;;;
219574927;attr_changed;classification;highway;primary;secondary;Patočkova;secondary;172.8;high;;;;
219574928;attr_changed;classification;highway;primary;secondary;Patočkova;secondary;104.2;low;hodnota odvozena ze sloučené hrany – ověřit ručně;;;
219574929;attr_changed;classification;highway;primary;secondary;Patočkova;secondary;44.9;high;;;;
219625312;attr_changed;classification;highway;trunk;trunk|trunk_link;Jižní spojka;trunk|trunk_link;1643.0;low;hodnota odvozena ze sloučené hrany – ověřit ručně;;;
219625320;attr_changed;classification;highway;trunk;trunk|trunk_link;Jižní spojka;trunk|trunk_link;2829.7;low;hodnota odvozena ze sloučené hrany – ověřit ručně;;;
220068184;attr_changed;classification;highway;primary;secondary;Kartouzská;secondary;316.2;low;hodnota odvozena ze sloučené hrany – ověřit ručně;;;
220224418;attr_changed;classification;highway;primary;trunk;Strakonická;trunk;2071.8;low;hodnota odvozena ze sloučené hrany – ověřit ručně;;;
220394202;attr_changed;classification;highway;secondary;tertiary;Otakarova;tertiary;113.8;low;hodnota odvozena ze sloučené hrany – ověřit ručně;;;
220624431;attr_changed;classification;highway;primary;secondary;Veletržní;secondary;73.5;low;hodnota odvozena ze sloučené hrany – ověřit ručně;;;
220624433;attr_changed;classification;highway;primary;secondary;Veletržní;secondary;73.5;low;hodnota odvozena ze sloučené hrany – ověřit ručně;;;
220626864;attr_changed;classification;highway;secondary;tertiary;nábřeží Ludvíka Svobody;tertiary;254.4;low;hodnota odvozena ze sloučené hrany – ověřit ručně;;;
220626865;attr_changed;classification;highway;secondary;tertiary;nábřeží Ludvíka Svobody;tertiary;36.2;high;;;;
220626866;attr_changed;classification;highway;secondary;tertiary;nábřeží Ludvíka Svobody;tertiary;254.4;low;hodnota odvozena ze sloučené hrany – ověřit ručně;;;
220626867;attr_changed;classification;highway;secondary;tertiary;nábřeží Ludvíka Svobody;tertiary;254.4;low;hodnota odvozena ze sloučené hrany – ověřit ručně;;;
220626868;attr_changed;classification;highway;primary;residential;Klimentská;residential;62.7;low;hodnota odvozena ze sloučené hrany – ověřit ručně;;;
220626869;attr_changed;classification;highway;primary;residential;Klimentská;residential;62.7;low;hodnota odvozena ze sloučené hrany – ověřit ručně;;;
220626870;attr_changed;classification;highway;primary_link;secondary_link;Klimentská;secondary_link;45.3;low;hodnota odvozena ze sloučené hrany – ověřit ručně;;;
220626871;attr_changed;classification;highway;secondary;tertiary;Lannova;tertiary;40.0;high;;;;
220643328;attr_changed;classification;highway;primary;secondary_link;Holbova;secondary_link;80.8;low;hodnota odvozena ze sloučené hrany – ověřit ručně;;;
220643330;attr_changed;classification;highway;primary;secondary_link;Holbova;secondary_link;80.8;low;hodnota odvozena ze sloučené hrany – ověřit ručně;;;
220643333;attr_changed;classification;highway;primary;secondary_link;Holbova;secondary_link;80.8;low;hodnota odvozena ze sloučené hrany – ověřit ručně;;;
225312057;attr_changed;classification;highway;tertiary;residential|tertiary;Újezd;residential|tertiary;165.5;low;hodnota odvozena ze sloučené hrany – ověřit ručně;;;
228507667;attr_changed;classification;highway;primary_link;secondary_link;;secondary_link;67.6;high;;;;
228646726;attr_changed;classification;highway;secondary;tertiary;Vídeňská;tertiary;356.0;high;;;;
229132977;attr_changed;classification;highway;secondary;tertiary;Lounských;tertiary;56.9;low;hodnota odvozena ze sloučené hrany – ověřit ručně;;;
229211185;attr_changed;classification;highway;secondary;tertiary;K Horkám;tertiary;25.0;high;;;;
230064193;attr_changed;classification;highway;secondary;tertiary;Michelská;tertiary;657.2;low;hodnota odvozena ze sloučené hrany – ověřit ručně;;;
230064194;attr_changed;classification;highway;secondary;tertiary;Michelská;tertiary;657.2;low;hodnota odvozena ze sloučené hrany – ověřit ručně;;;
230064199;attr_changed;classification;highway;secondary;tertiary;Na Strži;tertiary;10.0;high;;;;
230064202;attr_changed;classification;highway;secondary;tertiary;Vídeňská;tertiary;115.9;high;;;;
230064203;attr_changed;classification;highway;secondary;tertiary;Vídeňská;tertiary;163.8;low;hodnota odvozena ze sloučené hrany – ověřit ručně;;;
230064204;attr_changed;classification;highway;secondary;tertiary;Vídeňská;tertiary;37.3;high;;;;
230726263;attr_changed;classification;highway;primary;secondary;Veletržní;secondary;88.8;low;hodnota odvozena ze sloučené hrany – ověřit ručně;;;
230726267;attr_changed;classification;highway;primary;secondary;Veletržní;secondary;153.8;low;hodnota odvozena ze sloučené hrany – ověřit ručně;;;
232436610;attr_changed;classification;highway;primary;secondary;Milady Horákové;secondary;58.1;high;;;;
232577121;attr_changed;classification;highway;secondary;tertiary;Vinohradská;tertiary;99.6;high;;;;
232842473;attr_changed;classification;highway;living_street|residential;living_street;Sázavská;living_street;104.8;low;hodnota odvozena ze sloučené hrany – ověřit ručně;;;
235192416;attr_changed;classification;highway;secondary_link;tertiary_link;;tertiary_link;14.6;high;;;;
235927117;attr_changed;classification;highway;primary;secondary;Rohanské nábřeží;secondary;563.8;low;hodnota odvozena ze sloučené hrany – ověřit ručně;;;
235927119;attr_changed;classification;highway;primary;secondary;Rohanské nábřeží;secondary;369.3;low;hodnota odvozena ze sloučené hrany – ověřit ručně;;;
235927129;attr_changed;classification;highway;primary;secondary;Rohanské nábřeží;secondary;250.3;low;hodnota odvozena ze sloučené hrany – ověřit ručně;;;
235927164;attr_changed;classification;highway;primary;primary|secondary;Sokolovská;primary|secondary;349.2;low;hodnota odvozena ze sloučené hrany – ověřit ručně;;;
236742353;attr_changed;classification;highway;secondary;tertiary;Novodvorská;tertiary;636.0;low;hodnota odvozena ze sloučené hrany – ověřit ručně;;;
236742360;attr_changed;classification;highway;secondary;tertiary;Novodvorská;tertiary;456.1;low;hodnota odvozena ze sloučené hrany – ověřit ručně;;;
236742363;attr_changed;classification;highway;secondary;tertiary;Novodvorská;tertiary;456.1;low;hodnota odvozena ze sloučené hrany – ověřit ručně;;;
236742366;attr_changed;classification;highway;secondary;tertiary;Novodvorská;tertiary;375.6;low;hodnota odvozena ze sloučené hrany – ověřit ručně;;;
236742369;attr_changed;classification;highway;secondary;tertiary;Novodvorská;tertiary;560.7;low;hodnota odvozena ze sloučené hrany – ověřit ručně;;;
236742372;attr_changed;classification;highway;secondary;tertiary;Novodvorská;tertiary;450.6;low;hodnota odvozena ze sloučené hrany – ověřit ručně;;;
238052770;attr_changed;classification;highway;primary;secondary;Veletržní;secondary;155.7;high;;;;
240348041;attr_changed;classification;highway;residential;living_street|residential;Lázeňská|Velkopřevorské náměstí;living_street|residential;138.0;low;hodnota odvozena ze sloučené hrany – ověřit ručně;;;
244932149;attr_changed;classification;highway;secondary;tertiary;Mírového hnutí;tertiary;21.8;high;;;;
245345021;attr_changed;classification;highway;secondary;tertiary;Na Strži;tertiary;422.6;low;hodnota odvozena ze sloučené hrany – ověřit ručně;;;
245370593;attr_changed;classification;highway;secondary;tertiary;Na Strži;tertiary;422.6;low;hodnota odvozena ze sloučené hrany – ověřit ručně;;;
245401862;attr_changed;classification;highway;secondary;tertiary;Na Strži;tertiary;422.6;low;hodnota odvozena ze sloučené hrany – ověřit ručně;;;
245403357;attr_changed;classification;highway;secondary;tertiary;Na Strži;tertiary;556.5;low;hodnota odvozena ze sloučené hrany – ověřit ručně;;;
245404047;attr_changed;classification;highway;secondary;tertiary;Na Strži;tertiary;133.2;low;hodnota odvozena ze sloučené hrany – ověřit ručně;;;
245405347;attr_changed;classification;highway;secondary;tertiary;Na Strži;tertiary;420.9;low;hodnota odvozena ze sloučené hrany – ověřit ručně;;;
245405607;attr_changed;classification;highway;secondary;tertiary;Na Strži;tertiary;420.9;low;hodnota odvozena ze sloučené hrany – ověřit ručně;;;
245405608;attr_changed;classification;highway;secondary;tertiary;Na Strži;tertiary;420.9;low;hodnota odvozena ze sloučené hrany – ověřit ručně;;;
245440859;attr_changed;classification;highway;secondary;tertiary;Výstavní;tertiary;72.8;high;;;;
245440863;attr_changed;classification;highway;secondary;tertiary;Výstavní;tertiary;133.4;high;;;;
245683005;attr_changed;classification;highway;secondary;tertiary;Vyskočilova;tertiary;142.1;low;hodnota odvozena ze sloučené hrany – ověřit ručně;;;
245694616;attr_changed;classification;highway;secondary;tertiary;Vyskočilova;tertiary;142.1;low;hodnota odvozena ze sloučené hrany – ověřit ručně;;;
245901986;attr_changed;classification;highway;primary;secondary;Milady Horákové;secondary;30.1;high;;;;
246285655;attr_changed;classification;highway;secondary;tertiary;Vyskočilova;tertiary;137.1;low;hodnota odvozena ze sloučené hrany – ověřit ručně;;;
246285656;attr_changed;classification;highway;secondary;tertiary;Vyskočilova;tertiary;88.8;low;hodnota odvozena ze sloučené hrany – ověřit ručně;;;
246286023;attr_changed;classification;highway;secondary;tertiary;Vyskočilova;tertiary;137.1;low;hodnota odvozena ze sloučené hrany – ověřit ručně;;;
246286341;attr_changed;classification;highway;primary_link;secondary_link;;secondary_link;203.5;low;hodnota odvozena ze sloučené hrany – ověřit ručně;;;
246287673;attr_changed;classification;highway;secondary;tertiary;Vyskočilova;tertiary;88.8;low;hodnota odvozena ze sloučené hrany – ověřit ručně;;;
246287674;attr_changed;classification;highway;secondary;tertiary;Vyskočilova;tertiary;46.5;high;;;;
246290884;attr_changed;classification;highway;secondary;tertiary;Olbrachtova;tertiary;179.3;low;hodnota odvozena ze sloučené hrany – ověřit ručně;;;
246344084;attr_changed;classification;highway;secondary;tertiary;Olbrachtova;tertiary;173.2;low;hodnota odvozena ze sloučené hrany – ověřit ručně;;;
246344086;attr_changed;classification;highway;secondary;tertiary;Vyskočilova;tertiary;55.7;high;;;;
246344087;attr_changed;classification;highway;secondary;tertiary;Vyskočilova;tertiary;82.9;low;hodnota odvozena ze sloučené hrany – ověřit ručně;;;
246344088;attr_changed;classification;highway;secondary;tertiary;Vyskočilova;tertiary;226.0;high;;;;
246347298;attr_changed;classification;highway;trunk;secondary|trunk;5. května;secondary|trunk;284.3;low;hodnota odvozena ze sloučené hrany – ověřit ručně;;;
246347300;attr_changed;classification;highway;primary|trunk;secondary|trunk;5. května;secondary|trunk;513.1;low;hodnota odvozena ze sloučené hrany – ověřit ručně;;;
246347301;attr_changed;classification;highway;primary|trunk;secondary|trunk;5. května;secondary|trunk;513.1;low;hodnota odvozena ze sloučené hrany – ověřit ručně;;;
248620139;attr_changed;classification;highway;primary;secondary;Milady Horákové;secondary;88.3;low;hodnota odvozena ze sloučené hrany – ověřit ručně;;;
248620140;attr_changed;classification;highway;primary;secondary;Milady Horákové;secondary;99.5;low;hodnota odvozena ze sloučené hrany – ověřit ručně;;;
248620141;attr_changed;classification;highway;primary;secondary;Milady Horákové;secondary;88.3;low;hodnota odvozena ze sloučené hrany – ověřit ručně;;;
248693412;attr_changed;classification;highway;secondary;tertiary;Na Strži;tertiary;198.8;low;hodnota odvozena ze sloučené hrany – ověřit ručně;;;
248693413;attr_changed;classification;highway;secondary;tertiary;Na Strži;tertiary;183.0;low;hodnota odvozena ze sloučené hrany – ověřit ručně;;;
248936258;attr_changed;classification;highway;secondary;tertiary;Novodvorská;tertiary;215.4;low;hodnota odvozena ze sloučené hrany – ověřit ručně;;;
248936262;attr_changed;classification;highway;secondary;tertiary;Novodvorská;tertiary;94.4;low;hodnota odvozena ze sloučené hrany – ověřit ručně;;;
249599490;attr_changed;classification;highway;secondary;secondary|tertiary;Mírového hnutí;secondary|tertiary;237.9;low;hodnota odvozena ze sloučené hrany – ověřit ručně;;;
250351871;attr_changed;classification;highway;secondary;tertiary;Jaromírova;tertiary;168.1;low;hodnota odvozena ze sloučené hrany – ověřit ručně;;;
250351872;attr_changed;classification;highway;secondary;tertiary;Sekaninova;tertiary;242.3;high;;;;
250502163;attr_changed;classification;highway;secondary;tertiary;Na Pankráci;tertiary;267.0;low;hodnota odvozena ze sloučené hrany – ověřit ručně;;;
250510582;attr_changed;classification;highway;secondary;tertiary;Vídeňská;tertiary;225.4;low;hodnota odvozena ze sloučené hrany – ověřit ručně;;;
250511235;attr_changed;classification;highway;secondary;tertiary;Vídeňská;tertiary;563.2;low;hodnota odvozena ze sloučené hrany – ověřit ručně;;;
250511821;attr_changed;classification;highway;secondary;tertiary;Vídeňská;tertiary;146.8;low;hodnota odvozena ze sloučené hrany – ověřit ručně;;;
250511822;attr_changed;classification;highway;secondary;secondary|tertiary;Vídeňská;secondary|tertiary;613.2;low;hodnota odvozena ze sloučené hrany – ověřit ručně;;;
250511824;attr_changed;classification;highway;secondary;tertiary;Vídeňská;tertiary;200.2;low;hodnota odvozena ze sloučené hrany – ověřit ručně;;;
250512851;attr_changed;classification;highway;secondary;tertiary;Vídeňská;tertiary;28.3;high;;;;
250512852;attr_changed;classification;highway;secondary;tertiary;Vídeňská;tertiary;765.7;high;;;;
250515614;attr_changed;classification;highway;secondary;secondary|tertiary;Vídeňská;secondary|tertiary;613.2;low;hodnota odvozena ze sloučené hrany – ověřit ručně;;;
250516235;attr_changed;classification;highway;secondary;tertiary;Vídeňská;tertiary;208.6;low;hodnota odvozena ze sloučené hrany – ověřit ručně;;;
250518143;attr_changed;classification;highway;secondary;tertiary;Na Strži;tertiary;133.2;low;hodnota odvozena ze sloučené hrany – ověřit ručně;;;
250518153;attr_changed;classification;highway;secondary;tertiary;Vídeňská;tertiary;518.2;low;hodnota odvozena ze sloučené hrany – ověřit ručně;;;
250519223;attr_changed;classification;highway;secondary;tertiary;Na Pankráci;tertiary;512.2;high;;;;
250519466;attr_changed;classification;highway;secondary;tertiary;náměstí Hrdinů;tertiary;78.0;low;hodnota odvozena ze sloučené hrany – ověřit ručně;;;
250660128;attr_changed;classification;highway;secondary;tertiary;Na Strži;tertiary;95.9;low;hodnota odvozena ze sloučené hrany – ověřit ručně;;;
251630202;attr_changed;classification;highway;residential;living_street;;living_street;55.2;high;;;;
251949439;attr_changed;classification;highway;primary;secondary;Milady Horákové;secondary;84.0;low;hodnota odvozena ze sloučené hrany – ověřit ručně;;;
251951765;attr_changed;classification;highway;primary;secondary;Bubenské nábřeží;secondary;98.6;high;;;;
251951771;attr_changed;classification;highway;primary;secondary;Argentinská;secondary;62.1;high;;;;
251993425;attr_changed;classification;highway;primary;secondary;nábřeží Kapitána Jaroše;secondary;436.8;low;hodnota odvozena ze sloučené hrany – ověřit ručně;;;
251996821;attr_changed;classification;highway;primary;secondary;Argentinská;secondary;182.3;low;hodnota odvozena ze sloučené hrany – ověřit ručně;;;
255376160;attr_changed;classification;highway;secondary;residential;Janáčkovo nábřeží;residential;21.6;low;hodnota odvozena ze sloučené hrany – ověřit ručně;;;
255620098;attr_changed;classification;highway;primary_link;secondary_link;;secondary_link;23.7;high;;;;
261303489;attr_changed;classification;highway;secondary;tertiary;Novodvorská;tertiary;215.4;low;hodnota odvozena ze sloučené hrany – ověřit ručně;;;
261303733;attr_changed;classification;highway;secondary;tertiary;Novodvorská;tertiary;456.1;low;hodnota odvozena ze sloučené hrany – ověřit ručně;;;
261938078;attr_changed;classification;highway;primary;secondary;Rohanské nábřeží;secondary;250.8;low;hodnota odvozena ze sloučené hrany – ověřit ručně;;;
265184278;attr_changed;classification;highway;secondary;tertiary;K Horkám;tertiary;283.2;low;hodnota odvozena ze sloučené hrany – ověřit ručně;;;
265184287;attr_changed;classification;highway;secondary;tertiary;Mírového hnutí;tertiary;301.9;low;hodnota odvozena ze sloučené hrany – ověřit ručně;;;
265184290;attr_changed;classification;highway;secondary;tertiary;Mírového hnutí;tertiary;387.4;low;hodnota odvozena ze sloučené hrany – ověřit ručně;;;
265185513;attr_changed;classification;highway;secondary;tertiary;K Horkám;tertiary;283.2;low;hodnota odvozena ze sloučené hrany – ověřit ručně;;;
265189868;attr_changed;classification;highway;secondary;tertiary;K Horkám;tertiary;107.4;low;hodnota odvozena ze sloučené hrany – ověřit ručně;;;
265189869;attr_changed;classification;highway;secondary;tertiary;K Horkám;tertiary;201.7;low;hodnota odvozena ze sloučené hrany – ověřit ručně;;;
265197477;attr_changed;classification;highway;secondary;tertiary;K Horkám|K Horkám;tertiary;171.0;low;hodnota odvozena ze sloučené hrany – ověřit ručně;;;
265197478;attr_changed;classification;highway;secondary;tertiary;K Horkám;tertiary;157.8;low;hodnota odvozena ze sloučené hrany – ověřit ručně;;;
268960950;attr_changed;classification;highway;primary;secondary;Karlovo náměstí;secondary;115.1;low;hodnota odvozena ze sloučené hrany – ověřit ručně;;;
270226472;attr_changed;classification;highway;residential;primary_link;Pátkova;primary_link;29.9;high;;;;
275409433;attr_changed;classification;highway;primary;secondary;Legerova;secondary;170.7;low;hodnota odvozena ze sloučené hrany – ověřit ručně;;;
275409434;attr_changed;classification;highway;primary;secondary;Legerova;secondary;49.4;high;;;;
275409435;attr_changed;classification;highway;primary;secondary;Wilsonova;secondary;313.5;low;hodnota odvozena ze sloučené hrany – ověřit ručně;;;
275410720;attr_changed;classification;highway;primary;secondary;Wilsonova;secondary;343.8;low;hodnota odvozena ze sloučené hrany – ověřit ručně;;;
275410722;attr_changed;classification;highway;primary;secondary;Wilsonova;secondary;343.8;low;hodnota odvozena ze sloučené hrany – ověřit ručně;;;
279832410;attr_changed;classification;highway;secondary;tertiary;Vyskočilova;tertiary;230.2;low;hodnota odvozena ze sloučené hrany – ověřit ručně;;;
279838425;attr_changed;classification;highway;secondary;tertiary;Vyskočilova;tertiary;193.5;low;hodnota odvozena ze sloučené hrany – ověřit ručně;;;
279838426;attr_changed;classification;highway;secondary;tertiary;Vyskočilova;tertiary;193.5;low;hodnota odvozena ze sloučené hrany – ověřit ručně;;;
279838427;attr_changed;classification;highway;secondary;tertiary;Vyskočilova;tertiary;230.2;low;hodnota odvozena ze sloučené hrany – ověřit ručně;;;
279838428;attr_changed;classification;highway;secondary;tertiary;Vyskočilova;tertiary;243.4;low;hodnota odvozena ze sloučené hrany – ověřit ručně;;;
279838429;attr_changed;classification;highway;secondary;tertiary;Vyskočilova;tertiary;192.0;low;hodnota odvozena ze sloučené hrany – ověřit ručně;;;
279840194;attr_changed;classification;highway;secondary;tertiary;Michelská;tertiary;198.6;low;hodnota odvozena ze sloučené hrany – ověřit ručně;;;
279846358;attr_changed;classification;highway;secondary;tertiary;Michelská;tertiary;260.4;low;hodnota odvozena ze sloučené hrany – ověřit ručně;;;
279846360;attr_changed;classification;highway;secondary;tertiary;Michelská;tertiary;267.5;high;;;;
279846363;attr_changed;classification;highway;secondary;tertiary;Michelská;tertiary;260.4;low;hodnota odvozena ze sloučené hrany – ověřit ručně;;;
279846365;attr_changed;classification;highway;secondary;tertiary;Michelská;tertiary;121.2;high;;;;
279876410;attr_changed;classification;highway;secondary;tertiary;Michelská;tertiary;723.9;low;hodnota odvozena ze sloučené hrany – ověřit ručně;;;
280058556;attr_changed;classification;highway;secondary;tertiary;Mírového hnutí;tertiary;47.4;high;;;;
280058557;attr_changed;classification;highway;secondary;tertiary;Mírového hnutí;tertiary;150.8;low;hodnota odvozena ze sloučené hrany – ověřit ručně;;;
280465386;attr_changed;classification;highway;motorway_link;motorway_link|trunk_link;;motorway_link|trunk_link;448.3;low;hodnota odvozena ze sloučené hrany – ověřit ručně;;;
285188271;attr_changed;classification;highway;secondary;tertiary;Rašínovo nábřeží;tertiary;111.6;low;hodnota odvozena ze sloučené hrany – ověřit ručně;;;
285194604;attr_changed;classification;highway;secondary;tertiary;Podolské nábřeží;tertiary;109.7;low;hodnota odvozena ze sloučené hrany – ověřit ručně;;;
285194605;attr_changed;classification;highway;secondary;tertiary;Podolské nábřeží;tertiary;107.4;low;hodnota odvozena ze sloučené hrany – ověřit ručně;;;
292325039;attr_changed;classification;highway;primary;secondary;Argentinská;secondary;535.9;low;hodnota odvozena ze sloučené hrany – ověřit ručně;;;
292389744;attr_changed;classification;highway;secondary;primary;Davídkova;primary;191.2;low;hodnota odvozena ze sloučené hrany – ověřit ručně;;;
292599253;attr_changed;classification;highway;primary;secondary;Milady Horákové;secondary;8.0;high;;;;
292839182;attr_changed;classification;highway;primary;secondary;Rohanské nábřeží;secondary;563.8;low;hodnota odvozena ze sloučené hrany – ověřit ručně;;;
292839183;attr_changed;classification;highway;primary;secondary;Rohanské nábřeží;secondary;563.8;low;hodnota odvozena ze sloučené hrany – ověřit ručně;;;
292839184;attr_changed;classification;highway;primary;secondary;Rohanské nábřeží;secondary;563.8;low;hodnota odvozena ze sloučené hrany – ověřit ručně;;;
295426333;attr_changed;classification;highway;secondary;tertiary;Vyskočilova;tertiary;176.9;low;hodnota odvozena ze sloučené hrany – ověřit ručně;;;
295426336;attr_changed;classification;highway;secondary_link;tertiary_link;;tertiary_link;42.2;high;;;;
295451893;attr_changed;classification;highway;primary|trunk;secondary|trunk;5. května;secondary|trunk;513.1;low;hodnota odvozena ze sloučené hrany – ověřit ručně;;;
295451894;attr_changed;classification;highway;primary;secondary;5. května;secondary;195.4;low;hodnota odvozena ze sloučené hrany – ověřit ručně;;;
295451895;attr_changed;classification;highway;primary_link;secondary_link;;secondary_link;189.3;low;hodnota odvozena ze sloučené hrany – ověřit ručně;;;
295451896;attr_changed;classification;highway;primary_link;secondary_link;;secondary_link;66.9;high;;;;
295451897;attr_changed;classification;highway;primary_link;secondary_link;;secondary_link;175.5;low;hodnota odvozena ze sloučené hrany – ověřit ručně;;;
295452269;attr_changed;classification;highway;secondary;tertiary;Na Strži;tertiary;144.8;low;hodnota odvozena ze sloučené hrany – ověřit ručně;;;
295452270;attr_changed;classification;highway;primary_link;secondary_link;;secondary_link;23.6;high;;;;
295452271;attr_changed;classification;highway;primary_link;secondary_link;;secondary_link;90.0;high;;;;
295452272;attr_changed;classification;highway;primary_link;secondary_link;;secondary_link;57.4;high;;;;
295454609;attr_changed;classification;highway;primary;secondary;5. května;secondary;348.3;low;hodnota odvozena ze sloučené hrany – ověřit ručně;;;
295454610;attr_changed;classification;highway;primary;secondary;5. května;secondary;612.7;low;hodnota odvozena ze sloučené hrany – ověřit ručně;;;
295454627;attr_changed;classification;highway;primary_link;secondary_link;;secondary_link;116.1;low;hodnota odvozena ze sloučené hrany – ověřit ručně;;;
295454628;attr_changed;classification;highway;primary_link;secondary_link;;secondary_link;68.7;high;;;;
295792353;attr_changed;classification;highway;trunk;trunk|trunk_link;Jižní spojka;trunk|trunk_link;2829.7;low;hodnota odvozena ze sloučené hrany – ověřit ručně;;;
295999765;attr_changed;classification;highway;primary;secondary;Bubenská;secondary;115.9;low;hodnota odvozena ze sloučené hrany – ověřit ručně;;;
296905556;attr_changed;classification;highway;secondary;tertiary;Vídeňská;tertiary;563.2;low;hodnota odvozena ze sloučené hrany – ověřit ručně;;;
299957157;attr_changed;classification;highway;primary;secondary;Bubenská;secondary;129.5;low;hodnota odvozena ze sloučené hrany – ověřit ručně;;;
302538269;attr_changed;classification;highway;primary;secondary_link;Bondyho;secondary_link;69.7;high;;;;
302538270;attr_changed;classification;highway;primary;secondary_link;Bondyho;secondary_link;53.5;high;;;;
302538271;attr_changed;classification;highway;primary;secondary;Vrbenského;secondary;35.8;high;;;;
304084730;attr_changed;classification;highway;primary;secondary;Rohanské nábřeží;secondary;179.0;low;hodnota odvozena ze sloučené hrany – ověřit ručně;;;
305916001;attr_changed;classification;highway;primary;secondary;Partyzánská;secondary;79.8;low;hodnota odvozena ze sloučené hrany – ověřit ručně;;;
305916005;attr_changed;classification;highway;primary;secondary;Partyzánská;secondary;75.3;low;hodnota odvozena ze sloučené hrany – ověřit ručně;;;
306487549;attr_changed;classification;highway;residential;secondary_link;;secondary_link;22.1;high;;;;
307197644;attr_changed;classification;highway;primary;trunk;Strakonická;trunk;153.7;low;hodnota odvozena ze sloučené hrany – ověřit ručně;;;
308039145;attr_changed;classification;highway;secondary;tertiary;Podolské nábřeží;tertiary;235.3;low;hodnota odvozena ze sloučené hrany – ověřit ručně;;;
308194427;attr_changed;classification;highway;primary;secondary;Milady Horákové;secondary;380.3;low;hodnota odvozena ze sloučené hrany – ověřit ručně;;;
308194428;attr_changed;classification;highway;primary;secondary;Milady Horákové;secondary;380.3;low;hodnota odvozena ze sloučené hrany – ověřit ručně;;;
308198806;attr_changed;classification;highway;secondary;tertiary;K Horkám;tertiary;283.2;low;hodnota odvozena ze sloučené hrany – ověřit ručně;;;
308198816;attr_changed;classification;highway;secondary;tertiary;K Horkám;tertiary;60.2;low;hodnota odvozena ze sloučené hrany – ověřit ručně;;;
308198821;attr_changed;classification;highway;secondary;tertiary;Mírového hnutí;tertiary;387.4;low;hodnota odvozena ze sloučené hrany – ověřit ručně;;;
308198825;attr_changed;classification;highway;secondary;tertiary;Mírového hnutí;tertiary;387.4;low;hodnota odvozena ze sloučené hrany – ověřit ručně;;;
308279156;attr_changed;classification;highway;primary;trunk;;trunk;222.9;low;hodnota odvozena ze sloučené hrany – ověřit ručně;;;
308279157;attr_changed;classification;highway;primary;trunk;Strakonická;trunk;153.7;low;hodnota odvozena ze sloučené hrany – ověřit ručně;;;
309200808;attr_changed;classification;highway;primary;secondary;Argentinská;secondary;12.0;high;;;;
309201456;attr_changed;classification;highway;primary;secondary;Vrbenského;secondary;247.5;low;hodnota odvozena ze sloučené hrany – ověřit ručně;;;
309698770;attr_changed;classification;highway;primary;secondary;Bubenská;secondary;115.9;low;hodnota odvozena ze sloučené hrany – ověřit ručně;;;
309698771;attr_changed;classification;highway;primary;secondary;Hlávkův most|Wilsonova;secondary;483.3;low;hodnota odvozena ze sloučené hrany – ověřit ručně;;;
309698772;attr_changed;classification;highway;primary;secondary;Hlávkův most|Wilsonova;secondary;483.1;low;hodnota odvozena ze sloučené hrany – ověřit ručně;;;
309698784;attr_changed;classification;highway;primary_link;secondary_link;Bubenská;secondary_link;41.2;low;hodnota odvozena ze sloučené hrany – ověřit ručně;;;
309760774;attr_changed;classification;highway;primary;secondary;Patočkova;secondary;175.0;low;hodnota odvozena ze sloučené hrany – ověřit ručně;;;
310027197;attr_changed;classification;highway;primary;secondary;Patočkova;secondary;210.1;low;hodnota odvozena ze sloučené hrany – ověřit ručně;;;
311017934;attr_changed;classification;highway;trunk;trunk_link;;trunk_link;212.7;low;hodnota odvozena ze sloučené hrany – ověřit ručně;;;
311017935;attr_changed;classification;highway;trunk;trunk_link;;trunk_link;212.7;low;hodnota odvozena ze sloučené hrany – ověřit ručně;;;
311019729;attr_changed;classification;highway;secondary_link;secondary_link|trunk_link;;secondary_link|trunk_link;196.2;low;hodnota odvozena ze sloučené hrany – ověřit ručně;;;
311029764;attr_changed;classification;highway;trunk;trunk_link;;trunk_link;219.9;low;hodnota odvozena ze sloučené hrany – ověřit ručně;;;
311029781;attr_changed;classification;highway;trunk;trunk_link;;trunk_link;219.9;low;hodnota odvozena ze sloučené hrany – ověřit ručně;;;
311303349;attr_changed;classification;highway;secondary;tertiary;Vyskočilova;tertiary;5.5;high;;;;
311303350;attr_changed;classification;highway;secondary;tertiary;Vyskočilova;tertiary;137.1;low;hodnota odvozena ze sloučené hrany – ověřit ručně;;;
311303352;attr_changed;classification;highway;secondary;tertiary;Vyskočilova;tertiary;137.1;low;hodnota odvozena ze sloučené hrany – ověřit ručně;;;
311303353;attr_changed;classification;highway;secondary;tertiary;Vyskočilova;tertiary;50.2;high;;;;
312041664;attr_changed;classification;highway;primary;secondary;U Výstaviště;secondary;110.8;low;hodnota odvozena ze sloučené hrany – ověřit ručně;;;
312045784;attr_changed;classification;highway;primary;secondary;Partyzánská;secondary;79.8;low;hodnota odvozena ze sloučené hrany – ověřit ručně;;;
312960737;attr_changed;classification;highway;residential;living_street;Ke Kálku;living_street;140.3;high;;;;
312979080;attr_changed;classification;highway;primary;trunk;Kbelská;trunk;162.2;low;hodnota odvozena ze sloučené hrany – ověřit ručně;;;
312982083;attr_changed;classification;highway;primary;trunk;Kbelská;trunk;719.3;low;hodnota odvozena ze sloučené hrany – ověřit ručně;;;
312983015;attr_changed;classification;highway;primary;trunk;Kbelská;trunk;719.3;low;hodnota odvozena ze sloučené hrany – ověřit ručně;;;
312983016;attr_changed;classification;highway;primary;trunk;Kbelská;trunk;719.3;low;hodnota odvozena ze sloučené hrany – ověřit ručně;;;
312983017;attr_changed;classification;highway;primary;trunk;Kbelská;trunk;54.8;high;;;;
312991963;attr_changed;classification;highway;primary;trunk;Průmyslová;trunk;1247.5;low;hodnota odvozena ze sloučené hrany – ověřit ručně;;;
312994285;attr_changed;classification;highway;primary;trunk;Průmyslová;trunk;252.1;low;hodnota odvozena ze sloučené hrany – ověřit ručně;;;
313056227;attr_changed;classification;highway;primary;primary|trunk;Průmyslová;primary|trunk;843.1;low;hodnota odvozena ze sloučené hrany – ověřit ručně;;;
314155157;attr_changed;classification;highway;tertiary;residential;Ke Kablu;residential;26.3;high;;;;
314233015;attr_changed;classification;highway;primary;secondary;Hořejší nábřeží;secondary;77.1;low;hodnota odvozena ze sloučené hrany – ověřit ručně;;;
314357166;attr_changed;classification;highway;primary;trunk;Strakonická;trunk;1835.1;low;hodnota odvozena ze sloučené hrany – ověřit ručně;;;
319331816;attr_changed;classification;highway;tertiary;residential;Politických vězňů;residential;52.3;low;hodnota odvozena ze sloučené hrany – ověřit ručně;;;
319331817;attr_changed;classification;highway;tertiary;secondary_link;Politických vězňů;secondary_link;36.0;high;;;;
319331818;attr_changed;classification;highway;tertiary;secondary_link;Politických vězňů;secondary_link;45.2;high;;;;
320832626;attr_changed;classification;highway;primary;secondary;Milady Horákové;secondary;330.8;low;hodnota odvozena ze sloučené hrany – ověřit ručně;;;
320832634;attr_changed;classification;highway;primary;secondary;Milady Horákové;secondary;307.7;low;hodnota odvozena ze sloučené hrany – ověřit ručně;;;
320832636;attr_changed;classification;highway;primary;secondary;Milady Horákové;secondary;333.0;low;hodnota odvozena ze sloučené hrany – ověřit ručně;;;
325163043;attr_changed;classification;highway;primary;secondary|trunk_link;K Barrandovu;secondary|trunk_link;676.9;low;hodnota odvozena ze sloučené hrany – ověřit ručně;;;
325163044;attr_changed;classification;highway;primary;trunk_link;;trunk_link;380.2;low;hodnota odvozena ze sloučené hrany – ověřit ručně;;;
325508897;attr_changed;classification;highway;primary;secondary;Legerova;secondary;142.3;low;hodnota odvozena ze sloučené hrany – ověřit ručně;;;
325508904;attr_changed;classification;highway;primary;secondary;Legerova;secondary;83.6;low;hodnota odvozena ze sloučené hrany – ověřit ručně;;;
325508907;attr_changed;classification;highway;primary;secondary;Legerova;secondary;53.1;low;hodnota odvozena ze sloučené hrany – ověřit ručně;;;
325508914;attr_changed;classification;highway;primary;secondary;Legerova;secondary;157.8;high;;;;
325508916;attr_changed;classification;highway;primary;secondary;Legerova;secondary;92.0;low;hodnota odvozena ze sloučené hrany – ověřit ručně;;;
325516796;attr_changed;classification;highway;primary;secondary;Sokolská;secondary;99.1;high;;;;
325520807;attr_changed;classification;highway;primary;secondary;Sokolská;secondary;78.7;high;;;;
325520808;attr_changed;classification;highway;primary;secondary;Sokolská;secondary;38.9;high;;;;
325520809;attr_changed;classification;highway;primary;secondary;Sokolská;secondary;104.7;low;hodnota odvozena ze sloučené hrany – ověřit ručně;;;
325520810;attr_changed;classification;highway;primary;secondary;Sokolská;secondary;141.8;low;hodnota odvozena ze sloučené hrany – ověřit ručně;;;
326620079;attr_changed;classification;highway;secondary;tertiary;Pražská;tertiary;60.1;low;hodnota odvozena ze sloučené hrany – ověřit ručně;;;
326871437;attr_changed;classification;highway;secondary;tertiary;K Horkám;tertiary;107.4;low;hodnota odvozena ze sloučené hrany – ověřit ručně;;;
326871439;attr_changed;classification;highway;secondary;tertiary;K Horkám;tertiary;326.0;low;hodnota odvozena ze sloučené hrany – ověřit ručně;;;
328056089;attr_changed;classification;highway;primary;secondary;Argentinská;secondary;215.4;high;;;;
330412637;attr_changed;classification;highway;motorway_link|secondary;motorway_link|trunk_link;;motorway_link|trunk_link;416.6;low;hodnota odvozena ze sloučené hrany – ověřit ručně;;;
330412638;attr_changed;classification;highway;secondary;secondary|trunk_link;Chlumecká;secondary|trunk_link;404.2;low;hodnota odvozena ze sloučené hrany – ověřit ručně;;;
330412640;attr_changed;classification;highway;secondary;secondary|trunk_link;Chlumecká;secondary|trunk_link;404.2;low;hodnota odvozena ze sloučené hrany – ověřit ručně;;;
332442960;attr_changed;classification;highway;trunk;secondary|trunk;Spořilovská;secondary|trunk;1261.3;low;hodnota odvozena ze sloučené hrany – ověřit ručně;;;
332443350;attr_changed;classification;highway;trunk;secondary|trunk;Spořilovská;secondary|trunk;859.6;low;hodnota odvozena ze sloučené hrany – ověřit ručně;;;
332576535;attr_changed;classification;highway;primary;secondary;Sokolovská;secondary;364.4;low;hodnota odvozena ze sloučené hrany – ověřit ručně;;;
332707552;attr_changed;classification;highway;secondary;tertiary;K Horkám;tertiary;19.3;high;;;;
332707553;attr_changed;classification;highway;secondary;tertiary;K Horkám;tertiary;157.8;low;hodnota odvozena ze sloučené hrany – ověřit ručně;;;
332707554;attr_changed;classification;highway;secondary;tertiary;Hostivařské náměstí;tertiary;63.5;high;;;;
332707555;attr_changed;classification;highway;secondary;tertiary;Hostivařské náměstí|K Horkám|K Horkám;tertiary;170.6;low;hodnota odvozena ze sloučené hrany – ověřit ručně;;;
332707556;attr_changed;classification;highway;secondary;tertiary;Pražská;tertiary;175.5;low;hodnota odvozena ze sloučené hrany – ověřit ručně;;;
332806215;attr_changed;classification;highway;primary_link;trunk_link;Průmyslová;trunk_link;130.7;low;hodnota odvozena ze sloučené hrany – ověřit ručně;;;
332806713;attr_changed;classification;highway;primary;trunk;Průmyslová;trunk;1587.1;low;hodnota odvozena ze sloučené hrany – ověřit ručně;;;
332806715;attr_changed;classification;highway;primary;trunk;Průmyslová;trunk;1587.1;low;hodnota odvozena ze sloučené hrany – ověřit ručně;;;
332806718;attr_changed;classification;highway;primary;trunk;Průmyslová;trunk;1587.1;low;hodnota odvozena ze sloučené hrany – ověřit ručně;;;
332808487;attr_changed;classification;highway;primary|trunk;trunk;Kbelská;trunk;537.1;low;hodnota odvozena ze sloučené hrany – ověřit ručně;;;
332808488;attr_changed;classification;highway;primary|trunk;trunk;Kbelská;trunk;537.1;low;hodnota odvozena ze sloučené hrany – ověřit ručně;;;
332808489;attr_changed;classification;highway;primary|trunk;trunk;Kbelská;trunk;537.1;low;hodnota odvozena ze sloučené hrany – ověřit ručně;;;
333131923;attr_changed;classification;highway;primary;secondary;Ječná;secondary;57.9;low;hodnota odvozena ze sloučené hrany – ověřit ručně;;;
333131932;attr_changed;classification;highway;secondary;tertiary;Vinohradská;tertiary;365.2;high;;;;
333597253;attr_changed;classification;highway;secondary;tertiary;Jaromírova;tertiary;168.1;low;hodnota odvozena ze sloučené hrany – ověřit ručně;;;
333730041;attr_changed;classification;highway;secondary_link;trunk_link;Aviatická;trunk_link;100.5;low;hodnota odvozena ze sloučené hrany – ověřit ručně;;;
333730048;attr_changed;classification;highway;tertiary;residential;K Letišti;residential;17.6;low;hodnota odvozena ze sloučené hrany – ověřit ručně;;;
333730050;attr_changed;classification;highway;tertiary;residential;K Letišti;residential;17.6;low;hodnota odvozena ze sloučené hrany – ověřit ručně;;;
334034795;attr_changed;classification;highway;secondary;tertiary;K Horkám;tertiary;124.3;low;hodnota odvozena ze sloučené hrany – ověřit ručně;;;
335022347;attr_changed;classification;highway;secondary;tertiary;Modřanská;tertiary;59.5;low;hodnota odvozena ze sloučené hrany – ověřit ručně;;;
335022348;attr_changed;classification;highway;secondary;tertiary;Modřanská;tertiary;224.8;low;hodnota odvozena ze sloučené hrany – ověřit ručně;;;
335024323;attr_changed;classification;highway;primary;secondary;Žitná;secondary;126.2;low;hodnota odvozena ze sloučené hrany – ověřit ručně;;;
335024327;attr_changed;classification;highway;primary;secondary;Žitná;secondary;77.6;low;hodnota odvozena ze sloučené hrany – ověřit ručně;;;
335024333;attr_changed;classification;highway;primary;secondary;Žitná;secondary;277.4;high;;;;
335024349;attr_changed;classification;highway;primary;secondary;Ječná;secondary;122.5;low;hodnota odvozena ze sloučené hrany – ověřit ručně;;;
335024357;attr_changed;classification;highway;primary;secondary;Ječná;secondary;196.8;high;;;;
335314558;attr_changed;classification;highway;secondary_link;secondary_link|trunk_link;;secondary_link|trunk_link;204.9;low;hodnota odvozena ze sloučené hrany – ověřit ručně;;;
335314560;attr_changed;classification;highway;trunk;trunk_link;;trunk_link;292.9;low;hodnota odvozena ze sloučené hrany – ověřit ručně;;;
335314561;attr_changed;classification;highway;secondary_link;secondary_link|trunk_link;;secondary_link|trunk_link;204.9;low;hodnota odvozena ze sloučené hrany – ověřit ručně;;;
335314564;attr_changed;classification;highway;secondary_link;secondary_link|trunk_link;;secondary_link|trunk_link;204.9;low;hodnota odvozena ze sloučené hrany – ověřit ručně;;;
335314565;attr_changed;classification;highway;trunk;trunk_link;;trunk_link;197.5;low;hodnota odvozena ze sloučené hrany – ověřit ručně;;;
340092764;attr_changed;classification;highway;primary_link;secondary_link;;secondary_link;15.9;high;;;;
340126830;attr_changed;classification;highway;primary;secondary;Těšnovský tunel;secondary;421.3;low;hodnota odvozena ze sloučené hrany – ověřit ručně;;;
340126832;attr_changed;classification;highway;primary;secondary;Těšnovský tunel;secondary;421.3;low;hodnota odvozena ze sloučené hrany – ověřit ručně;;;
340243819;attr_changed;classification;highway;secondary;tertiary;Křesomyslova;tertiary;151.0;low;hodnota odvozena ze sloučené hrany – ověřit ručně;;;
340412741;attr_changed;classification;highway;primary;secondary;Milady Horákové;secondary;653.3;low;hodnota odvozena ze sloučené hrany – ověřit ručně;;;
340460056;attr_changed;classification;highway;primary;secondary;Patočkova;secondary;89.8;high;;;;
344081477;attr_changed;classification;highway;trunk;trunk|trunk_link;Jižní spojka;trunk|trunk_link;2829.7;low;hodnota odvozena ze sloučené hrany – ověřit ručně;;;
345389845;attr_changed;classification;highway;trunk;trunk|trunk_link;Jižní spojka;trunk|trunk_link;1643.0;low;hodnota odvozena ze sloučené hrany – ověřit ručně;;;
345427941;attr_changed;classification;highway;secondary;secondary|trunk_link;Chlumecká;secondary|trunk_link;404.2;low;hodnota odvozena ze sloučené hrany – ověřit ručně;;;
345427942;attr_changed;classification;highway;secondary;secondary|trunk_link;Chlumecká;secondary|trunk_link;404.2;low;hodnota odvozena ze sloučené hrany – ověřit ručně;;;
345621877;attr_changed;classification;highway;primary;secondary;Hořejší nábřeží|Janáčkovo nábřeží;secondary;249.8;low;hodnota odvozena ze sloučené hrany – ověřit ručně;;;
345621878;attr_changed;classification;highway;primary;secondary;Ječná;secondary;76.2;high;;;;
345621880;attr_changed;classification;highway;primary;secondary;Karlovo náměstí;secondary;175.0;low;hodnota odvozena ze sloučené hrany – ověřit ručně;;;
345621883;attr_changed;classification;highway;primary;secondary;Karlovo náměstí;secondary;175.0;low;hodnota odvozena ze sloučené hrany – ověřit ručně;;;
345621884;attr_changed;classification;highway;primary;secondary;Legerova;secondary;190.5;low;hodnota odvozena ze sloučené hrany – ověřit ručně;;;
345621886;attr_changed;classification;highway;secondary;tertiary;Masarykovo nábřeží;tertiary;26.1;low;hodnota odvozena ze sloučené hrany – ověřit ručně;;;
345621887;attr_changed;classification;highway;secondary;residential;Masarykovo nábřeží;residential;102.0;low;hodnota odvozena ze sloučené hrany – ověřit ručně;;;
345621897;attr_changed;classification;highway;secondary;residential;Smetanovo nábřeží;residential;230.8;low;hodnota odvozena ze sloučené hrany – ověřit ručně;;;
345621907;attr_changed;classification;highway;primary;secondary;Wilsonova;secondary;124.1;high;;;;
349580750;attr_changed;classification;highway;tertiary;residential;Hybernská;residential;12.9;high;;;;
349580751;attr_changed;classification;highway;primary;secondary;Wilsonova;secondary;313.5;low;hodnota odvozena ze sloučené hrany – ověřit ručně;;;
349580753;attr_changed;classification;highway;primary_link;secondary_link;;secondary_link;238.4;low;hodnota odvozena ze sloučené hrany – ověřit ručně;;;
349580754;attr_changed;classification;highway;primary_link;secondary_link;;secondary_link;238.4;low;hodnota odvozena ze sloučené hrany – ověřit ručně;;;
349884545;attr_changed;classification;highway;trunk;secondary;Spořilovská;secondary;81.3;low;hodnota odvozena ze sloučené hrany – ověřit ručně;;;
350189772;attr_changed;classification;highway;primary;secondary;Jiráskovo náměstí;secondary;45.2;low;hodnota odvozena ze sloučené hrany – ověřit ručně;;;
353606375;attr_changed;classification;highway;secondary;tertiary;Ryšavého;tertiary;11.9;high;;;;
353606376;attr_changed;classification;highway;secondary;tertiary;Ryšavého;tertiary;555.9;high;;;;
353606377;attr_changed;classification;highway;secondary;tertiary;Ryšavého;tertiary;202.6;low;hodnota odvozena ze sloučené hrany – ověřit ručně;;;
353606378;attr_changed;classification;highway;secondary;tertiary;Ryšavého;tertiary;219.5;low;hodnota odvozena ze sloučené hrany – ověřit ručně;;;
353606379;attr_changed;classification;highway;secondary;tertiary;Ryšavého;tertiary;206.5;low;hodnota odvozena ze sloučené hrany – ověřit ručně;;;
353606380;attr_changed;classification;highway;secondary;tertiary;Ryšavého;tertiary;206.5;low;hodnota odvozena ze sloučené hrany – ověřit ručně;;;
353606381;attr_changed;classification;highway;secondary;tertiary;Ryšavého;tertiary;220.3;low;hodnota odvozena ze sloučené hrany – ověřit ručně;;;
353606382;attr_changed;classification;highway;secondary;tertiary;Ryšavého;tertiary;202.6;low;hodnota odvozena ze sloučené hrany – ověřit ručně;;;
353606384;attr_changed;classification;highway;trunk;secondary|trunk;Spořilovská;secondary|trunk;1261.3;low;hodnota odvozena ze sloučené hrany – ověřit ručně;;;
353606386;attr_changed;classification;highway;trunk;secondary|trunk;Spořilovská;secondary|trunk;1261.3;low;hodnota odvozena ze sloučené hrany – ověřit ručně;;;
353606396;attr_changed;classification;highway;trunk;trunk_link;;trunk_link;498.6;low;hodnota odvozena ze sloučené hrany – ověřit ručně;;;
353606402;attr_changed;classification;highway;trunk;trunk_link;;trunk_link;498.6;low;hodnota odvozena ze sloučené hrany – ověřit ručně;;;
354485423;attr_changed;classification;highway;secondary;tertiary;Ryšavého;tertiary;178.3;low;hodnota odvozena ze sloučené hrany – ověřit ručně;;;
354671136;attr_changed;classification;highway;secondary;tertiary;Michelská;tertiary;657.2;low;hodnota odvozena ze sloučené hrany – ověřit ručně;;;
354671137;attr_changed;classification;highway;secondary;tertiary;Michelská;tertiary;657.2;low;hodnota odvozena ze sloučené hrany – ověřit ručně;;;
354671138;attr_changed;classification;highway;secondary;tertiary;Vídeňská;tertiary;563.2;low;hodnota odvozena ze sloučené hrany – ověřit ručně;;;
354671139;attr_changed;classification;highway;secondary;tertiary;Vídeňská;tertiary;563.2;low;hodnota odvozena ze sloučené hrany – ověřit ručně;;;
355169837;attr_changed;classification;highway;secondary;tertiary;Na Strži;tertiary;645.3;low;hodnota odvozena ze sloučené hrany – ověřit ručně;;;
355169838;attr_changed;classification;highway;secondary;tertiary;Na Strži;tertiary;638.2;low;hodnota odvozena ze sloučené hrany – ověřit ručně;;;
355175440;attr_changed;classification;highway;secondary;tertiary;Na Strži;tertiary;228.6;low;hodnota odvozena ze sloučené hrany – ověřit ručně;;;
355175442;attr_changed;classification;highway;secondary;tertiary;Na Strži;tertiary;266.5;low;hodnota odvozena ze sloučené hrany – ověřit ručně;;;
355175446;attr_changed;classification;highway;secondary;tertiary;Na Strži;tertiary;645.3;low;hodnota odvozena ze sloučené hrany – ověřit ručně;;;
356107371;attr_changed;classification;highway;secondary;tertiary;Mírového hnutí;tertiary;253.7;low;hodnota odvozena ze sloučené hrany – ověřit ručně;;;
356107376;attr_changed;classification;highway;secondary;secondary|tertiary;Mírového hnutí;secondary|tertiary;237.9;low;hodnota odvozena ze sloučené hrany – ověřit ručně;;;
356107380;attr_changed;classification;highway;secondary;tertiary;Mírového hnutí;tertiary;253.7;low;hodnota odvozena ze sloučené hrany – ověřit ručně;;;
356112302;attr_changed;classification;highway;secondary;tertiary;Mírového hnutí;tertiary;147.3;low;hodnota odvozena ze sloučené hrany – ověřit ručně;;;
356112303;attr_changed;classification;highway;secondary;tertiary;Mírového hnutí;tertiary;147.3;low;hodnota odvozena ze sloučené hrany – ověřit ručně;;;
356112304;attr_changed;classification;highway;secondary;tertiary;Mírového hnutí;tertiary;253.7;low;hodnota odvozena ze sloučené hrany – ověřit ručně;;;
356236222;attr_changed;classification;highway;primary;secondary;5. května;secondary;208.0;low;hodnota odvozena ze sloučené hrany – ověřit ručně;;;
356236223;attr_changed;classification;highway;secondary;tertiary;Lounských;tertiary;82.8;high;;;;
356236239;attr_changed;classification;highway;primary_link;secondary_link;;secondary_link;138.9;low;hodnota odvozena ze sloučené hrany – ověřit ručně;;;
356290368;attr_changed;classification;highway;primary;secondary;V Botanice;secondary;58.0;low;hodnota odvozena ze sloučené hrany – ověřit ručně;;;
356914224;attr_changed;classification;highway;tertiary;secondary;Rabakovská;secondary;31.4;low;hodnota odvozena ze sloučené hrany – ověřit ručně;;;
356914225;attr_changed;classification;highway;tertiary;secondary|tertiary;Přetlucká;secondary|tertiary;155.5;low;hodnota odvozena ze sloučené hrany – ověřit ručně;;;
356914226;attr_changed;classification;highway;tertiary;secondary;Rabakovská;secondary;593.1;low;hodnota odvozena ze sloučené hrany – ověřit ručně;;;
356914229;attr_changed;classification;highway;tertiary;secondary|tertiary;Přetlucká;secondary|tertiary;155.5;low;hodnota odvozena ze sloučené hrany – ověřit ručně;;;
356914230;attr_changed;classification;highway;tertiary;secondary;Přetlucká;secondary;20.1;high;;;;
357532647;attr_changed;classification;highway;tertiary;secondary;Rabakovská;secondary;593.1;low;hodnota odvozena ze sloučené hrany – ověřit ručně;;;
357532648;attr_changed;classification;highway;tertiary;secondary;Rabakovská;secondary;31.5;high;;;;
357532649;attr_changed;classification;highway;tertiary;secondary;Rabakovská;secondary;215.4;low;hodnota odvozena ze sloučené hrany – ověřit ručně;;;
357532650;attr_changed;classification;highway;tertiary;secondary;Rabakovská;secondary;142.8;low;hodnota odvozena ze sloučené hrany – ověřit ručně;;;
357532651;attr_changed;classification;highway;tertiary;secondary;Rabakovská;secondary;865.3;low;hodnota odvozena ze sloučené hrany – ověřit ručně;;;
357532652;attr_changed;classification;highway;tertiary;secondary;Rabakovská;secondary;118.2;low;hodnota odvozena ze sloučené hrany – ověřit ručně;;;
357532653;attr_changed;classification;highway;tertiary;secondary;Rabakovská;secondary;32.1;high;;;;
357532654;attr_changed;classification;highway;tertiary;secondary;Rabakovská;secondary;118.2;low;hodnota odvozena ze sloučené hrany – ověřit ručně;;;
357532656;attr_changed;classification;highway;tertiary;secondary;Rabakovská;secondary;107.6;high;;;;
357532657;attr_changed;classification;highway;tertiary;secondary;Rabakovská;secondary;118.2;low;hodnota odvozena ze sloučené hrany – ověřit ručně;;;
357532658;attr_changed;classification;highway;tertiary;secondary;Rabakovská;secondary;215.4;low;hodnota odvozena ze sloučené hrany – ověřit ručně;;;
357532660;attr_changed;classification;highway;tertiary;secondary;Rabakovská;secondary;865.3;low;hodnota odvozena ze sloučené hrany – ověřit ručně;;;
357534097;attr_changed;classification;highway;tertiary;secondary;Přetlucká;secondary;24.8;high;;;;
357534098;attr_changed;classification;highway;tertiary;secondary;Přetlucká;secondary;24.4;high;;;;
357534980;attr_changed;classification;highway;tertiary;secondary|tertiary;Přetlucká;secondary|tertiary;155.5;low;hodnota odvozena ze sloučené hrany – ověřit ručně;;;
357534981;attr_changed;classification;highway;tertiary;secondary|tertiary;Přetlucká;secondary|tertiary;155.5;low;hodnota odvozena ze sloučené hrany – ověřit ručně;;;
357534982;attr_changed;classification;highway;tertiary;secondary|tertiary;Přetlucká;secondary|tertiary;155.5;low;hodnota odvozena ze sloučené hrany – ověřit ručně;;;
357534983;attr_changed;classification;highway;tertiary;secondary|tertiary;Přetlucká;secondary|tertiary;155.5;low;hodnota odvozena ze sloučené hrany – ověřit ručně;;;
361196146;attr_changed;classification;highway;secondary;secondary|tertiary;Vídeňská;secondary|tertiary;613.2;low;hodnota odvozena ze sloučené hrany – ověřit ručně;;;
361196147;attr_changed;classification;highway;secondary;tertiary;Vídeňská;tertiary;199.0;low;hodnota odvozena ze sloučené hrany – ověřit ručně;;;
361197007;attr_changed;classification;highway;secondary;tertiary;Táborská|náměstí Hrdinů;tertiary;285.4;low;hodnota odvozena ze sloučené hrany – ověřit ručně;;;
361357808;attr_changed;classification;highway;secondary;tertiary;Vídeňská;tertiary;146.8;low;hodnota odvozena ze sloučené hrany – ověřit ručně;;;
361545264;attr_changed;classification;highway;tertiary;secondary;Pod Táborem;secondary;608.5;low;hodnota odvozena ze sloučené hrany – ověřit ručně;;;
362033353;attr_changed;classification;highway;secondary;tertiary;Olbrachtova;tertiary;194.7;low;hodnota odvozena ze sloučené hrany – ověřit ručně;;;
362033356;attr_changed;classification;highway;secondary;tertiary;Olbrachtova;tertiary;376.6;low;hodnota odvozena ze sloučené hrany – ověřit ručně;;;
362518818;attr_changed;classification;highway;primary_link;secondary_link;;secondary_link;102.2;low;hodnota odvozena ze sloučené hrany – ověřit ručně;;;
362518819;attr_changed;classification;highway;primary_link;secondary_link;;secondary_link;53.3;low;hodnota odvozena ze sloučené hrany – ověřit ručně;;;
362518820;attr_changed;classification;highway;primary_link;secondary_link;;secondary_link;53.3;low;hodnota odvozena ze sloučené hrany – ověřit ručně;;;
362518822;attr_changed;classification;highway;primary_link;secondary_link;;secondary_link;61.8;high;;;;
362519185;attr_changed;classification;highway;primary;secondary;5. května;secondary;195.1;high;;;;
362519186;attr_changed;classification;highway;primary_link;secondary_link;;secondary_link;33.1;low;hodnota odvozena ze sloučené hrany – ověřit ručně;;;
362519187;attr_changed;classification;highway;primary_link;secondary_link;;secondary_link;78.5;low;hodnota odvozena ze sloučené hrany – ověřit ručně;;;
362519188;attr_changed;classification;highway;primary_link;secondary_link;;secondary_link;42.9;low;hodnota odvozena ze sloučené hrany – ověřit ručně;;;
362519189;attr_changed;classification;highway;primary_link;secondary_link;;secondary_link;78.5;low;hodnota odvozena ze sloučené hrany – ověřit ručně;;;
362519190;attr_changed;classification;highway;primary_link;secondary_link;;secondary_link;102.3;high;;;;
362520265;attr_changed;classification;highway;primary_link;secondary_link;;secondary_link;203.5;low;hodnota odvozena ze sloučené hrany – ověřit ručně;;;
362828795;attr_changed;classification;highway;secondary;tertiary;Olbrachtova;tertiary;179.3;low;hodnota odvozena ze sloučené hrany – ověřit ručně;;;
362828796;attr_changed;classification;highway;secondary;tertiary;Vyskočilova;tertiary;192.0;low;hodnota odvozena ze sloučené hrany – ověřit ručně;;;
362838876;attr_changed;classification;highway;secondary;tertiary;Vyskočilova;tertiary;230.2;low;hodnota odvozena ze sloučené hrany – ověřit ručně;;;
362890480;attr_changed;classification;highway;secondary_link;tertiary_link;;tertiary_link;54.4;high;;;;
363270482;attr_changed;classification;highway;secondary;tertiary;Olbrachtova;tertiary;376.6;low;hodnota odvozena ze sloučené hrany – ověřit ručně;;;
363310507;attr_changed;classification;highway;secondary;tertiary;Olbrachtova;tertiary;373.9;low;hodnota odvozena ze sloučené hrany – ověřit ručně;;;
363442814;attr_changed;classification;highway;secondary_link;tertiary_link;K Horkám;tertiary_link;98.5;high;;;;
363491593;attr_changed;classification;highway;secondary;tertiary;Mírového hnutí;tertiary;62.4;high;;;;
363491823;attr_changed;classification;highway;secondary;tertiary;Olbrachtova;tertiary;373.9;low;hodnota odvozena ze sloučené hrany – ověřit ručně;;;
363516159;attr_changed;classification;highway;primary;secondary;5. května;secondary;348.3;low;hodnota odvozena ze sloučené hrany – ověřit ručně;;;
363516160;attr_changed;classification;highway;primary;secondary;5. května;secondary;710.9;low;hodnota odvozena ze sloučené hrany – ověřit ručně;;;
363516161;attr_changed;classification;highway;primary;secondary;5. května;secondary;348.3;low;hodnota odvozena ze sloučené hrany – ověřit ručně;;;
363516162;attr_changed;classification;highway;primary;secondary;5. května;secondary;710.9;low;hodnota odvozena ze sloučené hrany – ověřit ručně;;;
363523244;attr_changed;classification;highway;secondary;tertiary;Podolské nábřeží;tertiary;343.3;low;hodnota odvozena ze sloučené hrany – ověřit ručně;;;
363523246;attr_changed;classification;highway;secondary;tertiary;Rašínovo nábřeží;tertiary;185.1;low;hodnota odvozena ze sloučené hrany – ověřit ručně;;;
363523249;attr_changed;classification;highway;secondary;tertiary;Rašínovo nábřeží;tertiary;59.2;low;hodnota odvozena ze sloučené hrany – ověřit ručně;;;
363523250;attr_changed;classification;highway;secondary;tertiary;Svobodova;tertiary;82.7;low;hodnota odvozena ze sloučené hrany – ověřit ručně;;;
363523251;attr_changed;classification;highway;secondary;tertiary;Svobodova;tertiary;15.6;high;;;;
363523252;attr_changed;classification;highway;secondary;tertiary_link;;tertiary_link;21.5;high;;;;
363523270;attr_changed;classification;highway;secondary;tertiary_link;;tertiary_link;18.4;high;;;;
363865345;attr_changed;classification;highway;trunk;trunk_link;;trunk_link;214.2;low;hodnota odvozena ze sloučené hrany – ověřit ručně;;;
365368657;attr_changed;classification;highway;secondary;tertiary;Na Pankráci;tertiary;267.0;low;hodnota odvozena ze sloučené hrany – ověřit ručně;;;
365715657;attr_changed;classification;highway;secondary;tertiary;Vyskočilova;tertiary;176.9;low;hodnota odvozena ze sloučené hrany – ověřit ručně;;;
366626281;attr_changed;classification;highway;primary;secondary;K Barrandovu;secondary;832.4;low;hodnota odvozena ze sloučené hrany – ověřit ručně;;;
366863484;attr_changed;classification;highway;primary|trunk;trunk;Liberecká|V Holešovičkách;trunk;506.9;low;hodnota odvozena ze sloučené hrany – ověřit ručně;;;
366972796;attr_changed;classification;highway;primary;secondary;Sokolská;secondary;108.6;low;hodnota odvozena ze sloučené hrany – ověřit ručně;;;
366978789;attr_changed;classification;highway;primary;secondary;Sokolská;secondary;108.6;low;hodnota odvozena ze sloučené hrany – ověřit ručně;;;
368131157;attr_changed;classification;highway;secondary;tertiary;Na Pankráci;tertiary;236.3;low;hodnota odvozena ze sloučené hrany – ověřit ručně;;;
370270397;attr_changed;classification;highway;primary;secondary;Milady Horákové;secondary;10.0;high;;;;
370273056;attr_changed;classification;highway;primary;secondary;Milady Horákové;secondary;406.9;low;hodnota odvozena ze sloučené hrany – ověřit ručně;;;
370273057;attr_changed;classification;highway;primary;secondary;Milady Horákové;secondary;99.5;low;hodnota odvozena ze sloučené hrany – ověřit ručně;;;
370274309;attr_changed;classification;highway;primary;secondary;Patočkova;secondary;35.6;low;hodnota odvozena ze sloučené hrany – ověřit ručně;;;
370274310;attr_changed;classification;highway;primary;secondary;Patočkova;secondary;40.4;high;;;;
371411770;attr_changed;classification;highway;secondary;tertiary;Novodvorská;tertiary;264.7;low;hodnota odvozena ze sloučené hrany – ověřit ručně;;;
372155613;attr_changed;classification;highway;secondary;primary;Zenklova;primary;264.1;low;hodnota odvozena ze sloučené hrany – ověřit ručně;;;
372155614;attr_changed;classification;highway;secondary;primary;Zenklova;primary;139.8;low;hodnota odvozena ze sloučené hrany – ověřit ručně;;;
373866742;attr_changed;classification;highway;secondary;tertiary;Novodvorská;tertiary;758.0;high;;;;
374262336;attr_changed;classification;highway;secondary_link;tertiary_link;;tertiary_link;13.0;high;;;;
374296498;attr_changed;classification;highway;primary;secondary;Milady Horákové;secondary;653.3;low;hodnota odvozena ze sloučené hrany – ověřit ručně;;;
375092217;attr_changed;classification;highway;primary;secondary;Veletržní;secondary;108.6;low;hodnota odvozena ze sloučené hrany – ověřit ručně;;;
375474670;attr_changed;classification;highway;residential;secondary;Bubenská;secondary;133.1;low;hodnota odvozena ze sloučené hrany – ověřit ručně;;;
377107377;attr_changed;classification;highway;secondary;trunk;Aviatická;trunk;145.2;low;hodnota odvozena ze sloučené hrany – ověřit ručně;;;
377107378;attr_changed;classification;highway;secondary;trunk;Aviatická;trunk;197.1;high;;;;
380896448;attr_changed;classification;highway;primary;secondary;Hořejší nábřeží;secondary;146.8;low;hodnota odvozena ze sloučené hrany – ověřit ručně;;;
380948225;attr_changed;classification;highway;primary;trunk;Strakonická;trunk;869.6;low;hodnota odvozena ze sloučené hrany – ověřit ručně;;;
382190358;attr_changed;classification;highway;secondary;tertiary;Modřanská;tertiary;323.9;low;hodnota odvozena ze sloučené hrany – ověřit ručně;;;
382190668;attr_changed;classification;highway;secondary;tertiary;Modřanská;tertiary;98.3;high;;;;
382190669;attr_changed;classification;highway;secondary;tertiary;Modřanská;tertiary;488.6;low;hodnota odvozena ze sloučené hrany – ověřit ručně;;;
382190670;attr_changed;classification;highway;secondary;tertiary;Modřanská;tertiary;488.6;low;hodnota odvozena ze sloučené hrany – ověřit ručně;;;
384284415;attr_changed;classification;highway;secondary;tertiary;Ryšavého;tertiary;0.6;high;;;;
384284416;attr_changed;classification;highway;secondary;tertiary;Ryšavého;tertiary;178.3;low;hodnota odvozena ze sloučené hrany – ověřit ručně;;;
384284417;attr_changed;classification;highway;secondary;tertiary;Ryšavého;tertiary;240.5;low;hodnota odvozena ze sloučené hrany – ověřit ručně;;;
384284418;attr_changed;classification;highway;secondary;tertiary;Ryšavého;tertiary;235.9;low;hodnota odvozena ze sloučené hrany – ověřit ručně;;;
384284419;attr_changed;classification;highway;secondary;tertiary;Ryšavého;tertiary;182.5;low;hodnota odvozena ze sloučené hrany – ověřit ručně;;;
384284420;attr_changed;classification;highway;secondary;tertiary;Ryšavého;tertiary;178.3;low;hodnota odvozena ze sloučené hrany – ověřit ručně;;;
384284421;attr_changed;classification;highway;secondary;tertiary;Ryšavého;tertiary;240.5;low;hodnota odvozena ze sloučené hrany – ověřit ručně;;;
384284422;attr_changed;classification;highway;secondary;tertiary;Ryšavého;tertiary;182.5;low;hodnota odvozena ze sloučené hrany – ověřit ručně;;;
384284423;attr_changed;classification;highway;secondary;tertiary;Ryšavého;tertiary;182.5;low;hodnota odvozena ze sloučené hrany – ověřit ručně;;;
385868990;attr_changed;classification;highway;primary;secondary;Patočkova;secondary;24.5;high;;;;
385868991;attr_changed;classification;highway;primary;secondary;Patočkova;secondary;231.1;low;hodnota odvozena ze sloučené hrany – ověřit ručně;;;
386017769;attr_changed;classification;highway;residential;secondary_link;;secondary_link;28.4;high;;;;
386198974;attr_changed;classification;highway;primary;secondary;Patočkova;secondary;231.1;low;hodnota odvozena ze sloučené hrany – ověřit ručně;;;
386347230;attr_changed;classification;highway;tertiary;residential;Štefánikova;residential;74.4;high;;;;
386347232;attr_changed;classification;highway;tertiary;residential;Štefánikova;residential;73.0;high;;;;
386347233;attr_changed;classification;highway;tertiary;residential;Štefánikova;residential;134.7;high;;;;
386347234;attr_changed;classification;highway;tertiary;residential;Štefánikova;residential;59.1;low;hodnota odvozena ze sloučené hrany – ověřit ručně;;;
386347235;attr_changed;classification;highway;tertiary;residential;Štefánikova;residential;59.1;low;hodnota odvozena ze sloučené hrany – ověřit ručně;;;
386357289;attr_changed;classification;highway;primary;secondary;Patočkova;secondary;210.1;low;hodnota odvozena ze sloučené hrany – ověřit ručně;;;
386357290;attr_changed;classification;highway;primary;secondary;Patočkova;secondary;112.1;low;hodnota odvozena ze sloučené hrany – ověřit ručně;;;
389378051;attr_changed;classification;highway;secondary;tertiary;Modřanská;tertiary;246.3;low;hodnota odvozena ze sloučené hrany – ověřit ručně;;;
389378868;attr_changed;classification;highway;secondary;tertiary;Modřanská;tertiary;68.7;high;;;;
389378869;attr_changed;classification;highway;secondary;tertiary;Modřanská;tertiary;75.2;low;hodnota odvozena ze sloučené hrany – ověřit ručně;;;
390909879;attr_changed;classification;highway;primary;secondary;5. května;secondary;195.4;low;hodnota odvozena ze sloučené hrany – ověřit ručně;;;
390976609;attr_changed;classification;highway;primary;secondary;5. května;secondary;710.9;low;hodnota odvozena ze sloučené hrany – ověřit ručně;;;
391392009;attr_changed;classification;highway;secondary;tertiary;Ryšavého;tertiary;19.9;high;;;;
391392010;attr_changed;classification;highway;secondary;tertiary;Ryšavého;tertiary;21.0;high;;;;
391392011;attr_changed;classification;highway;secondary;tertiary;Ryšavého;tertiary;2.0;high;;;;
392764778;attr_changed;classification;highway;primary;trunk;Strakonická;trunk;1835.1;low;hodnota odvozena ze sloučené hrany – ověřit ručně;;;
392764779;attr_changed;classification;highway;primary;trunk;Strakonická;trunk;1648.6;low;hodnota odvozena ze sloučené hrany – ověřit ručně;;;
392766641;attr_changed;classification;highway;secondary;tertiary;Vrbova;tertiary;61.4;high;;;;
393614528;attr_changed;classification;highway;secondary;tertiary;Hostivařské náměstí|Pražská;tertiary;65.6;low;hodnota odvozena ze sloučené hrany – ověřit ručně;;;
399538907;attr_changed;classification;highway;secondary;tertiary;Ryšavého;tertiary;240.5;low;hodnota odvozena ze sloučené hrany – ověřit ručně;;;
399592635;attr_changed;classification;highway;secondary;residential;Smetanovo nábřeží;residential;230.8;low;hodnota odvozena ze sloučené hrany – ověřit ručně;;;
403367713;attr_changed;classification;highway;secondary;residential;Křižovnická;residential;141.0;low;hodnota odvozena ze sloučené hrany – ověřit ručně;;;
403367715;attr_changed;classification;highway;secondary;residential;Smetanovo nábřeží;residential;53.6;low;hodnota odvozena ze sloučené hrany – ověřit ručně;;;
403455933;attr_changed;classification;highway;secondary;tertiary;Novodvorská;tertiary;446.3;high;;;;
403455934;attr_changed;classification;highway;secondary;tertiary;Novodvorská;tertiary;440.7;low;hodnota odvozena ze sloučené hrany – ověřit ručně;;;
403602056;attr_changed;classification;highway;primary;secondary;U Rustonky;secondary;40.6;high;;;;
405996539;attr_changed;classification;highway;primary;secondary;Bubenská;secondary;129.5;low;hodnota odvozena ze sloučené hrany – ověřit ručně;;;
411394852;attr_changed;classification;highway;secondary;tertiary;Pražská;tertiary;6.5;high;;;;
413376649;attr_changed;classification;highway;secondary;tertiary;K Horkám;tertiary;157.8;low;hodnota odvozena ze sloučené hrany – ověřit ručně;;;
413977992;attr_changed;classification;highway;tertiary;secondary;U Tvrze;secondary;212.0;high;;;;
419864986;attr_changed;classification;highway;tertiary;secondary;Rabakovská;secondary;215.4;low;hodnota odvozena ze sloučené hrany – ověřit ručně;;;
420149861;attr_changed;classification;highway;secondary;residential;Malostranské náměstí;residential;98.6;low;hodnota odvozena ze sloučené hrany – ověřit ručně;;;
424199378;attr_changed;classification;highway;secondary;tertiary;Jaromírova;tertiary;403.2;high;;;;
424920567;attr_changed;classification;highway;primary;trunk;Strakonická;trunk;1713.9;low;hodnota odvozena ze sloučené hrany – ověřit ručně;;;
424921382;attr_changed;classification;highway;primary;trunk;Strakonická;trunk;2071.8;low;hodnota odvozena ze sloučené hrany – ověřit ručně;;;
425282999;attr_changed;classification;highway;primary_link;trunk_link;;trunk_link;74.0;high;;;;
425283000;attr_changed;classification;highway;primary_link;trunk_link;;trunk_link;71.8;high;;;;
425860933;attr_changed;classification;highway;secondary;residential;Smetanovo nábřeží;residential;230.8;low;hodnota odvozena ze sloučené hrany – ověřit ručně;;;
428426773;attr_changed;classification;highway;secondary;trunk;Aviatická;trunk;496.5;low;hodnota odvozena ze sloučené hrany – ověřit ručně;;;
428428334;attr_changed;classification;highway;secondary;trunk;Aviatická;trunk;138.2;low;hodnota odvozena ze sloučené hrany – ověřit ručně;;;
428439316;attr_changed;classification;highway;secondary;secondary|trunk;Aviatická;secondary|trunk;115.3;low;hodnota odvozena ze sloučené hrany – ověřit ručně;;;
430347457;attr_changed;classification;highway;primary;secondary;Milady Horákové;secondary;26.7;high;;;;
432343573;attr_changed;classification;highway;living_street|residential;living_street;Velká skála;living_street;80.5;low;hodnota odvozena ze sloučené hrany – ověřit ručně;;;
435696253;attr_changed;classification;highway;secondary;tertiary;Generála Šišky;tertiary;888.6;low;hodnota odvozena ze sloučené hrany – ověřit ručně;;;
438756673;attr_changed;classification;highway;primary;secondary;Bubenská;secondary;129.5;low;hodnota odvozena ze sloučené hrany – ověřit ručně;;;
439654360;attr_changed;classification;highway;secondary;tertiary;Generála Šišky;tertiary;396.8;low;hodnota odvozena ze sloučené hrany – ověřit ručně;;;
440154124;attr_changed;classification;highway;primary;secondary;Argentinská;secondary;5.4;high;;;;
440154125;attr_changed;classification;highway;primary;secondary;Argentinská;secondary;428.8;high;;;;
450236460;attr_changed;classification;highway;tertiary_link;secondary_link;;secondary_link;97.5;low;hodnota odvozena ze sloučené hrany – ověřit ručně;;;
450236461;attr_changed;classification;highway;tertiary_link;secondary_link;;secondary_link;97.5;low;hodnota odvozena ze sloučené hrany – ověřit ručně;;;
462519335;attr_changed;classification;highway;secondary;primary;Zenklova;primary;139.8;low;hodnota odvozena ze sloučené hrany – ověřit ručně;;;
463005990;attr_changed;classification;highway;secondary;tertiary;Komořanská;tertiary;615.5;low;hodnota odvozena ze sloučené hrany – ověřit ručně;;;
464938190;attr_changed;classification;highway;primary;secondary;Radlická;secondary;71.2;high;;;;
470812519;attr_changed;classification;highway;secondary;tertiary;Novodvorská;tertiary;13.3;high;;;;
470812520;attr_changed;classification;highway;secondary;tertiary;Novodvorská;tertiary;12.9;high;;;;
472230362;attr_changed;classification;highway;secondary;tertiary;Na Pankráci;tertiary;267.0;low;hodnota odvozena ze sloučené hrany – ověřit ručně;;;
472230363;attr_changed;classification;highway;primary;secondary;5. května;secondary;552.5;low;hodnota odvozena ze sloučené hrany – ověřit ručně;;;
472230365;attr_changed;classification;highway;primary;secondary;5. května;secondary;89.5;high;;;;
472230366;attr_changed;classification;highway;primary;secondary;5. května;secondary;167.3;high;;;;
473090693;attr_changed;classification;highway;secondary;tertiary;Generála Šišky;tertiary;289.6;low;hodnota odvozena ze sloučené hrany – ověřit ručně;;;
473356511;attr_changed;classification;highway;secondary;trunk;;trunk;67.3;high;;;;
473356513;attr_changed;classification;highway;secondary;trunk;Aviatická;trunk;76.9;high;;;;
473356514;attr_changed;classification;highway;secondary;trunk;Aviatická;trunk;66.0;high;;;;
474039588;attr_changed;classification;highway;secondary;primary;Zenklova;primary;76.5;high;;;;
474039596;attr_changed;classification;highway;secondary;primary;Zenklova;primary;264.1;low;hodnota odvozena ze sloučené hrany – ověřit ručně;;;
474039599;attr_changed;classification;highway;secondary;primary;Zenklova;primary;264.1;low;hodnota odvozena ze sloučené hrany – ověřit ručně;;;
474150363;attr_changed;classification;highway;secondary;primary;Vosmíkových;primary;142.7;low;hodnota odvozena ze sloučené hrany – ověřit ručně;;;
474170211;attr_changed;classification;highway;primary;secondary;Bubenská;secondary;80.1;low;hodnota odvozena ze sloučené hrany – ověřit ručně;;;
475174986;attr_changed;classification;highway;secondary_link;secondary_link|trunk_link;;secondary_link|trunk_link;201.1;low;hodnota odvozena ze sloučené hrany – ověřit ručně;;;
475292003;attr_changed;classification;highway;secondary;trunk;Aviatická;trunk;136.5;low;hodnota odvozena ze sloučené hrany – ověřit ručně;;;
475292004;attr_changed;classification;highway;secondary_link;trunk_link;;trunk_link;124.8;high;;;;
475292005;attr_changed;classification;highway;secondary_link;trunk_link;;trunk_link;215.6;low;hodnota odvozena ze sloučené hrany – ověřit ručně;;;
475292006;attr_changed;classification;highway;secondary_link;trunk_link;;trunk_link;119.9;low;hodnota odvozena ze sloučené hrany – ověřit ručně;;;
475314142;attr_changed;classification;highway;secondary;trunk;Aviatická;trunk;494.4;low;hodnota odvozena ze sloučené hrany – ověřit ručně;;;
475314143;attr_changed;classification;highway;secondary;trunk;Aviatická;trunk;494.4;low;hodnota odvozena ze sloučené hrany – ověřit ručně;;;
475314144;attr_changed;classification;highway;secondary_link;trunk_link;;trunk_link;215.6;low;hodnota odvozena ze sloučené hrany – ověřit ručně;;;
475314145;attr_changed;classification;highway;secondary;trunk;Aviatická;trunk;127.9;high;;;;
475314146;attr_changed;classification;highway;secondary;trunk;Aviatická;trunk;136.5;low;hodnota odvozena ze sloučené hrany – ověřit ručně;;;
475314147;attr_changed;classification;highway;secondary;trunk;Aviatická;trunk;494.4;low;hodnota odvozena ze sloučené hrany – ověřit ručně;;;
475314148;attr_changed;classification;highway;secondary;trunk;Aviatická;trunk;494.4;low;hodnota odvozena ze sloučené hrany – ověřit ručně;;;
475314149;attr_changed;classification;highway;secondary;trunk;Aviatická;trunk;494.4;low;hodnota odvozena ze sloučené hrany – ověřit ručně;;;
475314150;attr_changed;classification;highway;secondary_link;trunk_link;;trunk_link;56.6;high;;;;
475314151;attr_changed;classification;highway;secondary;trunk;Aviatická;trunk;496.5;low;hodnota odvozena ze sloučené hrany – ověřit ručně;;;
475364610;attr_changed;classification;highway;secondary;residential|tertiary;Letenská;residential|tertiary;406.7;low;hodnota odvozena ze sloučené hrany – ověřit ručně;;;
475547252;attr_changed;classification;highway;tertiary_link;tertiary;;tertiary;12.6;high;;;;
475554717;attr_changed;classification;highway;primary;secondary;Vrbenského;secondary;33.7;high;;;;
475554718;attr_changed;classification;highway;primary;secondary;Vrbenského;secondary;35.2;high;;;;
475554719;attr_changed;classification;highway;primary;secondary;Vrbenského;secondary;247.5;low;hodnota odvozena ze sloučené hrany – ověřit ručně;;;
475554721;attr_changed;classification;highway;primary;secondary;Argentinská;secondary;262.3;low;hodnota odvozena ze sloučené hrany – ověřit ručně;;;
475653098;attr_changed;classification;highway;tertiary;residential;Matoušova;residential;187.4;low;hodnota odvozena ze sloučené hrany – ověřit ručně;;;
476017586;attr_changed;classification;highway;tertiary;residential|tertiary_link;Lidická|Palackého most;residential|tertiary_link;405.4;low;hodnota odvozena ze sloučené hrany – ověřit ručně;;;
476017587;attr_changed;classification;highway;tertiary;residential|tertiary_link;Lidická|Palackého most;residential|tertiary_link;405.4;low;hodnota odvozena ze sloučené hrany – ověřit ručně;;;
476039093;attr_changed;classification;highway;primary;secondary;Dienzenhoferovy sady|Jiráskův most;secondary;344.2;low;hodnota odvozena ze sloučené hrany – ověřit ručně;;;
476039098;attr_changed;classification;highway;tertiary;tertiary_link;;tertiary_link;19.8;low;hodnota odvozena ze sloučené hrany – ověřit ručně;;;
476039101;attr_changed;classification;highway;primary;secondary;Jiráskovo náměstí;secondary;14.6;low;hodnota odvozena ze sloučené hrany – ověřit ručně;;;
476039103;attr_changed;classification;highway;primary;secondary;Jiráskův most;secondary;28.3;low;hodnota odvozena ze sloučené hrany – ověřit ručně;;;
476039104;attr_changed;classification;highway;secondary;tertiary;Masarykovo nábřeží;tertiary;11.4;high;;;;
476039105;attr_changed;classification;highway;primary;secondary;Jiráskův most;secondary;329.1;low;hodnota odvozena ze sloučené hrany – ověřit ručně;;;
476039106;attr_changed;classification;highway;primary;secondary;Jiráskův most;secondary;57.0;low;hodnota odvozena ze sloučené hrany – ověřit ručně;;;
476039109;attr_changed;classification;highway;secondary;tertiary;Rašínovo nábřeží;tertiary;178.6;low;hodnota odvozena ze sloučené hrany – ověřit ručně;;;
476039110;attr_changed;classification;highway;primary;secondary;Jiráskovo náměstí;secondary;14.0;low;hodnota odvozena ze sloučené hrany – ověřit ručně;;;
476039111;attr_changed;classification;highway;secondary;tertiary;Rašínovo nábřeží;tertiary;246.6;high;;;;
476073803;attr_changed;classification;highway;secondary;tertiary;Rašínovo nábřeží;tertiary;101.8;low;hodnota odvozena ze sloučené hrany – ověřit ručně;;;
476507488;attr_changed;classification;highway;secondary;residential;Smetanovo nábřeží;residential;47.2;low;hodnota odvozena ze sloučené hrany – ověřit ručně;;;
476507489;attr_changed;classification;highway;secondary;residential;Smetanovo nábřeží;residential;38.2;high;;;;
476507490;attr_changed;classification;highway;secondary;residential;Smetanovo nábřeží;residential;47.2;low;hodnota odvozena ze sloučené hrany – ověřit ručně;;;
476507494;attr_changed;classification;highway;secondary;residential;Smetanovo nábřeží;residential;47.3;low;hodnota odvozena ze sloučené hrany – ověřit ručně;;;
476507496;attr_changed;classification;highway;secondary;residential;Smetanovo nábřeží;residential;47.2;low;hodnota odvozena ze sloučené hrany – ověřit ručně;;;
477074801;attr_changed;classification;highway;secondary_link;primary_link;;primary_link;15.7;high;;;;
478449167;attr_changed;classification;highway;living_street|secondary_link;living_street|tertiary_link;U Švehlova altánu;living_street|tertiary_link;16.9;low;hodnota odvozena ze sloučené hrany – ověřit ručně;;;
479544429;attr_changed;classification;highway;primary;primary_link;Čuprova;primary_link;181.7;low;hodnota odvozena ze sloučené hrany – ověřit ručně;;;
479544430;attr_changed;classification;highway;primary;primary_link;Čuprova;primary_link;29.2;high;;;;
479544431;attr_changed;classification;highway;primary;primary_link;Čuprova;primary_link;228.6;low;hodnota odvozena ze sloučené hrany – ověřit ručně;;;
479544432;attr_changed;classification;highway;primary;primary_link;Čuprova;primary_link;181.7;low;hodnota odvozena ze sloučené hrany – ověřit ručně;;;
479544434;attr_changed;classification;highway;secondary;primary_link;;primary_link;169.3;low;hodnota odvozena ze sloučené hrany – ověřit ručně;;;
479544435;attr_changed;classification;highway;secondary;primary_link;;primary_link;169.3;low;hodnota odvozena ze sloučené hrany – ověřit ručně;;;
479544438;attr_changed;classification;highway;secondary;primary;Čuprova;primary;14.9;high;;;;
479544440;attr_changed;classification;highway;secondary_link;primary_link;;primary_link;24.6;high;;;;
479544441;attr_changed;classification;highway;secondary_link;primary;Zenklova;primary;11.9;high;;;;
479544442;attr_changed;classification;highway;secondary;primary;Zenklova;primary;114.7;low;hodnota odvozena ze sloučené hrany – ověřit ručně;;;
479544444;attr_changed;classification;highway;secondary;primary;Zenklova;primary;114.7;low;hodnota odvozena ze sloučené hrany – ověřit ručně;;;
479712905;attr_changed;classification;highway;primary;secondary;Za Viaduktem|nábřeží Kapitána Jaroše;secondary;253.1;low;hodnota odvozena ze sloučené hrany – ověřit ručně;;;
479717953;attr_changed;classification;highway;primary;secondary;Sokolovská;secondary;96.7;high;;;;
481106406;attr_changed;classification;highway;primary;trunk;Průmyslová;trunk;39.4;low;hodnota odvozena ze sloučené hrany – ověřit ručně;;;
481198498;attr_changed;classification;highway;trunk;trunk_link;;trunk_link;153.3;low;hodnota odvozena ze sloučené hrany – ověřit ručně;;;
481431597;attr_changed;classification;highway;secondary_link;secondary_link|trunk_link;;secondary_link|trunk_link;196.2;low;hodnota odvozena ze sloučené hrany – ověřit ručně;;;
481896765;attr_changed;classification;highway;tertiary;residential;Újezd;residential;19.0;high;;;;
482013007;attr_changed;classification;highway;residential;secondary;Myslbekova;secondary;209.5;high;;;;
482014779;attr_changed;classification;highway;residential;secondary;Myslbekova;secondary;129.8;high;;;;
482014781;attr_changed;classification;highway;residential;secondary;Myslbekova;secondary;255.2;high;;;;
482467819;attr_changed;classification;highway;primary;trunk;;trunk;262.0;low;hodnota odvozena ze sloučené hrany – ověřit ručně;;;
482714593;attr_changed;classification;highway;primary;trunk;Průmyslová;trunk;1247.5;low;hodnota odvozena ze sloučené hrany – ověřit ručně;;;
482724575;attr_changed;classification;highway;secondary;tertiary;Ryšavého;tertiary;219.5;low;hodnota odvozena ze sloučené hrany – ověřit ručně;;;
482737725;attr_changed;classification;highway;primary;secondary;Radlická;secondary;150.2;high;;;;
483064038;attr_changed;classification;highway;secondary;tertiary;Rašínovo nábřeží;tertiary;178.6;low;hodnota odvozena ze sloučené hrany – ověřit ručně;;;
483102237;attr_changed;classification;highway;primary_link;secondary_link;;secondary_link;16.0;high;;;;
483508425;attr_changed;classification;highway;tertiary;tertiary_link;;tertiary_link;11.9;low;hodnota odvozena ze sloučené hrany – ověřit ručně;;;
483508426;attr_changed;classification;highway;secondary;tertiary;Rašínovo nábřeží;tertiary;22.7;high;;;;
483508427;attr_changed;classification;highway;secondary;tertiary_link;;tertiary_link;18.9;low;hodnota odvozena ze sloučené hrany – ověřit ručně;;;
483508428;attr_changed;classification;highway;secondary;tertiary_link;;tertiary_link;15.0;high;;;;
483508429;attr_changed;classification;highway;secondary;tertiary;Rašínovo nábřeží;tertiary;23.0;high;;;;
483508431;attr_changed;classification;highway;secondary;tertiary;Rašínovo nábřeží;tertiary;88.9;high;;;;
483627216;attr_changed;classification;highway;secondary;residential;Tomášská;residential;48.4;low;hodnota odvozena ze sloučené hrany – ověřit ručně;;;
483627219;attr_changed;classification;highway;secondary;residential;Malostranské náměstí|Tomášská;residential;20.4;low;hodnota odvozena ze sloučené hrany – ověřit ručně;;;
483627222;attr_changed;classification;highway;secondary;residential;Malostranské náměstí;residential;11.5;low;hodnota odvozena ze sloučené hrany – ověřit ručně;;;
483627227;attr_changed;classification;highway;secondary;residential;Malostranské náměstí;residential;83.5;low;hodnota odvozena ze sloučené hrany – ověřit ručně;;;
485076235;attr_changed;classification;highway;secondary;tertiary;Generála Šišky;tertiary;446.7;high;;;;
486440526;attr_changed;classification;highway;primary;trunk;Strakonická;trunk;1122.2;low;hodnota odvozena ze sloučené hrany – ověřit ručně;;;
486440527;attr_changed;classification;highway;primary;trunk;Strakonická;trunk;1835.1;low;hodnota odvozena ze sloučené hrany – ověřit ručně;;;
487506923;attr_changed;classification;highway;secondary;tertiary;Kunratická spojka;tertiary;46.3;high;;;;
487506924;attr_changed;classification;highway;secondary;tertiary;Kunratická spojka;tertiary;49.6;high;;;;
487506925;attr_changed;classification;highway;secondary;tertiary;Vídeňská;tertiary;674.5;low;hodnota odvozena ze sloučené hrany – ověřit ručně;;;
487506926;attr_changed;classification;highway;secondary;tertiary;Vídeňská;tertiary;28.8;high;;;;
487506927;attr_changed;classification;highway;secondary;tertiary;Vídeňská;tertiary;674.5;low;hodnota odvozena ze sloučené hrany – ověřit ručně;;;
487506928;attr_changed;classification;highway;secondary;tertiary;Kunratická spojka;tertiary;551.4;low;hodnota odvozena ze sloučené hrany – ověřit ručně;;;
487507687;attr_changed;classification;highway;secondary;tertiary;Kunratická spojka;tertiary;551.4;low;hodnota odvozena ze sloučené hrany – ověřit ručně;;;
487507688;attr_changed;classification;highway;secondary;tertiary;Kunratická spojka;tertiary;551.4;low;hodnota odvozena ze sloučené hrany – ověřit ručně;;;
487507689;attr_changed;classification;highway;secondary;tertiary;Kunratická spojka;tertiary;671.1;low;hodnota odvozena ze sloučené hrany – ověřit ručně;;;
487507690;attr_changed;classification;highway;secondary;tertiary;;tertiary;29.8;high;;;;
488348629;attr_changed;classification;highway;primary;secondary;Hlávkův most|Wilsonova;secondary;483.3;low;hodnota odvozena ze sloučené hrany – ověřit ručně;;;
488348631;attr_changed;classification;highway;primary_link;secondary_link;;secondary_link;43.3;high;;;;
488946730;attr_changed;classification;highway;secondary;trunk_link;;trunk_link;453.6;low;hodnota odvozena ze sloučené hrany – ověřit ručně;;;
488946731;attr_changed;classification;highway;motorway_link;motorway_link|trunk_link;;motorway_link|trunk_link;448.3;low;hodnota odvozena ze sloučené hrany – ověřit ručně;;;
488946732;attr_changed;classification;highway;motorway_link;motorway_link|trunk_link;;motorway_link|trunk_link;448.3;low;hodnota odvozena ze sloučené hrany – ověřit ručně;;;
489558315;attr_changed;classification;highway;secondary;tertiary;Táborská|náměstí Hrdinů;tertiary;285.4;low;hodnota odvozena ze sloučené hrany – ověřit ručně;;;
490207837;attr_changed;classification;highway;primary;secondary;U Rustonky;secondary;129.4;low;hodnota odvozena ze sloučené hrany – ověřit ručně;;;
490207840;attr_changed;classification;highway;primary;secondary;Sokolovská;secondary;109.0;low;hodnota odvozena ze sloučené hrany – ověřit ručně;;;
490207859;attr_changed;classification;highway;primary;secondary;Rohanské nábřeží;secondary;174.9;low;hodnota odvozena ze sloučené hrany – ověřit ručně;;;
490207861;attr_changed;classification;highway;primary;secondary;Rohanské nábřeží;secondary;237.7;low;hodnota odvozena ze sloučené hrany – ověřit ručně;;;
490207869;attr_changed;classification;highway;primary;secondary;U Rustonky;secondary;116.1;low;hodnota odvozena ze sloučené hrany – ověřit ručně;;;
490870464;attr_changed;classification;highway;trunk;trunk_link;;trunk_link;197.5;low;hodnota odvozena ze sloučené hrany – ověřit ručně;;;
491200348;attr_changed;classification;highway;trunk;trunk_link;;trunk_link;214.2;low;hodnota odvozena ze sloučené hrany – ověřit ručně;;;
491599725;attr_changed;classification;highway;trunk_link;tertiary_link;;tertiary_link;13.2;high;;;;
492985973;attr_changed;classification;highway;secondary;secondary|trunk_link;Strakonická;secondary|trunk_link;133.2;low;hodnota odvozena ze sloučené hrany – ověřit ručně;;;
493045106;attr_changed;classification;highway;primary;secondary;Jiráskův most;secondary;28.3;low;hodnota odvozena ze sloučené hrany – ověřit ručně;;;
495700332;attr_changed;classification;highway;secondary;tertiary;Generála Šišky;tertiary;289.6;low;hodnota odvozena ze sloučené hrany – ověřit ručně;;;
495710778;attr_changed;classification;highway;tertiary;trunk_link;;trunk_link;332.0;low;hodnota odvozena ze sloučené hrany – ověřit ručně;;;
496095606;attr_changed;classification;highway;trunk;trunk|trunk_link;Jižní spojka;trunk|trunk_link;2829.7;low;hodnota odvozena ze sloučené hrany – ověřit ručně;;;
498952957;attr_changed;classification;highway;secondary;secondary|trunk_link;Strakonická;secondary|trunk_link;206.2;low;hodnota odvozena ze sloučené hrany – ověřit ručně;;;
500199672;attr_changed;classification;highway;primary;trunk;Strakonická;trunk;1835.1;low;hodnota odvozena ze sloučené hrany – ověřit ručně;;;
500975906;attr_changed;classification;highway;secondary;tertiary;Modřanská;tertiary;260.9;low;hodnota odvozena ze sloučené hrany – ověřit ručně;;;
500975907;attr_changed;classification;highway;secondary;tertiary;Modřanská;tertiary;39.3;high;;;;
500975938;attr_changed;classification;highway;secondary;tertiary;Vrbova;tertiary;526.5;low;hodnota odvozena ze sloučené hrany – ověřit ručně;;;
501157541;attr_changed;classification;highway;primary_link;secondary_link;Sokolovská;secondary_link;12.6;high;;;;
501157543;attr_changed;classification;highway;primary;secondary;Sokolovská;secondary;371.2;high;;;;
501228496;attr_changed;classification;highway;tertiary;secondary;Dřevčická;secondary;16.5;high;;;;
502696489;attr_changed;classification;highway;secondary_link;trunk_link;;trunk_link;276.9;low;hodnota odvozena ze sloučené hrany – ověřit ručně;;;
502696492;attr_changed;classification;highway;secondary_link;trunk_link;;trunk_link;214.3;low;hodnota odvozena ze sloučené hrany – ověřit ručně;;;
502696493;attr_changed;classification;highway;secondary_link;trunk_link;;trunk_link;276.9;low;hodnota odvozena ze sloučené hrany – ověřit ručně;;;
502704789;attr_changed;classification;highway;secondary;tertiary;Komořanská;tertiary;438.2;low;hodnota odvozena ze sloučené hrany – ověřit ručně;;;
502704790;attr_changed;classification;highway;secondary;tertiary;Komořanská;tertiary;555.0;low;hodnota odvozena ze sloučené hrany – ověřit ručně;;;
502704791;attr_changed;classification;highway;secondary;tertiary;Komořanská;tertiary;438.2;low;hodnota odvozena ze sloučené hrany – ověřit ručně;;;
502727087;attr_changed;classification;highway;secondary;tertiary;Komořanská;tertiary;19.6;high;;;;
502773230;attr_changed;classification;highway;secondary;trunk_link;;trunk_link;25.7;high;;;;
502899452;attr_changed;classification;highway;trunk_link;tertiary_link;;tertiary_link;15.2;high;;;;
503019890;attr_changed;classification;highway;secondary;tertiary;Podolské nábřeží;tertiary;109.7;low;hodnota odvozena ze sloučené hrany – ověřit ručně;;;
503168373;attr_changed;classification;highway;secondary;tertiary;Vinohradská;tertiary;88.5;low;hodnota odvozena ze sloučené hrany – ověřit ručně;;;
503588774;attr_changed;classification;highway;secondary;residential;Valdštejnská;residential;380.2;high;;;;
503658705;attr_changed;classification;highway;secondary;trunk_link;;trunk_link;453.6;low;hodnota odvozena ze sloučené hrany – ověřit ručně;;;
504880000;attr_changed;classification;highway;primary_link;secondary_link;;secondary_link;62.8;high;;;;
504880002;attr_changed;classification;highway;primary;secondary;Těšnovský tunel;secondary;421.3;low;hodnota odvozena ze sloučené hrany – ověřit ručně;;;
504884256;attr_changed;classification;highway;primary;secondary;Wilsonova;secondary;114.7;high;;;;
504884259;attr_changed;classification;highway;primary;secondary;Hlávkův most|Wilsonova;secondary;483.3;low;hodnota odvozena ze sloučené hrany – ověřit ručně;;;
504884261;attr_changed;classification;highway;primary;secondary;Wilsonova;secondary;110.1;low;hodnota odvozena ze sloučené hrany – ověřit ručně;;;
504884267;attr_changed;classification;highway;primary_link;secondary_link;Ke Štvanici;secondary_link;111.4;low;hodnota odvozena ze sloučené hrany – ověřit ručně;;;
506103042;attr_changed;classification;highway;tertiary;residential;Na Poříčí;residential;105.0;low;hodnota odvozena ze sloučené hrany – ověřit ručně;;;
506223912;attr_changed;classification;highway;secondary;tertiary;Modřanská;tertiary;57.9;high;;;;
506227664;attr_changed;classification;highway;secondary;tertiary;Vídeňská;tertiary;160.1;low;hodnota odvozena ze sloučené hrany – ověřit ručně;;;
506227672;attr_changed;classification;highway;secondary;tertiary;Vídeňská;tertiary;13.2;high;;;;
506227674;attr_changed;classification;highway;secondary;tertiary;Vídeňská;tertiary;54.0;low;hodnota odvozena ze sloučené hrany – ověřit ručně;;;
507852721;attr_changed;classification;highway;residential;unclassified;K Dalejím|Prokopské údolí;unclassified;1282.7;low;hodnota odvozena ze sloučené hrany – ověřit ručně;;;
509506702;attr_changed;classification;highway;secondary;residential;Karmelitská;residential;36.0;high;;;;
509506703;attr_changed;classification;highway;secondary;residential;Karmelitská;residential;37.1;high;;;;
509695080;attr_changed;classification;highway;secondary;residential;Klárov;residential;141.4;low;hodnota odvozena ze sloučené hrany – ověřit ručně;;;
510984523;attr_changed;classification;highway;secondary;tertiary;Vídeňská;tertiary;29.0;high;;;;
512613921;attr_changed;classification;highway;secondary;secondary|tertiary;Vídeňská;secondary|tertiary;613.2;low;hodnota odvozena ze sloučené hrany – ověřit ručně;;;
513658312;attr_changed;classification;highway;primary;secondary;Rohanské nábřeží;secondary;223.5;low;hodnota odvozena ze sloučené hrany – ověřit ručně;;;
513658313;attr_changed;classification;highway;primary;secondary;Rohanské nábřeží;secondary;179.0;low;hodnota odvozena ze sloučené hrany – ověřit ručně;;;
513658314;attr_changed;classification;highway;primary;secondary;Rohanské nábřeží;secondary;369.3;low;hodnota odvozena ze sloučené hrany – ověřit ručně;;;
513982169;attr_changed;classification;highway;motorway_link;motorway_link|trunk_link;;motorway_link|trunk_link;448.3;low;hodnota odvozena ze sloučené hrany – ověřit ručně;;;
514613005;attr_changed;classification;highway;secondary;residential;Karmelitská;residential;13.4;high;;;;
517102078;attr_changed;classification;highway;primary_link;secondary_link;;secondary_link;134.6;low;hodnota odvozena ze sloučené hrany – ověřit ručně;;;
518100740;attr_changed;classification;highway;primary;secondary;Jiráskovo náměstí;secondary;48.8;high;;;;
518100741;attr_changed;classification;highway;secondary;tertiary;Masarykovo nábřeží;tertiary;11.0;high;;;;
518100743;attr_changed;classification;highway;secondary;tertiary;Masarykovo nábřeží;tertiary;128.9;high;;;;
518100744;attr_changed;classification;highway;secondary;tertiary;Masarykovo nábřeží;tertiary;154.7;low;hodnota odvozena ze sloučené hrany – ověřit ručně;;;
520583493;attr_changed;classification;highway;secondary;trunk;Aviatická;trunk;136.5;low;hodnota odvozena ze sloučené hrany – ověřit ručně;;;
520583496;attr_changed;classification;highway;secondary;trunk;Aviatická;trunk;145.2;low;hodnota odvozena ze sloučené hrany – ověřit ručně;;;
520583500;attr_changed;classification;highway;residential;trunk_link;;trunk_link;115.2;low;hodnota odvozena ze sloučené hrany – ověřit ručně;;;
521531655;attr_changed;classification;highway;secondary;tertiary;Podolské nábřeží;tertiary;167.6;low;hodnota odvozena ze sloučené hrany – ověřit ručně;;;
521531680;attr_changed;classification;highway;secondary;tertiary;Podolské nábřeží;tertiary;826.1;low;hodnota odvozena ze sloučené hrany – ověřit ručně;;;
521531684;attr_changed;classification;highway;secondary;tertiary;Podolské nábřeží;tertiary;826.1;low;hodnota odvozena ze sloučené hrany – ověřit ručně;;;
521531705;attr_changed;classification;highway;secondary;tertiary;Podolské nábřeží;tertiary;1247.6;low;hodnota odvozena ze sloučené hrany – ověřit ručně;;;
521531708;attr_changed;classification;highway;secondary;tertiary;Modřanská;tertiary;806.6;low;hodnota odvozena ze sloučené hrany – ověřit ručně;;;
521531712;attr_changed;classification;highway;secondary;tertiary;Modřanská;tertiary;313.8;low;hodnota odvozena ze sloučené hrany – ověřit ručně;;;
521531716;attr_changed;classification;highway;secondary_link;tertiary;;tertiary;8.4;high;;;;
521531722;attr_changed;classification;highway;tertiary;tertiary_link;;tertiary_link;15.9;high;;;;
521570720;attr_changed;classification;highway;secondary_link;tertiary_link;;tertiary_link;35.9;high;;;;
521809345;attr_changed;classification;highway;primary;secondary;K Barrandovu;secondary;25.5;high;;;;
521809349;attr_changed;classification;highway;primary;secondary;K Barrandovu;secondary;21.9;high;;;;
521809355;attr_changed;classification;highway;primary;secondary;K Barrandovu;secondary;826.1;low;hodnota odvozena ze sloučené hrany – ověřit ručně;;;
521809360;attr_changed;classification;highway;primary;secondary;K Barrandovu|K Barrandovu;secondary;722.9;low;hodnota odvozena ze sloučené hrany – ověřit ručně;;;
521809363;attr_changed;classification;highway;residential;living_street|residential;U Sportoviště;living_street|residential;191.5;low;hodnota odvozena ze sloučené hrany – ověřit ručně;;;
525247500;attr_changed;classification;highway;secondary;tertiary;Podolské nábřeží;tertiary;236.0;low;hodnota odvozena ze sloučené hrany – ověřit ručně;;;
525247501;attr_changed;classification;highway;secondary;tertiary;Podolské nábřeží;tertiary;235.3;low;hodnota odvozena ze sloučené hrany – ověřit ručně;;;
525247502;attr_changed;classification;highway;secondary;tertiary;Rašínovo nábřeží;tertiary;49.1;high;;;;
525247503;attr_changed;classification;highway;secondary;tertiary;Rašínovo nábřeží;tertiary;244.6;high;;;;
525247504;attr_changed;classification;highway;secondary;tertiary;Rašínovo nábřeží;tertiary;188.3;low;hodnota odvozena ze sloučené hrany – ověřit ručně;;;
525247506;attr_changed;classification;highway;secondary;tertiary_link;;tertiary_link;26.8;high;;;;
525247507;attr_changed;classification;highway;secondary;tertiary;Rašínovo nábřeží;tertiary;165.7;low;hodnota odvozena ze sloučené hrany – ověřit ručně;;;
528863240;attr_changed;classification;highway;secondary;tertiary;Mírového hnutí;tertiary;493.4;low;hodnota odvozena ze sloučené hrany – ověřit ručně;;;
531176099;attr_changed;classification;highway;primary;secondary;Veletržní;secondary;107.7;low;hodnota odvozena ze sloučené hrany – ověřit ručně;;;
531266889;attr_changed;classification;highway;primary;secondary;U Rustonky;secondary;22.5;high;;;;
531266892;attr_changed;classification;highway;primary;secondary;Rohanské nábřeží;secondary;237.7;low;hodnota odvozena ze sloučené hrany – ověřit ručně;;;
531266894;attr_changed;classification;highway;primary;secondary;Rohanské nábřeží;secondary;394.3;low;hodnota odvozena ze sloučené hrany – ověřit ručně;;;
531266895;attr_changed;classification;highway;primary;secondary;Rohanské nábřeží;secondary;42.9;low;hodnota odvozena ze sloučené hrany – ověřit ručně;;;
531266896;attr_changed;classification;highway;primary;secondary;Rohanské nábřeží;secondary;250.3;low;hodnota odvozena ze sloučené hrany – ověřit ručně;;;
531435774;attr_changed;classification;highway;secondary;tertiary;Rašínovo nábřeží;tertiary;103.6;low;hodnota odvozena ze sloučené hrany – ověřit ručně;;;
531435783;attr_changed;classification;highway;secondary;tertiary;Rašínovo nábřeží;tertiary;103.6;low;hodnota odvozena ze sloučené hrany – ověřit ručně;;;
531435784;attr_changed;classification;highway;secondary;tertiary;Rašínovo nábřeží;tertiary;32.7;low;hodnota odvozena ze sloučené hrany – ověřit ručně;;;
537748125;attr_changed;classification;highway;secondary;tertiary;Rašínovo nábřeží;tertiary;40.4;high;;;;
537748126;attr_changed;classification;highway;secondary;tertiary;Rašínovo nábřeží;tertiary;122.8;low;hodnota odvozena ze sloučené hrany – ověřit ručně;;;
537748127;attr_changed;classification;highway;secondary;tertiary;Rašínovo nábřeží;tertiary;411.8;high;;;;
538857675;attr_changed;classification;highway;tertiary;residential;Politických vězňů;residential;52.3;low;hodnota odvozena ze sloučené hrany – ověřit ručně;;;
543304892;attr_changed;classification;highway;secondary;tertiary;Novodvorská;tertiary;12.5;high;;;;
543304893;attr_changed;classification;highway;secondary;tertiary;Novodvorská;tertiary;10.2;high;;;;
543304902;attr_changed;classification;highway;secondary;tertiary;Vídeňská;tertiary;17.4;high;;;;
544642477;attr_changed;classification;highway;secondary;tertiary;Vyskočilova;tertiary;243.4;low;hodnota odvozena ze sloučené hrany – ověřit ručně;;;
544644156;attr_changed;classification;highway;secondary;tertiary;Michelská;tertiary;20.7;high;;;;
545292646;attr_changed;classification;highway;primary;secondary;U Rustonky;secondary;34.0;high;;;;
545292647;attr_changed;classification;highway;primary;secondary;U Rustonky;secondary;12.1;high;;;;
546278740;attr_changed;classification;highway;secondary;tertiary;Na Slupi;tertiary;100.8;low;hodnota odvozena ze sloučené hrany – ověřit ručně;;;
546278743;attr_changed;classification;highway;secondary;tertiary;Svobodova;tertiary;32.6;low;hodnota odvozena ze sloučené hrany – ověřit ručně;;;
546278746;attr_changed;classification;highway;secondary;tertiary;Svobodova;tertiary;55.7;high;;;;
546278751;attr_changed;classification;highway;secondary;tertiary;Na Slupi;tertiary;120.3;high;;;;
546286926;attr_changed;classification;highway;secondary;tertiary;Sekaninova;tertiary;37.7;high;;;;
546286927;attr_changed;classification;highway;secondary;tertiary;Sekaninova;tertiary;61.9;high;;;;
546286928;attr_changed;classification;highway;secondary_link;tertiary_link;Sekaninova;tertiary_link;27.4;high;;;;
547930231;attr_changed;classification;highway;primary;secondary;Vltavská;secondary;117.1;low;hodnota odvozena ze sloučené hrany – ověřit ručně;;;
547932158;attr_changed;classification;highway;primary;secondary;Vltavská;secondary;103.4;low;hodnota odvozena ze sloučené hrany – ověřit ručně;;;
547933470;attr_changed;classification;highway;primary;secondary;Hořejší nábřeží|Janáčkovo nábřeží;secondary;249.8;low;hodnota odvozena ze sloučené hrany – ověřit ručně;;;
547934699;attr_changed;classification;highway;primary;secondary;Hořejší nábřeží;secondary;146.8;low;hodnota odvozena ze sloučené hrany – ověřit ručně;;;
547934701;attr_changed;classification;highway;primary;secondary;Hořejší nábřeží|Janáčkovo nábřeží;secondary;249.8;low;hodnota odvozena ze sloučené hrany – ověřit ručně;;;
547934702;attr_changed;classification;highway;primary;secondary;Dienzenhoferovy sady|Jiráskův most;secondary;344.2;low;hodnota odvozena ze sloučené hrany – ověřit ručně;;;
547937950;attr_changed;classification;highway;primary;secondary;Hořejší nábřeží|Janáčkovo nábřeží;secondary;249.8;low;hodnota odvozena ze sloučené hrany – ověřit ručně;;;
547941422;attr_changed;classification;highway;primary;secondary;V Botanice;secondary;126.2;low;hodnota odvozena ze sloučené hrany – ověřit ručně;;;
553554737;attr_changed;classification;highway;secondary;tertiary;Modřanská;tertiary;793.3;high;;;;
553554738;attr_changed;classification;highway;secondary;tertiary;Branická;tertiary;41.8;high;;;;
555759234;attr_changed;classification;highway;primary;secondary;Resslova;secondary;60.8;low;hodnota odvozena ze sloučené hrany – ověřit ručně;;;
555781232;attr_changed;classification;highway;primary;secondary;Dienzenhoferovy sady|Jiráskův most;secondary;344.2;low;hodnota odvozena ze sloučené hrany – ověřit ručně;;;
559381955;attr_changed;classification;highway;trunk;trunk|trunk_link;Jižní spojka;trunk|trunk_link;2829.7;low;hodnota odvozena ze sloučené hrany – ověřit ručně;;;
559451492;attr_changed;classification;highway;primary;secondary;Ostrovského;secondary;118.8;low;hodnota odvozena ze sloučené hrany – ověřit ručně;;;
559451494;attr_changed;classification;highway;primary;primary|secondary;Radlická;primary|secondary;127.4;low;hodnota odvozena ze sloučené hrany – ověřit ručně;;;
559451495;attr_changed;classification;highway;primary;primary|secondary;Radlická;primary|secondary;127.4;low;hodnota odvozena ze sloučené hrany – ověřit ručně;;;
560098440;attr_changed;classification;highway;trunk;trunk|trunk_link;Jižní spojka;trunk|trunk_link;1643.0;low;hodnota odvozena ze sloučené hrany – ověřit ručně;;;
562485041;attr_changed;classification;highway;primary_link;trunk_link;;trunk_link;101.1;low;hodnota odvozena ze sloučené hrany – ověřit ručně;;;
562598622;attr_changed;classification;highway;primary;secondary;Milady Horákové;secondary;333.8;low;hodnota odvozena ze sloučené hrany – ověřit ručně;;;
562757386;attr_changed;classification;highway;primary;trunk;Strakonická;trunk;1648.6;low;hodnota odvozena ze sloučené hrany – ověřit ručně;;;
562773591;attr_changed;classification;highway;primary;secondary;Za Viaduktem;secondary;217.3;high;;;;
562837266;attr_changed;classification;highway;secondary_link;tertiary_link;U Švehlova altánu;tertiary_link;59.2;high;;;;
562837267;attr_changed;classification;highway;secondary_link;tertiary_link;U Švehlova altánu;tertiary_link;110.5;low;hodnota odvozena ze sloučené hrany – ověřit ručně;;;
562837268;attr_changed;classification;highway;secondary;tertiary;K Horkám;tertiary;137.8;high;;;;
562837269;attr_changed;classification;highway;secondary;tertiary;K Horkám;tertiary;157.8;low;hodnota odvozena ze sloučené hrany – ověřit ručně;;;
565429446;attr_changed;classification;highway;secondary;tertiary;Svobodova;tertiary;31.7;high;;;;
566820837;attr_changed;classification;highway;secondary;residential;Malostranské náměstí;residential;83.5;low;hodnota odvozena ze sloučené hrany – ověřit ručně;;;
572751302;attr_changed;classification;highway;trunk;trunk|trunk_link;Jižní spojka;trunk|trunk_link;1643.0;low;hodnota odvozena ze sloučené hrany – ověřit ručně;;;
572751305;attr_changed;classification;highway;trunk;trunk|trunk_link;Jižní spojka;trunk|trunk_link;1643.0;low;hodnota odvozena ze sloučené hrany – ověřit ručně;;;
572751307;attr_changed;classification;highway;trunk;trunk|trunk_link;Jižní spojka;trunk|trunk_link;2829.7;low;hodnota odvozena ze sloučené hrany – ověřit ručně;;;
572751309;attr_changed;classification;highway;trunk;trunk|trunk_link;Jižní spojka;trunk|trunk_link;2829.7;low;hodnota odvozena ze sloučené hrany – ověřit ručně;;;
583233452;attr_changed;classification;highway;primary;secondary;Wilsonova;secondary;61.8;high;;;;
583233453;attr_changed;classification;highway;primary;secondary;Wilsonova;secondary;10.1;high;;;;
583234135;attr_changed;classification;highway;tertiary;secondary_link;U Divadla;secondary_link;94.7;low;hodnota odvozena ze sloučené hrany – ověřit ručně;;;
583234139;attr_changed;classification;highway;tertiary;secondary_link;U Divadla;secondary_link;94.7;low;hodnota odvozena ze sloučené hrany – ověřit ručně;;;
583338250;attr_changed;classification;highway;secondary;tertiary;Na Slupi;tertiary;121.8;low;hodnota odvozena ze sloučené hrany – ověřit ručně;;;
585627930;attr_changed;classification;highway;tertiary;residential;Politických vězňů;residential;52.3;low;hodnota odvozena ze sloučené hrany – ověřit ručně;;;
586685710;attr_changed;classification;highway;secondary;tertiary;Na Strži;tertiary;645.3;low;hodnota odvozena ze sloučené hrany – ověřit ručně;;;
586740239;attr_changed;classification;highway;trunk;secondary|trunk;Spořilovská;secondary|trunk;859.6;low;hodnota odvozena ze sloučené hrany – ověřit ručně;;;
586742030;attr_changed;classification;highway;trunk;trunk_link;;trunk_link;498.6;low;hodnota odvozena ze sloučené hrany – ověřit ručně;;;
587038361;attr_changed;classification;highway;secondary;tertiary;Olbrachtova;tertiary;173.2;low;hodnota odvozena ze sloučené hrany – ověřit ručně;;;
588912072;attr_changed;classification;highway;secondary_link;tertiary_link;Podolské nábřeží;tertiary_link;23.0;high;;;;
588988785;attr_changed;classification;highway;secondary;tertiary;Generála Šišky;tertiary;131.7;high;;;;
589942824;attr_changed;classification;highway;primary_link;secondary_link;;secondary_link;53.3;low;hodnota odvozena ze sloučené hrany – ověřit ručně;;;
589942825;attr_changed;classification;highway;primary_link;secondary_link;;secondary_link;53.3;low;hodnota odvozena ze sloučené hrany – ověřit ručně;;;
589942826;attr_changed;classification;highway;primary_link;secondary_link;;secondary_link;82.6;low;hodnota odvozena ze sloučené hrany – ověřit ručně;;;
589943081;attr_changed;classification;highway;secondary_link;tertiary_link;;tertiary_link;35.3;high;;;;
589943082;attr_changed;classification;highway;secondary;tertiary;Vyskočilova;tertiary;76.7;low;hodnota odvozena ze sloučené hrany – ověřit ručně;;;
589943083;attr_changed;classification;highway;primary_link;tertiary_link;;tertiary_link;17.6;high;;;;
589943084;attr_changed;classification;highway;secondary;tertiary;Vyskočilova;tertiary;30.6;high;;;;
590283520;attr_changed;classification;highway;primary;secondary;Wilsonova;secondary;313.5;low;hodnota odvozena ze sloučené hrany – ověřit ručně;;;
590283522;attr_changed;classification;highway;tertiary;residential;K Letišti;residential;23.0;high;;;;
590285246;attr_changed;classification;highway;primary;secondary;Wilsonova;secondary;313.5;low;hodnota odvozena ze sloučené hrany – ověřit ručně;;;
591366475;attr_changed;classification;highway;primary;secondary;K Barrandovu;secondary;33.7;high;;;;
591568968;attr_changed;classification;highway;tertiary_link;secondary_link|tertiary_link;Severní I;secondary_link|tertiary_link;114.4;low;hodnota odvozena ze sloučené hrany – ověřit ručně;;;
591878796;attr_changed;classification;highway;primary_link;trunk_link;;trunk_link;94.8;low;hodnota odvozena ze sloučené hrany – ověřit ručně;;;
592156693;attr_changed;classification;highway;tertiary;residential;Pikovická;residential;319.2;low;hodnota odvozena ze sloučené hrany – ověřit ručně;;;
592156695;attr_changed;classification;highway;tertiary;residential;Pikovická;residential;319.2;low;hodnota odvozena ze sloučené hrany – ověřit ručně;;;
592184346;attr_changed;classification;highway;secondary;tertiary;Generála Šišky;tertiary;153.7;low;hodnota odvozena ze sloučené hrany – ověřit ručně;;;
592184347;attr_changed;classification;highway;secondary;tertiary;Generála Šišky;tertiary;153.7;low;hodnota odvozena ze sloučené hrany – ověřit ručně;;;
592184351;attr_changed;classification;highway;secondary;tertiary;Novodvorská;tertiary;14.2;high;;;;
592184354;attr_changed;classification;highway;secondary;tertiary;Novodvorská;tertiary;13.2;high;;;;
592184357;attr_changed;classification;highway;secondary;tertiary;Novodvorská;tertiary;11.0;high;;;;
592184359;attr_changed;classification;highway;secondary;tertiary;Novodvorská;tertiary;10.8;high;;;;
592184361;attr_changed;classification;highway;secondary;tertiary;Novodvorská;tertiary;6.2;high;;;;
592197251;attr_changed;classification;highway;secondary;tertiary;Komořanská;tertiary;176.2;low;hodnota odvozena ze sloučené hrany – ověřit ručně;;;
592218426;attr_changed;classification;highway;secondary;tertiary;Generála Šišky;tertiary;453.0;low;hodnota odvozena ze sloučené hrany – ověřit ručně;;;
592218427;attr_changed;classification;highway;secondary;tertiary;Generála Šišky;tertiary;246.1;high;;;;
592218430;attr_changed;classification;highway;secondary;tertiary;Generála Šišky;tertiary;418.0;high;;;;
592218431;attr_changed;classification;highway;secondary;tertiary;Generála Šišky;tertiary;23.3;high;;;;
592365310;attr_changed;classification;highway;secondary;tertiary;Generála Šišky;tertiary;63.9;high;;;;
592365315;attr_changed;classification;highway;secondary;tertiary;Vídeňská;tertiary;22.9;high;;;;
592389455;attr_changed;classification;highway;secondary;tertiary;Vídeňská;tertiary;116.7;low;hodnota odvozena ze sloučené hrany – ověřit ručně;;;
592688441;attr_changed;classification;highway;secondary;tertiary;Mírového hnutí;tertiary;65.6;low;hodnota odvozena ze sloučené hrany – ověřit ručně;;;
592691595;attr_changed;classification;highway;secondary;tertiary;Mírového hnutí;tertiary;301.9;low;hodnota odvozena ze sloučené hrany – ověřit ručně;;;
592693616;attr_changed;classification;highway;secondary;tertiary;Výstavní;tertiary;252.6;low;hodnota odvozena ze sloučené hrany – ověřit ručně;;;
592693617;attr_changed;classification;highway;secondary;tertiary;Výstavní;tertiary;28.9;high;;;;
592772495;attr_changed;classification;highway;secondary;tertiary;Pražská;tertiary;60.1;low;hodnota odvozena ze sloučené hrany – ověřit ručně;;;
592772498;attr_changed;classification;highway;secondary;tertiary;Hostivařské náměstí|K Horkám|K Horkám;tertiary;170.6;low;hodnota odvozena ze sloučené hrany – ověřit ručně;;;
593115843;attr_changed;classification;highway;tertiary;secondary;Přetlucká;secondary;13.1;high;;;;
593115844;attr_changed;classification;highway;tertiary;secondary;Přetlucká;secondary;35.0;high;;;;
593115845;attr_changed;classification;highway;tertiary;secondary;Přetlucká;secondary;16.1;high;;;;
593121320;attr_changed;classification;highway;residential|tertiary;residential;Ke Kablu|U Kabelovny;residential;757.3;low;hodnota odvozena ze sloučené hrany – ověřit ručně;;;
593196918;attr_changed;classification;highway;tertiary;secondary;U Tvrze;secondary;63.7;low;hodnota odvozena ze sloučené hrany – ověřit ručně;;;
595932159;attr_changed;classification;highway;primary;secondary;Partyzánská;secondary;75.3;low;hodnota odvozena ze sloučené hrany – ověřit ručně;;;
596096068;attr_changed;classification;highway;primary;secondary;Jiráskovo náměstí;secondary;14.0;low;hodnota odvozena ze sloučené hrany – ověřit ručně;;;
596103405;attr_changed;classification;highway;secondary;primary;Vosmíkových;primary;131.7;low;hodnota odvozena ze sloučené hrany – ověřit ručně;;;
596132318;attr_changed;classification;highway;tertiary;residential|tertiary;Opletalova;residential|tertiary;123.2;low;hodnota odvozena ze sloučené hrany – ověřit ručně;;;
596215170;attr_changed;classification;highway;secondary;tertiary;Zálesí;tertiary;150.4;high;;;;
596215174;attr_changed;classification;highway;secondary;tertiary;Vídeňská;tertiary;200.2;low;hodnota odvozena ze sloučené hrany – ověřit ručně;;;
596235053;attr_changed;classification;highway;primary;secondary;Legerova;secondary;190.5;low;hodnota odvozena ze sloučené hrany – ověřit ručně;;;
596235056;attr_changed;classification;highway;tertiary;tertiary_link;;tertiary_link;11.9;low;hodnota odvozena ze sloučené hrany – ověřit ručně;;;
597518512;attr_changed;classification;highway;secondary;tertiary;Libušská;tertiary;143.6;low;hodnota odvozena ze sloučené hrany – ověřit ručně;;;
597518513;attr_changed;classification;highway;secondary;tertiary;Libušská;tertiary;143.6;low;hodnota odvozena ze sloučené hrany – ověřit ručně;;;
598792066;attr_changed;classification;highway;secondary;trunk_link;;trunk_link;249.3;low;hodnota odvozena ze sloučené hrany – ověřit ručně;;;
599420313;attr_changed;classification;highway;primary;secondary;5. května;secondary;612.7;low;hodnota odvozena ze sloučené hrany – ověřit ručně;;;
599420763;attr_changed;classification;highway;primary_link;secondary_link;;secondary_link;162.3;low;hodnota odvozena ze sloučené hrany – ověřit ručně;;;
599420767;attr_changed;classification;highway;primary_link;secondary_link;;secondary_link;162.3;low;hodnota odvozena ze sloučené hrany – ověřit ručně;;;
599420923;attr_changed;classification;highway;primary_link;secondary_link;;secondary_link;162.3;low;hodnota odvozena ze sloučené hrany – ověřit ručně;;;
601769975;attr_changed;classification;highway;primary;secondary;Veletržní;secondary;87.9;low;hodnota odvozena ze sloučené hrany – ověřit ručně;;;
602948462;attr_changed;classification;highway;secondary;tertiary;;tertiary;32.4;high;;;;
603464048;attr_changed;classification;highway;secondary;tertiary;Kunratická spojka;tertiary;671.1;low;hodnota odvozena ze sloučené hrany – ověřit ručně;;;
603465447;attr_changed;classification;highway;secondary;tertiary;;tertiary;19.7;high;;;;
603509436;attr_changed;classification;highway;secondary;tertiary;Novodvorská;tertiary;5.5;high;;;;
603509437;attr_changed;classification;highway;secondary;tertiary;Novodvorská;tertiary;5.4;high;;;;
616085308;attr_changed;classification;highway;secondary;trunk;Aviatická;trunk;132.3;low;hodnota odvozena ze sloučené hrany – ověřit ručně;;;
616085316;attr_changed;classification;highway;secondary;trunk;Aviatická;trunk;132.3;low;hodnota odvozena ze sloučené hrany – ověřit ručně;;;
621790530;attr_changed;classification;highway;secondary;primary;Zenklova;primary;121.3;low;hodnota odvozena ze sloučené hrany – ověřit ručně;;;
625718446;attr_changed;classification;highway;tertiary;residential;K Letišti;residential;22.9;high;;;;
628811877;attr_changed;classification;highway;primary;secondary;Bubenská|Hlávkův most;secondary;86.4;low;hodnota odvozena ze sloučené hrany – ověřit ručně;;;
628811880;attr_changed;classification;highway;primary;secondary;Bubenská;secondary;121.6;low;hodnota odvozena ze sloučené hrany – ověřit ručně;;;
628811882;attr_changed;classification;highway;primary_link;secondary_link;Bubenská;secondary_link;48.0;high;;;;
628818164;attr_changed;classification;highway;primary_link;secondary_link;;secondary_link;346.7;low;hodnota odvozena ze sloučené hrany – ověřit ručně;;;
628818165;attr_changed;classification;highway;primary;secondary;Bubenská;secondary;147.9;low;hodnota odvozena ze sloučené hrany – ověřit ručně;;;
633360693;attr_changed;classification;highway;primary;secondary;Bubenská;secondary;9.9;high;;;;
633370116;attr_changed;classification;highway;primary;secondary;nábřeží Kapitána Jaroše;secondary;436.8;low;hodnota odvozena ze sloučené hrany – ověřit ručně;;;
633370117;attr_changed;classification;highway;primary_link;secondary_link;;secondary_link;346.7;low;hodnota odvozena ze sloučené hrany – ověřit ručně;;;
633370118;attr_changed;classification;highway;primary_link;secondary_link;;secondary_link;214.5;low;hodnota odvozena ze sloučené hrany – ověřit ručně;;;
633370120;attr_changed;classification;highway;primary_link;secondary_link;;secondary_link;40.1;low;hodnota odvozena ze sloučené hrany – ověřit ručně;;;
633377374;attr_changed;classification;highway;primary_link;secondary_link;Ke Štvanici;secondary_link;111.4;low;hodnota odvozena ze sloučené hrany – ověřit ručně;;;
633377382;attr_changed;classification;highway;primary;secondary;Hlávkův most|Wilsonova;secondary;483.3;low;hodnota odvozena ze sloučené hrany – ověřit ručně;;;
635416702;attr_changed;classification;highway;secondary;residential;17. listopadu;residential;71.9;low;hodnota odvozena ze sloučené hrany – ověřit ručně;;;
635423528;attr_changed;classification;highway;secondary;tertiary;Svobodova;tertiary;82.7;low;hodnota odvozena ze sloučené hrany – ověřit ručně;;;
635423529;attr_changed;classification;highway;secondary;tertiary;Svobodova;tertiary;37.2;high;;;;
637630672;attr_changed;classification;highway;primary;secondary;Bubenská;secondary;147.9;low;hodnota odvozena ze sloučené hrany – ověřit ručně;;;
638592431;attr_changed;classification;highway;secondary;tertiary;Na Slupi;tertiary;100.8;low;hodnota odvozena ze sloučené hrany – ověřit ručně;;;
638592433;attr_changed;classification;highway;secondary;tertiary;Na Slupi;tertiary;100.8;low;hodnota odvozena ze sloučené hrany – ověřit ručně;;;
638699362;attr_changed;classification;highway;secondary;tertiary;Kunratická spojka;tertiary;671.1;low;hodnota odvozena ze sloučené hrany – ověřit ručně;;;
642239584;attr_changed;classification;highway;secondary;primary;Davídkova;primary;191.2;low;hodnota odvozena ze sloučené hrany – ověřit ručně;;;
653715834;attr_changed;classification;highway;secondary;tertiary;Na Strži;tertiary;228.6;low;hodnota odvozena ze sloučené hrany – ověřit ručně;;;
653715835;attr_changed;classification;highway;secondary;tertiary;Na Strži;tertiary;266.5;low;hodnota odvozena ze sloučené hrany – ověřit ručně;;;
653715836;attr_changed;classification;highway;secondary;tertiary;Na Strži;tertiary;266.5;low;hodnota odvozena ze sloučené hrany – ověřit ručně;;;
653718809;attr_changed;classification;highway;secondary;tertiary;Vrbova;tertiary;994.5;low;hodnota odvozena ze sloučené hrany – ověřit ručně;;;
653718810;attr_changed;classification;highway;secondary;tertiary;Vrbova;tertiary;994.5;low;hodnota odvozena ze sloučené hrany – ověřit ručně;;;
673868243;attr_changed;classification;highway;residential;secondary;Myslbekova;secondary;63.8;high;;;;
679077833;attr_changed;classification;highway;secondary;primary;Zenklova;primary;137.8;low;hodnota odvozena ze sloučené hrany – ověřit ručně;;;
679880283;attr_changed;classification;highway;secondary;tertiary;Vídeňská;tertiary;163.8;low;hodnota odvozena ze sloučené hrany – ověřit ručně;;;
679880285;attr_changed;classification;highway;secondary;tertiary;Vídeňská;tertiary;163.8;low;hodnota odvozena ze sloučené hrany – ověřit ručně;;;
680403340;attr_changed;classification;highway;secondary;trunk_link;;trunk_link;282.6;low;hodnota odvozena ze sloučené hrany – ověřit ručně;;;
680474944;attr_changed;classification;highway;tertiary;residential|tertiary_link;Lidická|Palackého most;residential|tertiary_link;405.4;low;hodnota odvozena ze sloučené hrany – ověřit ručně;;;
680477658;attr_changed;classification;highway;tertiary;residential;Štefánikova;residential;168.3;high;;;;
680477659;attr_changed;classification;highway;tertiary;residential;Štefánikova;residential;25.5;high;;;;
680481315;attr_changed;classification;highway;secondary;residential;Újezd;residential;35.9;high;;;;
680481316;attr_changed;classification;highway;secondary;residential;Újezd;residential;171.6;high;;;;
681881884;attr_changed;classification;highway;residential;secondary;Myslbekova;secondary;131.1;high;;;;
681881885;attr_changed;classification;highway;residential;secondary;Myslbekova;secondary;229.6;low;hodnota odvozena ze sloučené hrany – ověřit ručně;;;
682105650;attr_changed;classification;highway;primary|trunk;trunk;Liberecká|V Holešovičkách;trunk;506.9;low;hodnota odvozena ze sloučené hrany – ověřit ručně;;;
683686819;attr_changed;classification;highway;secondary;secondary|trunk_link;Strakonická;secondary|trunk_link;206.2;low;hodnota odvozena ze sloučené hrany – ověřit ručně;;;
685150859;attr_changed;classification;highway;primary;primary|trunk;Průmyslová;primary|trunk;371.7;low;hodnota odvozena ze sloučené hrany – ověřit ručně;;;
685150860;attr_changed;classification;highway;primary;primary|trunk;Průmyslová;primary|trunk;843.1;low;hodnota odvozena ze sloučené hrany – ověřit ručně;;;
688937580;attr_changed;classification;highway;secondary;tertiary;Ryšavého;tertiary;325.9;low;hodnota odvozena ze sloučené hrany – ověřit ručně;;;
688937581;attr_changed;classification;highway;secondary;tertiary;Ryšavého;tertiary;220.3;low;hodnota odvozena ze sloučené hrany – ověřit ručně;;;
690750605;attr_changed;classification;highway;primary;secondary;Sokolovská;secondary;111.9;high;;;;
690750609;attr_changed;classification;highway;primary;secondary;Sokolovská;secondary;15.2;high;;;;
691139387;attr_changed;classification;highway;primary;secondary;K Barrandovu;secondary;32.1;high;;;;
691139388;attr_changed;classification;highway;primary;secondary;K Barrandovu;secondary;428.9;low;hodnota odvozena ze sloučené hrany – ověřit ručně;;;
691139389;attr_changed;classification;highway;primary;secondary;K Barrandovu;secondary;38.0;high;;;;
691139390;attr_changed;classification;highway;primary;secondary;K Barrandovu|K Barrandovu;secondary;722.9;low;hodnota odvozena ze sloučené hrany – ověřit ručně;;;
691139393;attr_changed;classification;highway;primary;secondary;K Barrandovu;secondary;32.2;high;;;;
691139396;attr_changed;classification;highway;primary;secondary;K Barrandovu;secondary;509.5;low;hodnota odvozena ze sloučené hrany – ověřit ručně;;;
691139397;attr_changed;classification;highway;primary;secondary;K Barrandovu;secondary;509.5;low;hodnota odvozena ze sloučené hrany – ověřit ručně;;;
691139398;attr_changed;classification;highway;primary;secondary;K Barrandovu;secondary;318.1;high;;;;
691139399;attr_changed;classification;highway;primary;secondary;K Barrandovu;secondary;855.4;high;;;;
691139400;attr_changed;classification;highway;primary;secondary;K Barrandovu;secondary;832.4;low;hodnota odvozena ze sloučené hrany – ověřit ručně;;;
691139401;attr_changed;classification;highway;primary;secondary;K Barrandovu;secondary;34.2;high;;;;
691139404;attr_changed;classification;highway;primary;secondary;K Barrandovu;secondary;757.7;low;hodnota odvozena ze sloučené hrany – ověřit ručně;;;
691139405;attr_changed;classification;highway;primary;secondary;K Barrandovu;secondary;757.7;low;hodnota odvozena ze sloučené hrany – ověřit ručně;;;
691139406;attr_changed;classification;highway;primary;secondary;K Barrandovu;secondary;757.7;low;hodnota odvozena ze sloučené hrany – ověřit ručně;;;
691139407;attr_changed;classification;highway;primary;secondary;K Barrandovu;secondary;757.7;low;hodnota odvozena ze sloučené hrany – ověřit ručně;;;
691139408;attr_changed;classification;highway;primary;secondary;K Barrandovu;secondary;702.8;low;hodnota odvozena ze sloučené hrany – ověřit ručně;;;
691139409;attr_changed;classification;highway;primary;secondary;K Barrandovu;secondary;27.8;high;;;;
697612312;attr_changed;classification;highway;secondary;tertiary;Vídeňská;tertiary;199.0;low;hodnota odvozena ze sloučené hrany – ověřit ručně;;;
698259110;attr_changed;classification;highway;primary;secondary;Za Viaduktem|nábřeží Kapitána Jaroše;secondary;253.1;low;hodnota odvozena ze sloučené hrany – ověřit ručně;;;
700564528;attr_changed;classification;highway;secondary;tertiary;Vrbova;tertiary;330.8;low;hodnota odvozena ze sloučené hrany – ověřit ručně;;;
708474103;attr_changed;classification;highway;tertiary;tertiary_link;;tertiary_link;67.4;high;;;;
710706043;attr_changed;classification;highway;tertiary;secondary;Rabakovská;secondary;31.4;low;hodnota odvozena ze sloučené hrany – ověřit ručně;;;
715769615;attr_changed;classification;highway;primary;trunk;Strakonická;trunk;2071.8;low;hodnota odvozena ze sloučené hrany – ověřit ručně;;;
715769616;attr_changed;classification;highway;primary;trunk;Strakonická;trunk;2071.8;low;hodnota odvozena ze sloučené hrany – ověřit ručně;;;
718298455;attr_changed;classification;highway;secondary;tertiary;Hostivařské náměstí|K Horkám|K Horkám;tertiary;170.6;low;hodnota odvozena ze sloučené hrany – ověřit ručně;;;
718298456;attr_changed;classification;highway;secondary;tertiary;Hostivařské náměstí|K Horkám|K Horkám;tertiary;170.6;low;hodnota odvozena ze sloučené hrany – ověřit ručně;;;
731178599;attr_changed;classification;highway;living_street|residential;living_street;Sázavská;living_street;104.8;low;hodnota odvozena ze sloučené hrany – ověřit ručně;;;
731178610;attr_changed;classification;highway;living_street|residential;living_street;Sázavská;living_street;104.8;low;hodnota odvozena ze sloučené hrany – ověřit ručně;;;
732613167;attr_changed;classification;highway;primary;secondary;Milady Horákové;secondary;307.7;low;hodnota odvozena ze sloučené hrany – ověřit ručně;;;
751243447;attr_changed;classification;highway;primary;trunk;Lahovický most;trunk;475.6;low;hodnota odvozena ze sloučené hrany – ověřit ručně;;;
753289522;attr_changed;classification;highway;primary;secondary;K Barrandovu;secondary;852.2;low;hodnota odvozena ze sloučené hrany – ověřit ručně;;;
753289524;attr_changed;classification;highway;primary;secondary;K Barrandovu;secondary;764.5;low;hodnota odvozena ze sloučené hrany – ověřit ručně;;;
757443935;attr_changed;classification;highway;secondary;primary;Čuprova;primary;9.0;high;;;;
757443937;attr_changed;classification;highway;secondary;primary;Čuprova;primary;63.4;low;hodnota odvozena ze sloučené hrany – ověřit ručně;;;
757443938;attr_changed;classification;highway;secondary;primary_link;;primary_link;24.0;high;;;;
757443942;attr_changed;classification;highway;secondary;primary;Čuprova;primary;8.9;high;;;;
757446761;attr_changed;classification;highway;secondary;primary_link;Čuprova;primary_link;12.3;high;;;;
757446764;attr_changed;classification;highway;secondary;primary;Čuprova;primary;29.2;high;;;;
757446765;attr_changed;classification;highway;secondary;primary;Čuprova;primary;16.0;high;;;;
758151833;attr_changed;classification;highway;primary;secondary;Vrbenského;secondary;247.5;low;hodnota odvozena ze sloučené hrany – ověřit ručně;;;
758151834;attr_changed;classification;highway;primary;secondary;Vrbenského;secondary;247.5;low;hodnota odvozena ze sloučené hrany – ověřit ručně;;;
758155419;attr_changed;classification;highway;secondary;tertiary;Novodvorská;tertiary;94.4;low;hodnota odvozena ze sloučené hrany – ověřit ručně;;;
758155420;attr_changed;classification;highway;secondary;tertiary;Novodvorská;tertiary;375.6;low;hodnota odvozena ze sloučené hrany – ověřit ručně;;;
758155421;attr_changed;classification;highway;secondary;tertiary;Novodvorská;tertiary;375.6;low;hodnota odvozena ze sloučené hrany – ověřit ručně;;;
758155426;attr_changed;classification;highway;secondary;tertiary;Novodvorská;tertiary;1016.7;low;hodnota odvozena ze sloučené hrany – ověřit ručně;;;
758155427;attr_changed;classification;highway;secondary;tertiary;Novodvorská;tertiary;560.7;low;hodnota odvozena ze sloučené hrany – ověřit ručně;;;
758155429;attr_changed;classification;highway;secondary;tertiary;Novodvorská;tertiary;185.4;low;hodnota odvozena ze sloučené hrany – ověřit ručně;;;
758155430;attr_changed;classification;highway;secondary;tertiary;Novodvorská;tertiary;560.9;low;hodnota odvozena ze sloučené hrany – ověřit ručně;;;
762702614;attr_changed;classification;highway;primary;secondary;Milady Horákové;secondary;330.8;low;hodnota odvozena ze sloučené hrany – ověřit ručně;;;
762702615;attr_changed;classification;highway;primary;secondary;Milady Horákové;secondary;330.8;low;hodnota odvozena ze sloučené hrany – ověřit ručně;;;
762702629;attr_changed;classification;highway;primary;secondary;Milady Horákové;secondary;4.6;high;;;;
762702637;attr_changed;classification;highway;primary;secondary;Milady Horákové;secondary;43.1;high;;;;
762706870;attr_changed;classification;highway;primary;secondary;Milady Horákové;secondary;653.3;low;hodnota odvozena ze sloučené hrany – ověřit ručně;;;
763218406;attr_changed;classification;highway;primary;secondary;Těšnovský tunel;secondary;421.3;low;hodnota odvozena ze sloučené hrany – ověřit ručně;;;
764279700;attr_changed;classification;highway;primary_link;secondary_link;;secondary_link;49.0;high;;;;
764279702;attr_changed;classification;highway;primary_link;secondary_link;;secondary_link;162.3;low;hodnota odvozena ze sloučené hrany – ověřit ručně;;;
764279704;attr_changed;classification;highway;secondary;secondary_link;;secondary_link;25.4;high;;;;
764381029;attr_changed;classification;highway;secondary;secondary_link;;secondary_link;71.0;high;;;;
764382009;attr_changed;classification;highway;residential;tertiary;náměstí Hrdinů;tertiary;48.7;low;hodnota odvozena ze sloučené hrany – ověřit ručně;;;
770622258;attr_changed;classification;highway;secondary;tertiary;Rašínovo nábřeží;tertiary;140.2;low;hodnota odvozena ze sloučené hrany – ověřit ručně;;;
778923733;attr_changed;classification;highway;secondary;tertiary;Komořanská;tertiary;40.4;high;;;;
778923734;attr_changed;classification;highway;secondary;tertiary;Komořanská;tertiary;176.2;low;hodnota odvozena ze sloučené hrany – ověřit ručně;;;
778923736;attr_changed;classification;highway;secondary;tertiary;Komořanská;tertiary;368.1;low;hodnota odvozena ze sloučené hrany – ověřit ručně;;;
778923737;attr_changed;classification;highway;secondary;tertiary;Komořanská;tertiary;368.1;low;hodnota odvozena ze sloučené hrany – ověřit ručně;;;
805021272;attr_changed;classification;highway;secondary;tertiary;Novodvorská;tertiary;298.1;low;hodnota odvozena ze sloučené hrany – ověřit ručně;;;
805021274;attr_changed;classification;highway;secondary;tertiary;Novodvorská;tertiary;298.1;low;hodnota odvozena ze sloučené hrany – ověřit ručně;;;
805021275;attr_changed;classification;highway;secondary;tertiary;Novodvorská;tertiary;298.1;low;hodnota odvozena ze sloučené hrany – ověřit ručně;;;
805407399;attr_changed;classification;highway;secondary;residential;Divadelní;residential;75.3;low;hodnota odvozena ze sloučené hrany – ověřit ručně;;;
805407401;attr_changed;classification;highway;secondary;residential;Divadelní;residential;184.5;high;;;;
805407403;attr_changed;classification;highway;secondary;residential;Betlémská|Divadelní;residential;98.1;low;hodnota odvozena ze sloučené hrany – ověřit ručně;;;
809610555;attr_changed;classification;highway;secondary;tertiary;Novodvorská;tertiary;376.5;low;hodnota odvozena ze sloučené hrany – ověřit ručně;;;
809610556;attr_changed;classification;highway;secondary;tertiary;Novodvorská;tertiary;265.5;high;;;;
810752843;attr_changed;classification;highway;secondary;tertiary;Novodvorská;tertiary;27.2;high;;;;
810752844;attr_changed;classification;highway;secondary;tertiary;Novodvorská;tertiary;139.7;low;hodnota odvozena ze sloučené hrany – ověřit ručně;;;
812660244;attr_changed;classification;highway;primary;secondary;Veletržní;secondary;69.1;low;hodnota odvozena ze sloučené hrany – ověřit ručně;;;
812662141;attr_changed;classification;highway;secondary;residential;Divadelní;residential;75.3;low;hodnota odvozena ze sloučené hrany – ověřit ručně;;;
812923090;attr_changed;classification;highway;secondary;tertiary;Modřanská;tertiary;193.2;high;;;;
813562913;attr_changed;classification;highway;primary;secondary;Sokolovská;secondary;364.4;low;hodnota odvozena ze sloučené hrany – ověřit ručně;;;
814304910;attr_changed;classification;highway;secondary;tertiary;Komořanská;tertiary;615.5;low;hodnota odvozena ze sloučené hrany – ověřit ručně;;;
815534490;attr_changed;classification;highway;secondary;tertiary;Novodvorská;tertiary;67.9;low;hodnota odvozena ze sloučené hrany – ověřit ručně;;;
815534492;attr_changed;classification;highway;secondary;tertiary;Novodvorská;tertiary;232.2;low;hodnota odvozena ze sloučené hrany – ověřit ručně;;;
815534493;attr_changed;classification;highway;secondary;tertiary;Novodvorská;tertiary;232.2;low;hodnota odvozena ze sloučené hrany – ověřit ručně;;;
815534495;attr_changed;classification;highway;secondary;tertiary;Novodvorská;tertiary;111.8;low;hodnota odvozena ze sloučené hrany – ověřit ručně;;;
815534496;attr_changed;classification;highway;secondary;tertiary;Novodvorská;tertiary;56.5;low;hodnota odvozena ze sloučené hrany – ověřit ručně;;;
816468501;attr_changed;classification;highway;secondary;tertiary;Ryšavého;tertiary;202.6;low;hodnota odvozena ze sloučené hrany – ověřit ručně;;;
816468502;attr_changed;classification;highway;secondary;tertiary;Ryšavého;tertiary;206.5;low;hodnota odvozena ze sloučené hrany – ověřit ručně;;;
816468503;attr_changed;classification;highway;secondary;tertiary;Ryšavého;tertiary;206.5;low;hodnota odvozena ze sloučené hrany – ověřit ručně;;;
816497264;attr_changed;classification;highway;primary;secondary;Vltavská;secondary;137.5;low;hodnota odvozena ze sloučené hrany – ověřit ručně;;;
817107310;attr_changed;classification;highway;primary;secondary;Vltavská;secondary;103.4;low;hodnota odvozena ze sloučené hrany – ověřit ručně;;;
817107312;attr_changed;classification;highway;primary;secondary;Vltavská;secondary;115.7;low;hodnota odvozena ze sloučené hrany – ověřit ručně;;;
817107324;attr_changed;classification;highway;primary;secondary;Vltavská;secondary;117.1;low;hodnota odvozena ze sloučené hrany – ověřit ručně;;;
817107327;attr_changed;classification;highway;primary;secondary;Vltavská;secondary;103.4;low;hodnota odvozena ze sloučené hrany – ověřit ručně;;;
827588785;attr_changed;classification;highway;primary;secondary;Milady Horákové;secondary;168.6;low;hodnota odvozena ze sloučené hrany – ověřit ručně;;;
828122200;attr_changed;classification;highway;primary;secondary;Argentinská;secondary;129.9;low;hodnota odvozena ze sloučené hrany – ověřit ručně;;;
828122201;attr_changed;classification;highway;primary;secondary;Za Viaduktem;secondary;18.5;high;;;;
828122202;attr_changed;classification;highway;primary;secondary;Za Viaduktem|nábřeží Kapitána Jaroše;secondary;253.1;low;hodnota odvozena ze sloučené hrany – ověřit ručně;;;
836151249;attr_changed;classification;highway;primary;secondary;Karlovo náměstí;secondary;115.1;low;hodnota odvozena ze sloučené hrany – ověřit ručně;;;
840310000;attr_changed;classification;highway;primary_link;trunk_link;;trunk_link;101.1;low;hodnota odvozena ze sloučené hrany – ověřit ručně;;;
840310001;attr_changed;classification;highway;primary_link;trunk_link;;trunk_link;101.7;low;hodnota odvozena ze sloučené hrany – ověřit ručně;;;
844169003;attr_changed;classification;highway;secondary;tertiary;Modřanská;tertiary;488.6;low;hodnota odvozena ze sloučené hrany – ověřit ručně;;;
844169005;attr_changed;classification;highway;secondary;secondary|tertiary;Modřanská;secondary|tertiary;487.7;low;hodnota odvozena ze sloučené hrany – ověřit ručně;;;
844169018;attr_changed;classification;highway;secondary_link;tertiary_link;;tertiary_link;46.8;low;hodnota odvozena ze sloučené hrany – ověřit ručně;;;
844169020;attr_changed;classification;highway;secondary;tertiary;Modřanská;tertiary;470.6;low;hodnota odvozena ze sloučené hrany – ověřit ručně;;;
844207482;attr_changed;classification;highway;secondary;residential;Janáčkovo nábřeží;residential;164.3;low;hodnota odvozena ze sloučené hrany – ověřit ručně;;;
844361626;attr_changed;classification;highway;secondary;tertiary;Modřanská;tertiary;488.6;low;hodnota odvozena ze sloučené hrany – ověřit ručně;;;
844361627;attr_changed;classification;highway;secondary;secondary|tertiary;Modřanská;secondary|tertiary;487.7;low;hodnota odvozena ze sloučené hrany – ověřit ručně;;;
846857583;attr_changed;classification;highway;secondary;primary;Zenklova;primary;34.4;high;;;;
846901508;attr_changed;classification;highway;secondary;tertiary;Rašínovo nábřeží;tertiary;351.7;low;hodnota odvozena ze sloučené hrany – ověřit ručně;;;
849538281;attr_changed;classification;highway;secondary;tertiary;Rašínovo nábřeží;tertiary;173.1;low;hodnota odvozena ze sloučené hrany – ověřit ručně;;;
849538283;attr_changed;classification;highway;secondary;tertiary;Rašínovo nábřeží;tertiary;140.2;low;hodnota odvozena ze sloučené hrany – ověřit ručně;;;
849538284;attr_changed;classification;highway;secondary;tertiary;Rašínovo nábřeží;tertiary;165.7;low;hodnota odvozena ze sloučené hrany – ověřit ručně;;;
849538285;attr_changed;classification;highway;secondary;tertiary;Rašínovo nábřeží;tertiary;170.8;low;hodnota odvozena ze sloučené hrany – ověřit ručně;;;
851630411;attr_changed;classification;highway;primary;secondary;Kartouzská;secondary;316.2;low;hodnota odvozena ze sloučené hrany – ověřit ručně;;;
857270303;attr_changed;classification;highway;primary;secondary;Milady Horákové;secondary;380.3;low;hodnota odvozena ze sloučené hrany – ověřit ručně;;;
857270304;attr_changed;classification;highway;primary;secondary;Milady Horákové;secondary;380.3;low;hodnota odvozena ze sloučené hrany – ověřit ručně;;;
857270306;attr_changed;classification;highway;primary;secondary;Milady Horákové;secondary;406.9;low;hodnota odvozena ze sloučené hrany – ověřit ručně;;;
857270307;attr_changed;classification;highway;primary;secondary;Milady Horákové;secondary;406.9;low;hodnota odvozena ze sloučené hrany – ověřit ručně;;;
857530424;attr_changed;classification;highway;secondary;residential;Karmelitská;residential;17.6;high;;;;
857757836;attr_changed;classification;highway;motorway_link;motorway_link|trunk_link;;motorway_link|trunk_link;346.8;low;hodnota odvozena ze sloučené hrany – ověřit ručně;;;
857783775;attr_changed;classification;highway;motorway_link;motorway_link|trunk_link;;motorway_link|trunk_link;448.3;low;hodnota odvozena ze sloučené hrany – ověřit ručně;;;
857936759;attr_changed;classification;highway;primary;trunk;Strakonická;trunk;784.8;low;hodnota odvozena ze sloučené hrany – ověřit ručně;;;
857936760;attr_changed;classification;highway;primary;trunk;Strakonická;trunk;205.5;low;hodnota odvozena ze sloučené hrany – ověřit ručně;;;
862483670;attr_changed;classification;highway;secondary;tertiary;Michelská;tertiary;62.0;high;;;;
862759811;attr_changed;classification;highway;secondary;tertiary;Modřanská;tertiary;324.0;high;;;;
862759812;attr_changed;classification;highway;secondary;tertiary;Modřanská;tertiary;812.5;low;hodnota odvozena ze sloučené hrany – ověřit ručně;;;
862759813;attr_changed;classification;highway;secondary;tertiary;Modřanská;tertiary;323.9;low;hodnota odvozena ze sloučené hrany – ověřit ručně;;;
862759814;attr_changed;classification;highway;secondary;tertiary;Modřanská;tertiary;323.9;low;hodnota odvozena ze sloučené hrany – ověřit ručně;;;
862811904;attr_changed;classification;highway;secondary;tertiary;Modřanská;tertiary;662.3;low;hodnota odvozena ze sloučené hrany – ověřit ručně;;;
862811905;attr_changed;classification;highway;secondary;tertiary;Modřanská;tertiary;707.9;low;hodnota odvozena ze sloučené hrany – ověřit ručně;;;
862811908;attr_changed;classification;highway;secondary;tertiary;Modřanská;tertiary;707.9;low;hodnota odvozena ze sloučené hrany – ověřit ručně;;;
862811909;attr_changed;classification;highway;secondary;tertiary;Modřanská;tertiary;662.3;low;hodnota odvozena ze sloučené hrany – ověřit ručně;;;
862811910;attr_changed;classification;highway;secondary;tertiary;Modřanská;tertiary;488.6;low;hodnota odvozena ze sloučené hrany – ověřit ručně;;;
863287185;attr_changed;classification;highway;primary;secondary_link;Těšnovský tunel;secondary_link;47.8;high;;;;
863372626;attr_changed;classification;highway;secondary;residential;Klárov;residential;141.4;low;hodnota odvozena ze sloučené hrany – ověřit ručně;;;
864147150;attr_changed;classification;highway;secondary;residential;Klárov;residential;127.2;low;hodnota odvozena ze sloučené hrany – ověřit ručně;;;
864147151;attr_changed;classification;highway;secondary;residential;Klárov;residential;127.2;low;hodnota odvozena ze sloučené hrany – ověřit ručně;;;
865066530;attr_changed;classification;highway;residential;secondary;Bubenská;secondary;133.1;low;hodnota odvozena ze sloučené hrany – ověřit ručně;;;
867829783;attr_changed;classification;highway;primary;secondary;Ostrovského;secondary;118.8;low;hodnota odvozena ze sloučené hrany – ověřit ručně;;;
867976984;attr_changed;classification;highway;primary;secondary;Hořejší nábřeží;secondary;146.8;low;hodnota odvozena ze sloučené hrany – ověřit ručně;;;
878215791;attr_changed;classification;highway;primary_link;secondary_link;;secondary_link;59.5;low;hodnota odvozena ze sloučené hrany – ověřit ručně;;;
878218318;attr_changed;classification;highway;secondary;primary_link;Zenklova;primary_link;22.3;high;;;;
882399876;attr_changed;classification;highway;secondary;primary_link|secondary;náměstí Na stráži;primary_link|secondary;24.4;low;hodnota odvozena ze sloučené hrany – ověřit ručně;;;
884731051;attr_changed;classification;highway;primary_link;trunk_link;;trunk_link;101.7;low;hodnota odvozena ze sloučené hrany – ověřit ručně;;;
885953283;attr_changed;classification;highway;motorway_link;motorway_link|trunk_link;;motorway_link|trunk_link;346.8;low;hodnota odvozena ze sloučené hrany – ověřit ručně;;;
885970073;attr_changed;classification;highway;secondary;tertiary;Olbrachtova;tertiary;376.6;low;hodnota odvozena ze sloučené hrany – ověřit ručně;;;
885970074;attr_changed;classification;highway;secondary;tertiary;Olbrachtova;tertiary;565.3;high;;;;
888717602;attr_changed;classification;highway;primary;trunk;Strakonická;trunk;1835.1;low;hodnota odvozena ze sloučené hrany – ověřit ručně;;;
892320637;attr_changed;classification;highway;secondary;tertiary;Generála Šišky;tertiary;396.8;low;hodnota odvozena ze sloučené hrany – ověřit ručně;;;
892320638;attr_changed;classification;highway;secondary;tertiary;Generála Šišky;tertiary;472.1;high;;;;
892320639;attr_changed;classification;highway;secondary;tertiary;Generála Šišky;tertiary;888.6;low;hodnota odvozena ze sloučené hrany – ověřit ručně;;;
893553867;attr_changed;classification;highway;secondary;tertiary;Zálesí;tertiary;389.9;low;hodnota odvozena ze sloučené hrany – ověřit ručně;;;
893553868;attr_changed;classification;highway;secondary;tertiary;Zálesí;tertiary;389.9;low;hodnota odvozena ze sloučené hrany – ověřit ručně;;;
893553869;attr_changed;classification;highway;secondary;tertiary;Zálesí;tertiary;559.0;low;hodnota odvozena ze sloučené hrany – ověřit ručně;;;
893922073;attr_changed;classification;highway;secondary;trunk;Aviatická;trunk;132.3;low;hodnota odvozena ze sloučené hrany – ověřit ručně;;;
893922075;attr_changed;classification;highway;secondary;secondary|trunk;;secondary|trunk;115.1;low;hodnota odvozena ze sloučené hrany – ověřit ručně;;;
893931342;attr_changed;classification;highway;secondary;trunk;;trunk;53.0;low;hodnota odvozena ze sloučené hrany – ověřit ručně;;;
893931343;attr_changed;classification;highway;secondary;trunk;;trunk;71.7;high;;;;
893931344;attr_changed;classification;highway;secondary;trunk;Aviatická;trunk;168.6;low;hodnota odvozena ze sloučené hrany – ověřit ručně;;;
893931345;attr_changed;classification;highway;secondary;secondary|trunk;Aviatická;secondary|trunk;115.3;low;hodnota odvozena ze sloučené hrany – ověřit ručně;;;
895222498;attr_changed;classification;highway;tertiary;residential;K Letišti;residential;26.4;high;;;;
895222499;attr_changed;classification;highway;tertiary;residential;K Letišti;residential;26.1;high;;;;
895222500;attr_changed;classification;highway;tertiary;residential;K Letišti;residential;26.9;high;;;;
895222501;attr_changed;classification;highway;tertiary;residential;K Letišti;residential;27.8;high;;;;
895639881;attr_changed;classification;highway;residential;trunk_link;;trunk_link;115.2;low;hodnota odvozena ze sloučené hrany – ověřit ručně;;;
896708363;attr_changed;classification;highway;tertiary;residential;K Letišti;residential;2.1;high;;;;
896708364;attr_changed;classification;highway;tertiary;residential;K Letišti;residential;4.0;high;;;;
896708365;attr_changed;classification;highway;tertiary;residential;K Letišti;residential;4.1;high;;;;
902048697;attr_changed;classification;highway;residential;secondary;Myslbekova;secondary;73.5;low;hodnota odvozena ze sloučené hrany – ověřit ručně;;;
902048702;attr_changed;classification;highway;residential;secondary;Myslbekova;secondary;21.0;high;;;;
902048704;attr_changed;classification;highway;residential;secondary;Myslbekova;secondary;132.0;high;;;;
902624884;attr_changed;classification;highway;primary;primary_link;Čuprova;primary_link;289.8;low;hodnota odvozena ze sloučené hrany – ověřit ručně;;;
902670511;attr_changed;classification;highway;primary;secondary;Patočkova;secondary;286.6;low;hodnota odvozena ze sloučené hrany – ověřit ručně;;;
902745486;attr_changed;classification;highway;primary;secondary;;secondary;11.5;high;;;;
902799101;attr_changed;classification;highway;primary;secondary;Patočkova;secondary;27.0;low;hodnota odvozena ze sloučené hrany – ověřit ručně;;;
902799105;attr_changed;classification;highway;primary;secondary;Patočkova;secondary;35.6;low;hodnota odvozena ze sloučené hrany – ověřit ručně;;;
903024327;attr_changed;classification;highway;primary;secondary;Patočkova;secondary;21.9;high;;;;
904208888;attr_changed;classification;highway;secondary;residential;náměstí Curieových;residential;74.1;low;hodnota odvozena ze sloučené hrany – ověřit ručně;;;
904208889;attr_changed;classification;highway;secondary;residential;náměstí Curieových;residential;74.1;low;hodnota odvozena ze sloučené hrany – ověřit ručně;;;
904208892;attr_changed;classification;highway;secondary;residential;17. listopadu;residential;88.2;low;hodnota odvozena ze sloučené hrany – ověřit ručně;;;
904266285;attr_changed;classification;highway;secondary;tertiary;Dvořákovo nábřeží;tertiary;8.8;high;;;;
904493869;attr_changed;classification;highway;secondary;residential;Malostranské náměstí;residential;70.7;low;hodnota odvozena ze sloučené hrany – ověřit ručně;;;
904493870;attr_changed;classification;highway;secondary;residential;Letenská;residential;45.8;low;hodnota odvozena ze sloučené hrany – ověřit ručně;;;
904493872;attr_changed;classification;highway;secondary_link;residential;;residential;4.9;high;;;;
904503229;attr_changed;classification;highway;secondary;residential|tertiary;Letenská;residential|tertiary;406.7;low;hodnota odvozena ze sloučené hrany – ověřit ručně;;;
904547868;attr_changed;classification;highway;secondary;residential;Malostranské náměstí;residential;20.3;high;;;;
904547869;attr_changed;classification;highway;secondary;residential;Malostranské náměstí;residential;11.5;low;hodnota odvozena ze sloučené hrany – ověřit ručně;;;
904547871;attr_changed;classification;highway;secondary;residential;Malostranské náměstí|Tomášská;residential;20.4;low;hodnota odvozena ze sloučené hrany – ověřit ručně;;;
904547872;attr_changed;classification;highway;secondary;residential;Letenská;residential;45.8;low;hodnota odvozena ze sloučené hrany – ověřit ručně;;;
904580033;attr_changed;classification;highway;primary_link;secondary_link;;secondary_link;346.7;low;hodnota odvozena ze sloučené hrany – ověřit ručně;;;
904580034;attr_changed;classification;highway;primary;secondary;Bubenská|Hlávkův most;secondary;105.8;low;hodnota odvozena ze sloučené hrany – ověřit ručně;;;
904677924;attr_changed;classification;highway;primary;secondary;Hlávkův most|Wilsonova;secondary;483.1;low;hodnota odvozena ze sloučené hrany – ověřit ručně;;;
904693406;attr_changed;classification;highway;primary;secondary;Bubenská;secondary;38.6;high;;;;
904693407;attr_changed;classification;highway;primary;secondary;Bubenská;secondary;47.2;low;hodnota odvozena ze sloučené hrany – ověřit ručně;;;
904693408;attr_changed;classification;highway;primary_link;secondary_link;Bubenská;secondary_link;41.2;low;hodnota odvozena ze sloučené hrany – ověřit ručně;;;
904817856;attr_changed;classification;highway;primary_link;secondary_link;;secondary_link;272.1;low;hodnota odvozena ze sloučené hrany – ověřit ručně;;;
904817857;attr_changed;classification;highway;primary_link;secondary_link;;secondary_link;272.1;low;hodnota odvozena ze sloučené hrany – ověřit ručně;;;
904843455;attr_changed;classification;highway;primary_link;secondary_link;;secondary_link;43.9;high;;;;
904843457;attr_changed;classification;highway;tertiary;residential;Hybernská;residential;54.9;high;;;;
904847997;attr_changed;classification;highway;tertiary_link;secondary_link;;secondary_link;14.2;high;;;;
904847998;attr_changed;classification;highway;primary_link;secondary_link;;secondary_link;10.8;high;;;;
904958832;attr_changed;classification;highway;tertiary_link;secondary_link;;secondary_link;36.5;low;hodnota odvozena ze sloučené hrany – ověřit ručně;;;
904958834;attr_changed;classification;highway;tertiary_link;secondary_link;;secondary_link;29.9;low;hodnota odvozena ze sloučené hrany – ověřit ručně;;;
905041225;attr_changed;classification;highway;primary;secondary;Těšnovský tunel;secondary;21.0;high;;;;
905438637;attr_changed;classification;highway;secondary;tertiary;Revoluční;tertiary;10.8;low;hodnota odvozena ze sloučené hrany – ověřit ručně;;;
905486577;attr_changed;classification;highway;secondary;tertiary;Revoluční;tertiary;10.8;low;hodnota odvozena ze sloučené hrany – ověřit ručně;;;
905486581;attr_changed;classification;highway;secondary;tertiary;nábřeží Edvarda Beneše|Štefánikův most;tertiary;310.3;low;hodnota odvozena ze sloučené hrany – ověřit ručně;;;
905486582;attr_changed;classification;highway;secondary;tertiary;Revoluční;tertiary;10.8;low;hodnota odvozena ze sloučené hrany – ověřit ručně;;;
905486584;attr_changed;classification;highway;secondary;tertiary;nábřeží Edvarda Beneše|Štefánikův most;tertiary;293.0;low;hodnota odvozena ze sloučené hrany – ověřit ručně;;;
905486585;attr_changed;classification;highway;secondary;tertiary_link;Štefánikův most;tertiary_link;19.1;high;;;;
905525693;attr_changed;classification;highway;secondary;tertiary;Lannova;tertiary;29.2;low;hodnota odvozena ze sloučené hrany – ověřit ručně;;;
905525695;attr_changed;classification;highway;secondary;tertiary;nábřeží Edvarda Beneše|Štefánikův most;tertiary;293.0;low;hodnota odvozena ze sloučené hrany – ověřit ručně;;;
905525706;attr_changed;classification;highway;secondary;tertiary;nábřeží Edvarda Beneše|Štefánikův most;tertiary;293.0;low;hodnota odvozena ze sloučené hrany – ověřit ručně;;;
905531149;attr_changed;classification;highway;secondary;tertiary;nábřeží Edvarda Beneše|Štefánikův most;tertiary;293.0;low;hodnota odvozena ze sloučené hrany – ověřit ručně;;;
905531150;attr_changed;classification;highway;secondary;tertiary;nábřeží Edvarda Beneše|Štefánikův most;tertiary;293.0;low;hodnota odvozena ze sloučené hrany – ověřit ručně;;;
907134745;attr_changed;classification;highway;primary;primary_link;Čuprova;primary_link;24.2;high;;;;
907134746;attr_changed;classification;highway;residential;primary_link;Čuprova;primary_link;4.7;high;;;;
907484652;attr_changed;classification;highway;residential;primary_link;Čuprova;primary_link;17.9;high;;;;
909255631;attr_changed;classification;highway;tertiary;residential;Pikovická;residential;319.2;low;hodnota odvozena ze sloučené hrany – ověřit ručně;;;
909255632;attr_changed;classification;highway;tertiary;residential;Pikovická;residential;319.2;low;hodnota odvozena ze sloučené hrany – ověřit ručně;;;
909627409;attr_changed;classification;highway;secondary_link;trunk_link;;trunk_link;276.9;low;hodnota odvozena ze sloučené hrany – ověřit ručně;;;
909627410;attr_changed;classification;highway;secondary_link;trunk_link;;trunk_link;214.3;low;hodnota odvozena ze sloučené hrany – ověřit ručně;;;
909627411;attr_changed;classification;highway;secondary_link;trunk_link;;trunk_link;214.3;low;hodnota odvozena ze sloučené hrany – ověřit ručně;;;
909627412;attr_changed;classification;highway;secondary_link;trunk_link;;trunk_link;276.9;low;hodnota odvozena ze sloučené hrany – ověřit ručně;;;
910852528;attr_changed;classification;highway;secondary_link;tertiary_link;;tertiary_link;17.9;high;;;;
911530402;attr_changed;classification;highway;secondary;tertiary;Křesomyslova;tertiary;196.3;low;hodnota odvozena ze sloučené hrany – ověřit ručně;;;
913872168;attr_changed;classification;highway;secondary;tertiary;Ryšavého;tertiary;219.5;low;hodnota odvozena ze sloučené hrany – ověřit ručně;;;
913872170;attr_changed;classification;highway;secondary;tertiary;Ryšavého;tertiary;27.9;high;;;;
914132007;attr_changed;classification;highway;secondary_link;secondary_link|trunk_link;;secondary_link|trunk_link;196.2;low;hodnota odvozena ze sloučené hrany – ověřit ručně;;;
917404435;attr_changed;classification;highway;secondary|secondary_link;tertiary|tertiary_link;Na Slupi;tertiary|tertiary_link;97.9;low;hodnota odvozena ze sloučené hrany – ověřit ručně;;;
917404437;attr_changed;classification;highway;secondary;tertiary;Na Slupi;tertiary;121.8;low;hodnota odvozena ze sloučené hrany – ověřit ručně;;;
917414934;attr_changed;classification;highway;secondary;tertiary;Křesomyslova;tertiary;92.5;low;hodnota odvozena ze sloučené hrany – ověřit ručně;;;
921437958;attr_changed;classification;highway;secondary;tertiary;náměstí Hrdinů;tertiary;78.0;low;hodnota odvozena ze sloučené hrany – ověřit ručně;;;
922431276;attr_changed;classification;highway;primary_link;secondary_link;;secondary_link;144.7;low;hodnota odvozena ze sloučené hrany – ověřit ručně;;;
922431284;attr_changed;classification;highway;primary_link;secondary_link;;secondary_link;16.8;high;;;;
922839778;attr_changed;classification;highway;primary_link;secondary_link;;secondary_link;134.6;low;hodnota odvozena ze sloučené hrany – ověřit ručně;;;
922839802;attr_changed;classification;highway;trunk;secondary|trunk;5. května;secondary|trunk;284.3;low;hodnota odvozena ze sloučené hrany – ověřit ručně;;;
923139375;attr_changed;classification;highway;primary;secondary;Sokolská;secondary;40.4;low;hodnota odvozena ze sloučené hrany – ověřit ručně;;;
923183938;attr_changed;classification;highway;primary;secondary;Karlovo náměstí;secondary;115.1;low;hodnota odvozena ze sloučené hrany – ověřit ručně;;;
923307009;attr_changed;classification;highway;secondary;tertiary;Vídeňská;tertiary;84.4;low;hodnota odvozena ze sloučené hrany – ověřit ručně;;;
923307012;attr_changed;classification;highway;secondary;tertiary;Vídeňská;tertiary;391.2;low;hodnota odvozena ze sloučené hrany – ověřit ručně;;;
923307013;attr_changed;classification;highway;secondary;tertiary;Vídeňská;tertiary;391.2;low;hodnota odvozena ze sloučené hrany – ověřit ručně;;;
923307017;attr_changed;classification;highway;secondary;tertiary;Vídeňská;tertiary;674.5;low;hodnota odvozena ze sloučené hrany – ověřit ručně;;;
923307018;attr_changed;classification;highway;secondary;tertiary;Vídeňská;tertiary;674.5;low;hodnota odvozena ze sloučené hrany – ověřit ručně;;;
923428376;attr_changed;classification;highway;primary;secondary;Jiráskovo náměstí;secondary;14.6;low;hodnota odvozena ze sloučené hrany – ověřit ručně;;;
926289766;attr_changed;classification;highway;primary;secondary;K Barrandovu;secondary;59.2;high;;;;
926289767;attr_changed;classification;highway;primary;secondary;K Barrandovu;secondary;11.8;high;;;;
926289773;attr_changed;classification;highway;primary;secondary|trunk_link;K Barrandovu;secondary|trunk_link;325.9;low;hodnota odvozena ze sloučené hrany – ověřit ručně;;;
931818531;attr_changed;classification;highway;primary;secondary;Patočkova;secondary;231.1;low;hodnota odvozena ze sloučené hrany – ověřit ručně;;;
932334477;attr_changed;classification;highway;tertiary;secondary|tertiary;Přetlucká;secondary|tertiary;155.5;low;hodnota odvozena ze sloučené hrany – ověřit ručně;;;
936068929;attr_changed;classification;highway;primary_link;trunk_link;;trunk_link;224.3;low;hodnota odvozena ze sloučené hrany – ověřit ručně;;;
936305289;attr_changed;classification;highway;primary;primary|trunk;Průmyslová;primary|trunk;371.7;low;hodnota odvozena ze sloučené hrany – ověřit ručně;;;
936378024;attr_changed;classification;highway;primary;primary|trunk;Průmyslová;primary|trunk;843.1;low;hodnota odvozena ze sloučené hrany – ověřit ručně;;;
939465653;attr_changed;classification;highway;secondary;tertiary;Na Pankráci;tertiary;11.1;high;;;;
939470228;attr_changed;classification;highway;secondary;tertiary;Na Strži;tertiary;144.8;low;hodnota odvozena ze sloučené hrany – ověřit ručně;;;
939470230;attr_changed;classification;highway;secondary;tertiary;Na Strži;tertiary;198.8;low;hodnota odvozena ze sloučené hrany – ověřit ručně;;;
939800878;attr_changed;classification;highway;primary;trunk;Průmyslová;trunk;1587.1;low;hodnota odvozena ze sloučené hrany – ověřit ručně;;;
939807399;attr_changed;classification;highway;primary;trunk;Průmyslová;trunk;39.4;low;hodnota odvozena ze sloučené hrany – ověřit ručně;;;
940528090;attr_changed;classification;highway;primary;primary|trunk;Průmyslová;primary|trunk;843.1;low;hodnota odvozena ze sloučené hrany – ověřit ručně;;;
941507322;attr_changed;classification;highway;secondary;tertiary;nábřeží Edvarda Beneše|Štefánikův most;tertiary;310.3;low;hodnota odvozena ze sloučené hrany – ověřit ručně;;;
944736084;attr_changed;classification;highway;secondary;tertiary;Dvořákovo nábřeží|nábřeží Ludvíka Svobody;tertiary;231.0;low;hodnota odvozena ze sloučené hrany – ověřit ručně;;;
946523391;attr_changed;classification;highway;primary;trunk;Strakonická;trunk;153.7;low;hodnota odvozena ze sloučené hrany – ověřit ručně;;;
946530190;attr_changed;classification;highway;secondary;tertiary;Generála Šišky;tertiary;218.1;low;hodnota odvozena ze sloučené hrany – ověřit ručně;;;
946530191;attr_changed;classification;highway;secondary;tertiary;Generála Šišky;tertiary;218.1;low;hodnota odvozena ze sloučené hrany – ověřit ručně;;;
946530193;attr_changed;classification;highway;secondary;tertiary;Generála Šišky;tertiary;291.9;high;;;;
946530194;attr_changed;classification;highway;secondary;tertiary;Generála Šišky;tertiary;271.2;low;hodnota odvozena ze sloučené hrany – ověřit ručně;;;
947661050;attr_changed;classification;highway;secondary;tertiary;Na Pankráci;tertiary;83.1;low;hodnota odvozena ze sloučené hrany – ověřit ručně;;;
948515090;attr_changed;classification;highway;primary;secondary;most Barikádníků;secondary;212.4;low;hodnota odvozena ze sloučené hrany – ověřit ručně;;;
948515091;attr_changed;classification;highway;primary;secondary;most Barikádníků;secondary;212.4;low;hodnota odvozena ze sloučené hrany – ověřit ručně;;;
951415307;attr_changed;classification;highway;secondary;tertiary;Na Pankráci;tertiary;272.8;low;hodnota odvozena ze sloučené hrany – ověřit ručně;;;
951415311;attr_changed;classification;highway;secondary;tertiary;Na Pankráci;tertiary;267.0;low;hodnota odvozena ze sloučené hrany – ověřit ručně;;;
951415312;attr_changed;classification;highway;secondary;tertiary;Na Pankráci;tertiary;267.0;low;hodnota odvozena ze sloučené hrany – ověřit ručně;;;
951415313;attr_changed;classification;highway;secondary;tertiary;Na Pankráci;tertiary;236.3;low;hodnota odvozena ze sloučené hrany – ověřit ručně;;;
951415315;attr_changed;classification;highway;secondary;tertiary;Na Pankráci;tertiary;226.2;low;hodnota odvozena ze sloučené hrany – ověřit ručně;;;
953716353;attr_changed;classification;highway;secondary;tertiary;Na Strži;tertiary;134.0;low;hodnota odvozena ze sloučené hrany – ověřit ručně;;;
955615704;attr_changed;classification;highway;secondary;tertiary;Modřanská;tertiary;27.2;high;;;;
955615705;attr_changed;classification;highway;secondary;tertiary;Modřanská;tertiary;316.1;low;hodnota odvozena ze sloučené hrany – ověřit ručně;;;
955615706;attr_changed;classification;highway;secondary;tertiary;Modřanská;tertiary;313.8;low;hodnota odvozena ze sloučené hrany – ověřit ručně;;;
955615707;attr_changed;classification;highway;secondary;tertiary;Modřanská;tertiary;492.8;low;hodnota odvozena ze sloučené hrany – ověřit ručně;;;
957186956;attr_changed;classification;highway;primary;primary_link;Čuprova;primary_link;289.8;low;hodnota odvozena ze sloučené hrany – ověřit ručně;;;
957186957;attr_changed;classification;highway;primary;primary_link;Čuprova;primary_link;289.8;low;hodnota odvozena ze sloučené hrany – ověřit ručně;;;
957190607;attr_changed;classification;highway;primary;secondary;Hlávkův most|Wilsonova;secondary;483.1;low;hodnota odvozena ze sloučené hrany – ověřit ručně;;;
958676850;attr_changed;classification;highway;tertiary;secondary;Rabakovská;secondary;865.3;low;hodnota odvozena ze sloučené hrany – ověřit ručně;;;
958676851;attr_changed;classification;highway;tertiary;secondary;Rabakovská;secondary;865.3;low;hodnota odvozena ze sloučené hrany – ověřit ručně;;;
962420208;attr_changed;classification;highway;primary;secondary|trunk_link;K Barrandovu;secondary|trunk_link;676.9;low;hodnota odvozena ze sloučené hrany – ověřit ručně;;;
962420209;attr_changed;classification;highway;primary;secondary;K Barrandovu;secondary;852.2;low;hodnota odvozena ze sloučené hrany – ověřit ručně;;;
962422558;attr_changed;classification;highway;primary;secondary;K Barrandovu;secondary;26.9;high;;;;
962422559;attr_changed;classification;highway;primary;secondary;K Barrandovu;secondary;463.7;low;hodnota odvozena ze sloučené hrany – ověřit ručně;;;
964685785;attr_changed;classification;highway;primary;trunk;Strakonická;trunk;445.8;low;hodnota odvozena ze sloučené hrany – ověřit ručně;;;
964715686;attr_changed;classification;highway;primary_link;secondary_link;;secondary_link;39.2;low;hodnota odvozena ze sloučené hrany – ověřit ručně;;;
964715687;attr_changed;classification;highway;primary_link;secondary_link;;secondary_link;52.3;low;hodnota odvozena ze sloučené hrany – ověřit ručně;;;
964715688;attr_changed;classification;highway;primary_link;secondary_link;Ke Štvanici;secondary_link;42.2;low;hodnota odvozena ze sloučené hrany – ověřit ručně;;;
964715689;attr_changed;classification;highway;primary_link;secondary_link;;secondary_link;64.8;low;hodnota odvozena ze sloučené hrany – ověřit ručně;;;
964715690;attr_changed;classification;highway;primary_link;secondary_link;;secondary_link;64.8;low;hodnota odvozena ze sloučené hrany – ověřit ručně;;;
968876527;attr_changed;classification;highway;secondary;tertiary;Podolské nábřeží;tertiary;235.3;low;hodnota odvozena ze sloučené hrany – ověřit ručně;;;
968876528;attr_changed;classification;highway;secondary;tertiary;Podolské nábřeží;tertiary;167.6;low;hodnota odvozena ze sloučené hrany – ověřit ručně;;;
968876529;attr_changed;classification;highway;secondary;tertiary;Podolské nábřeží;tertiary;893.4;low;hodnota odvozena ze sloučené hrany – ověřit ručně;;;
968876531;attr_changed;classification;highway;secondary;tertiary;Podolské nábřeží;tertiary;826.1;low;hodnota odvozena ze sloučené hrany – ověřit ručně;;;
969583036;attr_changed;classification;highway;secondary;tertiary;Na Strži;tertiary;183.0;low;hodnota odvozena ze sloučené hrany – ověřit ručně;;;
974921714;attr_changed;classification;highway;primary;trunk;Strakonická;trunk;219.8;low;hodnota odvozena ze sloučené hrany – ověřit ručně;;;
974921716;attr_changed;classification;highway;primary;trunk;Strakonická;trunk;445.8;low;hodnota odvozena ze sloučené hrany – ověřit ručně;;;
974921717;attr_changed;classification;highway;primary;trunk;;trunk;117.2;high;;;;
974921718;attr_changed;classification;highway;primary;trunk;Strakonická;trunk;351.0;low;hodnota odvozena ze sloučené hrany – ověřit ručně;;;
974921719;attr_changed;classification;highway;primary;trunk;Strakonická;trunk;351.0;low;hodnota odvozena ze sloučené hrany – ověřit ručně;;;
974921720;attr_changed;classification;highway;primary;trunk;Strakonická;trunk;351.0;low;hodnota odvozena ze sloučené hrany – ověřit ručně;;;
974921721;attr_changed;classification;highway;primary;trunk;Strakonická;trunk;2071.8;low;hodnota odvozena ze sloučené hrany – ověřit ručně;;;
974921722;attr_changed;classification;highway;primary;trunk;;trunk;129.8;high;;;;
974921723;attr_changed;classification;highway;primary;trunk;Strakonická;trunk;60.1;low;hodnota odvozena ze sloučené hrany – ověřit ručně;;;
974921724;attr_changed;classification;highway;primary;trunk;Strakonická;trunk;117.9;low;hodnota odvozena ze sloučené hrany – ověřit ručně;;;
974921725;attr_changed;classification;highway;primary;trunk;Strakonická;trunk;1835.1;low;hodnota odvozena ze sloučené hrany – ověřit ručně;;;
974921726;attr_changed;classification;highway;primary;trunk;Strakonická;trunk;1648.6;low;hodnota odvozena ze sloučené hrany – ověřit ručně;;;
974922548;attr_changed;classification;highway;primary;trunk;Strakonická;trunk;591.7;low;hodnota odvozena ze sloučené hrany – ověřit ručně;;;
974922549;attr_changed;classification;highway;primary;trunk;Strakonická;trunk;163.6;high;;;;
974922550;attr_changed;classification;highway;primary;trunk;;trunk;68.2;high;;;;
974922551;attr_changed;classification;highway;primary;trunk;Strakonická;trunk;205.5;low;hodnota odvozena ze sloučené hrany – ověřit ručně;;;
979410389;attr_changed;classification;highway;secondary;secondary|tertiary;Křesomyslova;secondary|tertiary;139.2;low;hodnota odvozena ze sloučené hrany – ověřit ručně;;;
979410391;attr_changed;classification;highway;secondary;secondary|tertiary;Křesomyslova;secondary|tertiary;139.2;low;hodnota odvozena ze sloučené hrany – ověřit ručně;;;
979410395;attr_changed;classification;highway;secondary;tertiary;Křesomyslova;tertiary;50.2;low;hodnota odvozena ze sloučené hrany – ověřit ručně;;;
983827575;attr_changed;classification;highway;secondary;tertiary;Modřanská;tertiary;224.8;low;hodnota odvozena ze sloučené hrany – ověřit ručně;;;
983827580;attr_changed;classification;highway;primary;trunk_link;;trunk_link;575.2;low;hodnota odvozena ze sloučené hrany – ověřit ručně;;;
983827581;attr_changed;classification;highway;primary;trunk_link;;trunk_link;380.2;low;hodnota odvozena ze sloučené hrany – ověřit ručně;;;
983827583;attr_changed;classification;highway;primary;trunk;Strakonická;trunk;1648.6;low;hodnota odvozena ze sloučené hrany – ověřit ručně;;;
983827585;attr_changed;classification;highway;primary;trunk_link;;trunk_link;380.2;low;hodnota odvozena ze sloučené hrany – ověřit ručně;;;
983827588;attr_changed;classification;highway;primary;trunk;Strakonická;trunk;869.6;low;hodnota odvozena ze sloučené hrany – ověřit ručně;;;
984926706;attr_changed;classification;highway;primary;secondary;Žitná;secondary;100.0;low;hodnota odvozena ze sloučené hrany – ověřit ručně;;;
984926707;attr_changed;classification;highway;primary;secondary;Karlovo náměstí;secondary;130.0;low;hodnota odvozena ze sloučené hrany – ověřit ručně;;;
985195843;attr_changed;classification;highway;primary;secondary;Karlovo náměstí;secondary;130.0;low;hodnota odvozena ze sloučené hrany – ověřit ručně;;;
985195844;attr_changed;classification;highway;primary;secondary;Karlovo náměstí;secondary;130.0;low;hodnota odvozena ze sloučené hrany – ověřit ručně;;;
985195849;attr_changed;classification;highway;primary;secondary;Karlovo náměstí;secondary;130.0;low;hodnota odvozena ze sloučené hrany – ověřit ručně;;;
985195853;attr_changed;classification;highway;primary;secondary;Ječná;secondary;242.6;low;hodnota odvozena ze sloučené hrany – ověřit ručně;;;
985195854;attr_changed;classification;highway;primary;secondary;Karlovo náměstí;secondary;115.1;low;hodnota odvozena ze sloučené hrany – ověřit ručně;;;
985195855;attr_changed;classification;highway;primary;secondary;Karlovo náměstí;secondary;115.1;low;hodnota odvozena ze sloučené hrany – ověřit ručně;;;
985200979;attr_changed;classification;highway;tertiary;residential;Štefánikova;residential;42.6;low;hodnota odvozena ze sloučené hrany – ověřit ručně;;;
985200987;attr_changed;classification;highway;tertiary;residential;Štefánikova;residential;44.6;low;hodnota odvozena ze sloučené hrany – ověřit ručně;;;
985200988;attr_changed;classification;highway;primary;secondary;Kartouzská;secondary;316.2;low;hodnota odvozena ze sloučené hrany – ověřit ručně;;;
985200990;attr_changed;classification;highway;primary;secondary;Kartouzská;secondary;316.2;low;hodnota odvozena ze sloučené hrany – ověřit ručně;;;
989156244;attr_changed;classification;highway;secondary;tertiary;Dvořákovo nábřeží;tertiary;350.8;low;hodnota odvozena ze sloučené hrany – ověřit ručně;;;
989156245;attr_changed;classification;highway;secondary;tertiary;Dvořákovo nábřeží;tertiary;350.8;low;hodnota odvozena ze sloučené hrany – ověřit ručně;;;
989856975;attr_changed;classification;highway;secondary;secondary|trunk_link;Strakonická;secondary|trunk_link;206.2;low;hodnota odvozena ze sloučené hrany – ověřit ručně;;;
991886335;attr_changed;classification;highway;primary_link;secondary_link;;secondary_link;189.3;low;hodnota odvozena ze sloučené hrany – ověřit ručně;;;
993842021;attr_changed;classification;highway;secondary;tertiary;Mírového hnutí;tertiary;212.3;low;hodnota odvozena ze sloučené hrany – ověřit ručně;;;
993842039;attr_changed;classification;highway;secondary;tertiary;Mírového hnutí;tertiary;387.4;low;hodnota odvozena ze sloučené hrany – ověřit ručně;;;
995250142;attr_changed;classification;highway;primary;secondary;Hlávkův most;secondary;22.7;high;;;;
995250143;attr_changed;classification;highway;primary;secondary;nábřeží Kapitána Jaroše;secondary;436.8;low;hodnota odvozena ze sloučené hrany – ověřit ručně;;;
995250144;attr_changed;classification;highway;primary;secondary;Bubenská;secondary;147.9;low;hodnota odvozena ze sloučené hrany – ověřit ručně;;;
995918955;attr_changed;classification;highway;secondary;secondary|tertiary;Mírového hnutí;secondary|tertiary;237.9;low;hodnota odvozena ze sloučené hrany – ověřit ručně;;;
995918956;attr_changed;classification;highway;secondary;tertiary;Mírového hnutí;tertiary;253.7;low;hodnota odvozena ze sloučené hrany – ověřit ručně;;;
995918957;attr_changed;classification;highway;secondary;tertiary;Mírového hnutí;tertiary;253.7;low;hodnota odvozena ze sloučené hrany – ověřit ručně;;;
995926457;attr_changed;classification;highway;secondary;tertiary;Novodvorská;tertiary;450.6;low;hodnota odvozena ze sloučené hrany – ověřit ručně;;;
995926458;attr_changed;classification;highway;secondary;tertiary;Novodvorská;tertiary;450.6;low;hodnota odvozena ze sloučené hrany – ověřit ručně;;;
995926459;attr_changed;classification;highway;secondary;tertiary;Novodvorská;tertiary;450.6;low;hodnota odvozena ze sloučené hrany – ověřit ručně;;;
996102486;attr_changed;classification;highway;tertiary;residential|tertiary_link;Lidická|Palackého most;residential|tertiary_link;405.4;low;hodnota odvozena ze sloučené hrany – ověřit ručně;;;
996102489;attr_changed;classification;highway;tertiary;tertiary_link;;tertiary_link;19.8;low;hodnota odvozena ze sloučené hrany – ověřit ručně;;;
997221289;attr_changed;classification;highway;primary;secondary;V Botanice;secondary;58.0;low;hodnota odvozena ze sloučené hrany – ověřit ručně;;;
997236195;attr_changed;classification;highway;secondary;tertiary;Dienzenhoferovy sady;tertiary;99.8;low;hodnota odvozena ze sloučené hrany – ověřit ručně;;;
997236196;attr_changed;classification;highway;secondary;tertiary;Dienzenhoferovy sady;tertiary;99.8;low;hodnota odvozena ze sloučené hrany – ověřit ručně;;;
997236198;attr_changed;classification;highway;primary;secondary;Hořejší nábřeží|Janáčkovo nábřeží;secondary;249.8;low;hodnota odvozena ze sloučené hrany – ověřit ručně;;;
997236199;attr_changed;classification;highway;primary;secondary;Jiráskův most;secondary;329.1;low;hodnota odvozena ze sloučené hrany – ověřit ručně;;;
997236200;attr_changed;classification;highway;primary;secondary;Dienzenhoferovy sady|Jiráskův most;secondary;344.2;low;hodnota odvozena ze sloučené hrany – ověřit ručně;;;
998510479;attr_changed;classification;highway;tertiary;secondary|tertiary;Přetlucká;secondary|tertiary;155.5;low;hodnota odvozena ze sloučené hrany – ověřit ručně;;;
998566215;attr_changed;classification;highway;secondary;secondary|trunk_link;Chlumecká;secondary|trunk_link;404.2;low;hodnota odvozena ze sloučené hrany – ověřit ručně;;;
998566216;attr_changed;classification;highway;secondary;trunk_link;;trunk_link;453.6;low;hodnota odvozena ze sloučené hrany – ověřit ručně;;;
1000859443;attr_changed;classification;highway;secondary;tertiary;Michelská;tertiary;50.4;low;hodnota odvozena ze sloučené hrany – ověřit ručně;;;
1000859444;attr_changed;classification;highway;secondary;tertiary;Michelská;tertiary;657.2;low;hodnota odvozena ze sloučené hrany – ověřit ručně;;;
1001565030;attr_changed;classification;highway;residential|tertiary;residential;Ke Kablu|U Kabelovny;residential;757.3;low;hodnota odvozena ze sloučené hrany – ověřit ručně;;;
1004862156;attr_changed;classification;highway;primary;secondary;Argentinská;secondary;32.4;low;hodnota odvozena ze sloučené hrany – ověřit ručně;;;
1004862157;attr_changed;classification;highway;primary;secondary;Argentinská;secondary;17.3;low;hodnota odvozena ze sloučené hrany – ověřit ručně;;;
1004862178;attr_changed;classification;highway;primary;secondary;Argentinská;secondary;99.4;low;hodnota odvozena ze sloučené hrany – ověřit ručně;;;
1004862182;attr_changed;classification;highway;primary;secondary;Argentinská;secondary;203.5;low;hodnota odvozena ze sloučené hrany – ověřit ručně;;;
1004862188;attr_changed;classification;highway;primary;secondary;Argentinská;secondary;131.2;low;hodnota odvozena ze sloučené hrany – ověřit ručně;;;
1004862189;attr_changed;classification;highway;primary;secondary;Argentinská;secondary;535.9;low;hodnota odvozena ze sloučené hrany – ověřit ručně;;;
1005561605;attr_changed;classification;highway;residential;living_street;náměstí Jiřího z Poděbrad|náměstí Jiřího z Poděbrad;living_street;96.1;low;hodnota odvozena ze sloučené hrany – ověřit ručně;;;
1005805970;attr_changed;classification;highway;primary;secondary;Mezibranská|Wilsonova;secondary;114.1;low;hodnota odvozena ze sloučené hrany – ověřit ručně;;;
1005805971;attr_changed;classification;highway;primary;secondary;Mezibranská;secondary;169.7;low;hodnota odvozena ze sloučené hrany – ověřit ručně;;;
1005956439;attr_changed;classification;highway;primary;secondary;Argentinská;secondary;407.5;high;;;;
1005958248;attr_changed;classification;highway;primary;secondary;Milady Horákové;secondary;653.3;low;hodnota odvozena ze sloučené hrany – ověřit ručně;;;
1007485196;attr_changed;classification;highway;primary;secondary;Argentinská;secondary;40.1;high;;;;
1007485199;attr_changed;classification;highway;primary;secondary;Argentinská;secondary;182.3;low;hodnota odvozena ze sloučené hrany – ověřit ručně;;;
1007579903;attr_changed;classification;highway;secondary;tertiary;Křesomyslova;tertiary;45.4;high;;;;
1007579906;attr_changed;classification;highway;secondary;tertiary;Křesomyslova;tertiary;151.0;low;hodnota odvozena ze sloučené hrany – ověřit ručně;;;
1010649551;attr_changed;classification;highway;secondary;trunk_link;;trunk_link;249.3;low;hodnota odvozena ze sloučené hrany – ověřit ručně;;;
1010801074;attr_changed;classification;highway;secondary;tertiary;Na Strži;tertiary;96.4;high;;;;
1010801075;attr_changed;classification;highway;secondary;tertiary;Na Strži;tertiary;95.9;low;hodnota odvozena ze sloučené hrany – ověřit ručně;;;
1011527254;attr_changed;classification;highway;residential;living_street|residential;U Sportoviště;living_street|residential;191.5;low;hodnota odvozena ze sloučené hrany – ověřit ručně;;;
1011902881;attr_changed;classification;highway;tertiary;residential;Opletalova;residential;187.7;low;hodnota odvozena ze sloučené hrany – ověřit ručně;;;
1011902882;attr_changed;classification;highway;tertiary;residential;Opletalova;residential;100.2;low;hodnota odvozena ze sloučené hrany – ověřit ručně;;;
1011902884;attr_changed;classification;highway;tertiary;residential;Opletalova;residential;100.2;low;hodnota odvozena ze sloučené hrany – ověřit ručně;;;
1011902885;attr_changed;classification;highway;tertiary;residential;Opletalova;residential;188.5;high;;;;
1012174680;attr_changed;classification;highway;secondary;tertiary;náměstí Hrdinů;tertiary;78.0;low;hodnota odvozena ze sloučené hrany – ověřit ručně;;;
1013405823;attr_changed;classification;highway;secondary;tertiary;Svobodova;tertiary;82.7;low;hodnota odvozena ze sloučené hrany – ověřit ručně;;;
1013405824;attr_changed;classification;highway;secondary;tertiary;Svobodova;tertiary;82.7;low;hodnota odvozena ze sloučené hrany – ověřit ručně;;;
1013405825;attr_changed;classification;highway;secondary;tertiary;Svobodova;tertiary;95.1;low;hodnota odvozena ze sloučené hrany – ověřit ručně;;;
1025684644;attr_changed;classification;highway;primary;secondary;Vrbenského;secondary;100.1;low;hodnota odvozena ze sloučené hrany – ověřit ručně;;;
1031715033;attr_changed;classification;highway;primary;secondary;Argentinská|most Barikádníků;secondary;329.4;low;hodnota odvozena ze sloučené hrany – ověřit ručně;;;
1031715034;attr_changed;classification;highway;primary;secondary;Argentinská|most Barikádníků;secondary;414.1;low;hodnota odvozena ze sloučené hrany – ověřit ručně;;;
1031715035;attr_changed;classification;highway;primary;secondary;Argentinská|most Barikádníků;secondary;414.1;low;hodnota odvozena ze sloučené hrany – ověřit ručně;;;
1031715036;attr_changed;classification;highway;primary;secondary;Argentinská;secondary;88.2;high;;;;
1033628271;attr_changed;classification;highway;primary;secondary;Milady Horákové;secondary;268.0;low;hodnota odvozena ze sloučené hrany – ověřit ručně;;;
1033628272;attr_changed;classification;highway;primary;secondary;Milady Horákové;secondary;313.3;high;;;;
1033961356;attr_changed;classification;highway;secondary;residential;Klárov;residential;127.2;low;hodnota odvozena ze sloučené hrany – ověřit ručně;;;
1035205320;attr_changed;classification;highway;secondary;tertiary;Komořanská;tertiary;176.2;low;hodnota odvozena ze sloučené hrany – ověřit ručně;;;
1037205044;attr_changed;classification;highway;primary;secondary;Ostrovského;secondary;157.0;low;hodnota odvozena ze sloučené hrany – ověřit ručně;;;
1037436231;attr_changed;classification;highway;tertiary;residential;Na Poříčí;residential;105.0;low;hodnota odvozena ze sloučené hrany – ověřit ručně;;;
1037436453;attr_changed;classification;highway;tertiary;residential;Těšnov;residential;153.3;low;hodnota odvozena ze sloučené hrany – ověřit ručně;;;
1041942248;attr_changed;classification;highway;tertiary;residential;Na Poříčí;residential;105.0;low;hodnota odvozena ze sloučené hrany – ověřit ručně;;;
1043824548;attr_changed;classification;highway;secondary;tertiary;Modřanská;tertiary;260.9;low;hodnota odvozena ze sloučené hrany – ověřit ručně;;;
1043826027;attr_changed;classification;highway;secondary;secondary|tertiary;Modřanská;secondary|tertiary;487.7;low;hodnota odvozena ze sloučené hrany – ověřit ručně;;;
1043826029;attr_changed;classification;highway;secondary;secondary|tertiary;Modřanská;secondary|tertiary;487.7;low;hodnota odvozena ze sloučené hrany – ověřit ručně;;;
1049175469;attr_changed;classification;highway;primary;secondary;K Barrandovu;secondary;852.2;low;hodnota odvozena ze sloučené hrany – ověřit ručně;;;
1049175470;attr_changed;classification;highway;primary;secondary;K Barrandovu;secondary;448.9;low;hodnota odvozena ze sloučené hrany – ověřit ručně;;;
1053158441;attr_changed;classification;highway;secondary;tertiary;Sekaninova;tertiary;76.7;high;;;;
1053158442;attr_changed;classification;highway;secondary;tertiary;Jaromírova;tertiary;240.3;low;hodnota odvozena ze sloučené hrany – ověřit ručně;;;
1053158443;attr_changed;classification;highway;secondary;tertiary;Jaromírova;tertiary;36.9;high;;;;
1053158444;attr_changed;classification;highway;secondary;tertiary;Sekaninova;tertiary;34.6;high;;;;
1053701560;attr_changed;classification;highway;secondary;tertiary;Olbrachtova;tertiary;179.3;low;hodnota odvozena ze sloučené hrany – ověřit ručně;;;
1053701561;attr_changed;classification;highway;secondary;tertiary;Olbrachtova;tertiary;179.3;low;hodnota odvozena ze sloučené hrany – ověřit ručně;;;
1053701562;attr_changed;classification;highway;secondary;tertiary;Vyskočilova;tertiary;82.9;low;hodnota odvozena ze sloučené hrany – ověřit ručně;;;
1055644783;attr_changed;classification;highway;tertiary;residential;Opletalova;residential;187.7;low;hodnota odvozena ze sloučené hrany – ověřit ručně;;;
1058830968;attr_changed;classification;highway;secondary;tertiary;Vyskočilova;tertiary;76.7;low;hodnota odvozena ze sloučené hrany – ověřit ručně;;;
1058830969;attr_changed;classification;highway;primary;secondary;5. května;secondary;348.3;low;hodnota odvozena ze sloučené hrany – ověřit ručně;;;
1058830970;attr_changed;classification;highway;primary;secondary;5. května;secondary;348.3;low;hodnota odvozena ze sloučené hrany – ověřit ručně;;;
1058830971;attr_changed;classification;highway;primary;secondary;5. května;secondary;552.5;low;hodnota odvozena ze sloučené hrany – ověřit ručně;;;
1058830972;attr_changed;classification;highway;primary;secondary;5. května;secondary;208.0;low;hodnota odvozena ze sloučené hrany – ověřit ručně;;;
1059173637;attr_changed;classification;highway;primary_link;secondary_link;;secondary_link;18.8;high;;;;
1059173638;attr_changed;classification;highway;primary_link;secondary_link;;secondary_link;49.1;low;hodnota odvozena ze sloučené hrany – ověřit ručně;;;
1059173639;attr_changed;classification;highway;primary_link;secondary_link;;secondary_link;41.6;low;hodnota odvozena ze sloučené hrany – ověřit ručně;;;
1059173643;attr_changed;classification;highway;primary_link;secondary_link;;secondary_link;86.1;low;hodnota odvozena ze sloučené hrany – ověřit ručně;;;
1059315286;attr_changed;classification;highway;primary_link;secondary_link;;secondary_link;222.1;low;hodnota odvozena ze sloučené hrany – ověřit ručně;;;
1059316061;attr_changed;classification;highway;primary;secondary;Argentinská;secondary;182.3;low;hodnota odvozena ze sloučené hrany – ověřit ručně;;;
1059316062;attr_changed;classification;highway;primary;secondary;Argentinská;secondary;11.9;high;;;;
1059824985;attr_changed;classification;highway;secondary;tertiary;Rašínovo nábřeží;tertiary;32.7;low;hodnota odvozena ze sloučené hrany – ověřit ručně;;;
1059824988;attr_changed;classification;highway;primary_link;tertiary_link;Jiráskův most;tertiary_link;71.4;low;hodnota odvozena ze sloučené hrany – ověřit ručně;;;
1060260284;attr_changed;classification;highway;secondary;secondary|trunk_link;Strakonická;secondary|trunk_link;206.2;low;hodnota odvozena ze sloučené hrany – ověřit ručně;;;
1060260285;attr_changed;classification;highway;secondary;trunk_link;;trunk_link;282.6;low;hodnota odvozena ze sloučené hrany – ověřit ručně;;;
1060260286;attr_changed;classification;highway;secondary;secondary|trunk_link;Strakonická;secondary|trunk_link;133.2;low;hodnota odvozena ze sloučené hrany – ověřit ručně;;;
1063053245;attr_changed;classification;highway;secondary;tertiary;Masarykovo nábřeží;tertiary;26.1;low;hodnota odvozena ze sloučené hrany – ověřit ručně;;;
1064839985;attr_changed;classification;highway;primary;trunk;Strakonická;trunk;1835.1;low;hodnota odvozena ze sloučené hrany – ověřit ručně;;;
1065565056;attr_changed;classification;highway;secondary;secondary|tertiary;Otakarova|Vršovická;secondary|tertiary;319.7;low;hodnota odvozena ze sloučené hrany – ověřit ručně;;;
1065565057;attr_changed;classification;highway;secondary;tertiary;Křesomyslova|Otakarova;tertiary;113.9;low;hodnota odvozena ze sloučené hrany – ověřit ručně;;;
1072183643;attr_changed;classification;highway;secondary;residential;Smetanovo nábřeží;residential;163.0;low;hodnota odvozena ze sloučené hrany – ověřit ručně;;;
1072183645;attr_changed;classification;highway;secondary;residential;Smetanovo nábřeží;residential;216.7;low;hodnota odvozena ze sloučené hrany – ověřit ručně;;;
1072183646;attr_changed;classification;highway;secondary;residential;Masarykovo nábřeží;residential;94.0;low;hodnota odvozena ze sloučené hrany – ověřit ručně;;;
1074342044;attr_changed;classification;highway;secondary;tertiary;Novodvorská;tertiary;56.5;low;hodnota odvozena ze sloučené hrany – ověřit ručně;;;
1079076121;attr_changed;classification;highway;secondary;residential;Masarykovo nábřeží;residential;94.0;low;hodnota odvozena ze sloučené hrany – ověřit ručně;;;
1080841064;attr_changed;classification;highway;primary;secondary;Bubenská|Hlávkův most;secondary;105.8;low;hodnota odvozena ze sloučené hrany – ověřit ručně;;;
1080841066;attr_changed;classification;highway;primary_link;secondary_link;;secondary_link;214.5;low;hodnota odvozena ze sloučené hrany – ověřit ručně;;;
1080841067;attr_changed;classification;highway;primary;secondary;Bubenská|Hlávkův most;secondary;86.4;low;hodnota odvozena ze sloučené hrany – ověřit ručně;;;
1082194138;attr_changed;classification;highway;primary;secondary;Partyzánská;secondary;61.8;low;hodnota odvozena ze sloučené hrany – ověřit ručně;;;
1082819650;attr_changed;classification;highway;secondary;tertiary;Na Strži;tertiary;5.9;high;;;;
1082819651;attr_changed;classification;highway;secondary;tertiary;Na Strži;tertiary;10.0;high;;;;
1082819652;attr_changed;classification;highway;secondary;tertiary;Na Strži;tertiary;16.6;high;;;;
1082819653;attr_changed;classification;highway;secondary;tertiary;Na Strži;tertiary;3.3;high;;;;
1082819654;attr_changed;classification;highway;secondary;tertiary;Na Strži;tertiary;16.1;high;;;;
1082819656;attr_changed;classification;highway;secondary;tertiary;Na Strži;tertiary;183.0;low;hodnota odvozena ze sloučené hrany – ověřit ručně;;;
1082819657;attr_changed;classification;highway;secondary;tertiary;Na Strži;tertiary;17.2;high;;;;
1083878753;attr_changed;classification;highway;residential;secondary_link;Pobřežní;secondary_link;24.0;high;;;;
1087129269;attr_changed;classification;highway;tertiary;tertiary_link;;tertiary_link;11.6;high;;;;
1087129270;attr_changed;classification;highway;secondary;tertiary;Vídeňská;tertiary;8.5;high;;;;
1087129271;attr_changed;classification;highway;tertiary;tertiary_link;;tertiary_link;12.2;high;;;;
1087762814;attr_changed;classification;highway;secondary;tertiary;Na Pankráci;tertiary;272.8;low;hodnota odvozena ze sloučené hrany – ověřit ručně;;;
1087762815;attr_changed;classification;highway;secondary;tertiary;Na Pankráci;tertiary;267.0;low;hodnota odvozena ze sloučené hrany – ověřit ručně;;;
1089843748;attr_changed;classification;highway;secondary;tertiary;Dvořákovo nábřeží|nábřeží Ludvíka Svobody;tertiary;231.0;low;hodnota odvozena ze sloučené hrany – ověřit ručně;;;
1089843749;attr_changed;classification;highway;secondary;tertiary;Dvořákovo nábřeží;tertiary;243.0;high;;;;
1090603500;attr_changed;classification;highway;tertiary;secondary;Rabakovská;secondary;865.3;low;hodnota odvozena ze sloučené hrany – ověřit ručně;;;
1090603501;attr_changed;classification;highway;tertiary;secondary;Rabakovská;secondary;865.3;low;hodnota odvozena ze sloučené hrany – ověřit ručně;;;
1091917459;attr_changed;classification;highway;tertiary;secondary;Přetlucká;secondary;1.9;high;;;;
1091917460;attr_changed;classification;highway;tertiary;secondary;Přetlucká;secondary;5.4;high;;;;
1091932409;attr_changed;classification;highway;secondary;tertiary;Olbrachtova;tertiary;173.2;low;hodnota odvozena ze sloučené hrany – ověřit ručně;;;
1092362199;attr_changed;classification;highway;primary;secondary;Sokolovská;secondary;109.0;low;hodnota odvozena ze sloučené hrany – ověřit ručně;;;
1092362200;attr_changed;classification;highway;primary;secondary;Sokolovská;secondary;125.2;low;hodnota odvozena ze sloučené hrany – ověřit ručně;;;
1092362201;attr_changed;classification;highway;primary;secondary;Sokolovská;secondary;110.0;low;hodnota odvozena ze sloučené hrany – ověřit ručně;;;
1093243767;attr_changed;classification;highway;tertiary;secondary;Rabakovská;secondary;215.4;low;hodnota odvozena ze sloučené hrany – ověřit ručně;;;
1093243768;attr_changed;classification;highway;tertiary;secondary;Rabakovská;secondary;593.1;low;hodnota odvozena ze sloučené hrany – ověřit ručně;;;
1095196478;attr_changed;classification;highway;primary;secondary;Rohanské nábřeží;secondary;349.0;low;hodnota odvozena ze sloučené hrany – ověřit ručně;;;
1095196479;attr_changed;classification;highway;primary;secondary;Rohanské nábřeží;secondary;349.0;low;hodnota odvozena ze sloučené hrany – ověřit ručně;;;
1095196480;attr_changed;classification;highway;primary;secondary;Rohanské nábřeží;secondary;207.9;low;hodnota odvozena ze sloučené hrany – ověřit ručně;;;
1095196485;attr_changed;classification;highway;primary;secondary;U Rustonky;secondary;116.1;low;hodnota odvozena ze sloučené hrany – ověřit ručně;;;
1097802213;attr_changed;classification;highway;secondary;secondary|trunk_link;Chlumecká;secondary|trunk_link;404.2;low;hodnota odvozena ze sloučené hrany – ověřit ručně;;;
1099641117;attr_changed;classification;highway;secondary;tertiary;Novodvorská;tertiary;376.5;low;hodnota odvozena ze sloučené hrany – ověřit ručně;;;
1099641118;attr_changed;classification;highway;secondary;tertiary;Novodvorská;tertiary;264.0;low;hodnota odvozena ze sloučené hrany – ověřit ručně;;;
1108552475;attr_changed;classification;highway;tertiary_link;secondary_link;;secondary_link;97.5;low;hodnota odvozena ze sloučené hrany – ověřit ručně;;;
1109103220;attr_changed;classification;highway;trunk;trunk|trunk_link;Jižní spojka;trunk|trunk_link;1643.0;low;hodnota odvozena ze sloučené hrany – ověřit ručně;;;
1109243587;attr_changed;classification;highway;secondary;primary_link;;primary_link;394.7;low;hodnota odvozena ze sloučené hrany – ověřit ručně;;;
1111836764;attr_changed;classification;highway;tertiary;secondary;Rabakovská;secondary;865.3;low;hodnota odvozena ze sloučené hrany – ověřit ručně;;;
1112129282;attr_changed;classification;highway;primary;secondary;Dienzenhoferovy sady|Jiráskův most;secondary;344.2;low;hodnota odvozena ze sloučené hrany – ověřit ručně;;;
1112129283;attr_changed;classification;highway;primary;secondary;Jiráskův most;secondary;329.1;low;hodnota odvozena ze sloučené hrany – ověřit ručně;;;
1112129284;attr_changed;classification;highway;primary;secondary;Jiráskův most;secondary;329.1;low;hodnota odvozena ze sloučené hrany – ověřit ručně;;;
1113652976;attr_changed;classification;highway;secondary;tertiary;Vídeňská;tertiary;54.0;low;hodnota odvozena ze sloučené hrany – ověřit ručně;;;
1114828902;attr_changed;classification;highway;secondary;primary;Čuprova;primary;9.9;high;;;;
1118334350;attr_changed;classification;highway;primary;secondary;5. května;secondary;552.5;low;hodnota odvozena ze sloučené hrany – ověřit ručně;;;
1120135760;attr_changed;classification;highway;primary;secondary;Legerova;secondary;36.6;low;hodnota odvozena ze sloučené hrany – ověřit ručně;;;
1122608987;attr_changed;classification;highway;primary;secondary;Veletržní;secondary;196.5;low;hodnota odvozena ze sloučené hrany – ověřit ručně;;;
1124788893;attr_changed;classification;highway;trunk;trunk_link;;trunk_link;214.2;low;hodnota odvozena ze sloučené hrany – ověřit ručně;;;
1132730938;attr_changed;classification;highway;secondary_link;trunk_link;;trunk_link;49.6;high;;;;
1134527241;attr_changed;classification;highway;primary;secondary;Argentinská;secondary;131.2;low;hodnota odvozena ze sloučené hrany – ověřit ručně;;;
1134527242;attr_changed;classification;highway;primary;secondary;Argentinská;secondary;535.9;low;hodnota odvozena ze sloučené hrany – ověřit ručně;;;
1146030272;attr_changed;classification;highway;tertiary;tertiary_link;;tertiary_link;42.5;high;;;;
1148283854;attr_changed;classification;highway;secondary;tertiary;Vinohradská;tertiary;96.1;low;hodnota odvozena ze sloučené hrany – ověřit ručně;;;
1148284066;attr_changed;classification;highway;secondary;tertiary;Vinohradská;tertiary;96.1;low;hodnota odvozena ze sloučené hrany – ověřit ručně;;;
1148284069;attr_changed;classification;highway;secondary;tertiary;Vinohradská;tertiary;96.1;low;hodnota odvozena ze sloučené hrany – ověřit ručně;;;
1152361936;attr_changed;classification;highway;secondary;tertiary;Meteorologická;tertiary;20.2;high;;;;
1152886493;attr_changed;classification;highway;residential|secondary;residential|tertiary;Matěchova|Na Strži|Radova;residential|tertiary;58.0;low;hodnota odvozena ze sloučené hrany – ověřit ručně;;;
1154699074;attr_changed;classification;highway;primary;trunk;Lahovický most;trunk;475.6;low;hodnota odvozena ze sloučené hrany – ověřit ručně;;;
1154699075;attr_changed;classification;highway;primary;trunk;Lahovický most;trunk;608.3;low;hodnota odvozena ze sloučené hrany – ověřit ručně;;;
1157079282;attr_changed;classification;highway;residential;unclassified;;unclassified;53.0;high;;;;
1159493891;attr_changed;classification;highway;primary;secondary;Dienzenhoferovy sady|Jiráskův most;secondary;344.2;low;hodnota odvozena ze sloučené hrany – ověřit ručně;;;
1159493903;attr_changed;classification;highway;primary;secondary;Dienzenhoferovy sady;secondary;82.3;low;hodnota odvozena ze sloučené hrany – ověřit ručně;;;
1159493904;attr_changed;classification;highway;primary;secondary;Hořejší nábřeží|Janáčkovo nábřeží;secondary;249.8;low;hodnota odvozena ze sloučené hrany – ověřit ručně;;;
1159750889;attr_changed;classification;highway;secondary;residential;Divadelní;residential;188.4;low;hodnota odvozena ze sloučené hrany – ověřit ručně;;;
1159750890;attr_changed;classification;highway;secondary;residential;Divadelní;residential;188.4;low;hodnota odvozena ze sloučené hrany – ověřit ručně;;;
1160745284;attr_changed;classification;highway;primary;secondary;Hořejší nábřeží|Janáčkovo nábřeží;secondary;249.8;low;hodnota odvozena ze sloučené hrany – ověřit ručně;;;
1162256199;attr_changed;classification;highway;trunk;trunk|trunk_link;Jižní spojka;trunk|trunk_link;2829.7;low;hodnota odvozena ze sloučené hrany – ověřit ručně;;;
1162256200;attr_changed;classification;highway;trunk;trunk|trunk_link;Jižní spojka;trunk|trunk_link;1643.0;low;hodnota odvozena ze sloučené hrany – ověřit ručně;;;
1162256201;attr_changed;classification;highway;trunk;trunk|trunk_link;Jižní spojka;trunk|trunk_link;2829.7;low;hodnota odvozena ze sloučené hrany – ověřit ručně;;;
1162256202;attr_changed;classification;highway;trunk;trunk|trunk_link;Jižní spojka;trunk|trunk_link;2829.7;low;hodnota odvozena ze sloučené hrany – ověřit ručně;;;
1162256203;attr_changed;classification;highway;trunk;trunk|trunk_link;Jižní spojka;trunk|trunk_link;1643.0;low;hodnota odvozena ze sloučené hrany – ověřit ručně;;;
1171063681;attr_changed;classification;highway;secondary;primary;Davídkova|náměstí Na stráži;primary;75.1;low;hodnota odvozena ze sloučené hrany – ověřit ručně;;;
1173512435;attr_changed;classification;highway;secondary;primary;Zenklova;primary;121.3;low;hodnota odvozena ze sloučené hrany – ověřit ručně;;;
1176424036;attr_changed;classification;highway;secondary;tertiary;Meteorologická;tertiary;134.9;low;hodnota odvozena ze sloučené hrany – ověřit ručně;;;
1176424037;attr_changed;classification;highway;secondary;tertiary;Generála Šišky;tertiary;153.7;low;hodnota odvozena ze sloučené hrany – ověřit ručně;;;
1176424038;attr_changed;classification;highway;secondary;tertiary;Generála Šišky;tertiary;153.7;low;hodnota odvozena ze sloučené hrany – ověřit ručně;;;
1176424039;attr_changed;classification;highway;secondary;tertiary;Generála Šišky;tertiary;269.8;low;hodnota odvozena ze sloučené hrany – ověřit ručně;;;
1176424041;attr_changed;classification;highway;secondary;tertiary;Novodvorská;tertiary;262.5;low;hodnota odvozena ze sloučené hrany – ověřit ručně;;;
1176424042;attr_changed;classification;highway;secondary;tertiary;Novodvorská;tertiary;262.5;low;hodnota odvozena ze sloučené hrany – ověřit ručně;;;
1176424043;attr_changed;classification;highway;secondary;tertiary;Novodvorská;tertiary;264.0;low;hodnota odvozena ze sloučené hrany – ověřit ručně;;;
1176424044;attr_changed;classification;highway;secondary;tertiary;Novodvorská;tertiary;264.0;low;hodnota odvozena ze sloučené hrany – ověřit ručně;;;
1176424045;attr_changed;classification;highway;secondary;tertiary;Novodvorská;tertiary;262.5;low;hodnota odvozena ze sloučené hrany – ověřit ručně;;;
1176424046;attr_changed;classification;highway;secondary;tertiary;Novodvorská;tertiary;262.5;low;hodnota odvozena ze sloučené hrany – ověřit ručně;;;
1176424047;attr_changed;classification;highway;secondary;tertiary;Novodvorská;tertiary;264.0;low;hodnota odvozena ze sloučené hrany – ověřit ručně;;;
1176424048;attr_changed;classification;highway;secondary;tertiary;Novodvorská;tertiary;264.0;low;hodnota odvozena ze sloučené hrany – ověřit ručně;;;
1176424049;attr_changed;classification;highway;secondary;tertiary;Novodvorská;tertiary;440.7;low;hodnota odvozena ze sloučené hrany – ověřit ručně;;;
1176424050;attr_changed;classification;highway;secondary;tertiary;Novodvorská;tertiary;376.5;low;hodnota odvozena ze sloučené hrany – ověřit ručně;;;
1177831529;attr_changed;classification;highway;primary;secondary;Partyzánská;secondary;4.0;high;;;;
1186765005;attr_changed;classification;highway;primary;secondary;Milady Horákové;secondary;653.3;low;hodnota odvozena ze sloučené hrany – ověřit ručně;;;
1186777421;attr_changed;classification;highway;primary;secondary;Milady Horákové;secondary;168.6;low;hodnota odvozena ze sloučené hrany – ověřit ručně;;;
1186878783;attr_changed;classification;highway;primary;secondary;Rohanské nábřeží;secondary;349.0;low;hodnota odvozena ze sloučené hrany – ověřit ručně;;;
1186886209;attr_changed;classification;highway;primary;secondary;Rohanské nábřeží;secondary;139.7;low;hodnota odvozena ze sloučené hrany – ověřit ručně;;;
1186886211;attr_changed;classification;highway;primary;secondary;Rohanské nábřeží;secondary;349.0;low;hodnota odvozena ze sloučené hrany – ověřit ručně;;;
1188458106;attr_changed;classification;highway;secondary;tertiary;Vídeňská;tertiary;84.4;low;hodnota odvozena ze sloučené hrany – ověřit ručně;;;
1189686011;attr_changed;classification;highway;secondary;tertiary;Ryšavého;tertiary;331.6;low;hodnota odvozena ze sloučené hrany – ověřit ručně;;;
1189686012;attr_changed;classification;highway;secondary;tertiary;Ryšavého;tertiary;331.6;low;hodnota odvozena ze sloučené hrany – ověřit ručně;;;
1190012169;attr_changed;classification;highway;primary;secondary;K Barrandovu;secondary;46.0;high;;;;
1190012714;attr_changed;classification;highway;primary;secondary|trunk_link;K Barrandovu;secondary|trunk_link;325.9;low;hodnota odvozena ze sloučené hrany – ověřit ručně;;;
1190143333;attr_changed;classification;highway;secondary;tertiary;Na Strži;tertiary;638.2;low;hodnota odvozena ze sloučené hrany – ověřit ručně;;;
1190192058;attr_changed;classification;highway;secondary;tertiary;Modřanská;tertiary;21.3;high;;;;
1190416097;attr_changed;classification;highway;secondary;tertiary;Vinohradská;tertiary;101.6;low;hodnota odvozena ze sloučené hrany – ověřit ručně;;;
1190416350;attr_changed;classification;highway;secondary;tertiary;Vinohradská;tertiary;144.8;high;;;;
1190761595;attr_changed;classification;highway;secondary;tertiary;Modřanská;tertiary;515.6;low;hodnota odvozena ze sloučené hrany – ověřit ručně;;;
1190902257;attr_changed;classification;highway;secondary;tertiary;K Horkám;tertiary;283.2;low;hodnota odvozena ze sloučené hrany – ověřit ručně;;;
1191026140;attr_changed;classification;highway;secondary;tertiary;Modřanská;tertiary;56.8;high;;;;
1191037283;attr_changed;classification;highway;secondary;tertiary;Modřanská;tertiary;356.8;low;hodnota odvozena ze sloučené hrany – ověřit ručně;;;
1191043686;attr_changed;classification;highway;secondary;tertiary;Modřanská;tertiary;297.3;low;hodnota odvozena ze sloučené hrany – ověřit ručně;;;
1191045607;attr_changed;classification;highway;secondary;tertiary;Modřanská;tertiary;297.3;low;hodnota odvozena ze sloučené hrany – ověřit ručně;;;
1191053176;attr_changed;classification;highway;secondary;secondary|tertiary;Modřanská;secondary|tertiary;487.7;low;hodnota odvozena ze sloučené hrany – ověřit ručně;;;
1191054987;attr_changed;classification;highway;secondary;secondary|tertiary;Modřanská;secondary|tertiary;487.7;low;hodnota odvozena ze sloučené hrany – ověřit ručně;;;
1191910034;attr_changed;classification;highway;secondary;tertiary;Komořanská;tertiary;801.7;high;;;;
1191910035;attr_changed;classification;highway;secondary;tertiary;Komořanská;tertiary;196.2;high;;;;
1191910036;attr_changed;classification;highway;secondary;tertiary;Komořanská;tertiary;336.7;low;hodnota odvozena ze sloučené hrany – ověřit ručně;;;
1192375022;attr_changed;classification;highway;primary;secondary;Rohanské nábřeží;secondary;14.9;high;;;;
1200671587;attr_changed;classification;highway;tertiary;secondary;Pod Táborem;secondary;608.5;low;hodnota odvozena ze sloučené hrany – ověřit ručně;;;
1207196511;attr_changed;classification;highway;tertiary;residential;Mánesův most|náměstí Jana Palacha;residential;339.5;low;hodnota odvozena ze sloučené hrany – ověřit ručně;;;
1209152974;attr_changed;classification;highway;secondary;tertiary;Komořanská;tertiary;615.5;low;hodnota odvozena ze sloučené hrany – ověřit ručně;;;
1215634604;attr_changed;classification;highway;secondary;tertiary;Lounských;tertiary;4.4;high;;;;
1215634606;attr_changed;classification;highway;secondary;tertiary;Lounských;tertiary;5.0;high;;;;
1215634607;attr_changed;classification;highway;secondary;tertiary;Lounských;tertiary;3.4;high;;;;
1217272867;attr_changed;classification;highway;secondary_link;tertiary_link;U Švehlova altánu;tertiary_link;110.5;low;hodnota odvozena ze sloučené hrany – ověřit ručně;;;
1217272868;attr_changed;classification;highway;secondary_link;tertiary_link;U Švehlova altánu;tertiary_link;110.5;low;hodnota odvozena ze sloučené hrany – ověřit ručně;;;
1217272869;attr_changed;classification;highway;living_street|secondary_link;living_street|tertiary_link;U Švehlova altánu;living_street|tertiary_link;16.9;low;hodnota odvozena ze sloučené hrany – ověřit ručně;;;
1224994114;attr_changed;classification;highway;secondary;tertiary;Generála Šišky;tertiary;888.6;low;hodnota odvozena ze sloučené hrany – ověřit ručně;;;
1225633918;attr_changed;classification;highway;secondary;residential;Dvořákovo nábřeží|Na Rejdišti;residential;192.0;low;hodnota odvozena ze sloučené hrany – ověřit ručně;;;
1228079189;attr_changed;classification;highway;secondary;tertiary;Generála Šišky;tertiary;164.5;high;;;;
1237856488;attr_changed;classification;highway;secondary;tertiary;Komořanská;tertiary;128.6;low;hodnota odvozena ze sloučené hrany – ověřit ručně;;;
1242753391;attr_changed;classification;highway;primary|trunk;trunk;Kbelská;trunk;537.1;low;hodnota odvozena ze sloučené hrany – ověřit ručně;;;
1243027923;attr_changed;classification;highway;living_street|residential;living_street;Staňkovská;living_street;125.3;low;hodnota odvozena ze sloučené hrany – ověřit ručně;;;
1245661182;attr_changed;classification;highway;primary;secondary;most Barikádníků;secondary;152.5;low;hodnota odvozena ze sloučené hrany – ověřit ručně;;;
1245661183;attr_changed;classification;highway;primary;secondary;most Barikádníků;secondary;152.5;low;hodnota odvozena ze sloučené hrany – ověřit ručně;;;
1245673252;attr_changed;classification;highway;primary;secondary;Argentinská;secondary;32.4;low;hodnota odvozena ze sloučené hrany – ověřit ručně;;;
1245678637;attr_changed;classification;highway;primary;secondary;Hlávkův most|Wilsonova;secondary;483.3;low;hodnota odvozena ze sloučené hrany – ověřit ručně;;;
1245678638;attr_changed;classification;highway;primary;secondary;Hlávkův most|Wilsonova;secondary;483.3;low;hodnota odvozena ze sloučené hrany – ověřit ručně;;;
1246107586;attr_changed;classification;highway;secondary;tertiary;Na Pankráci;tertiary;236.3;low;hodnota odvozena ze sloučené hrany – ověřit ručně;;;
1246107587;attr_changed;classification;highway;secondary;tertiary;Na Pankráci;tertiary;236.3;low;hodnota odvozena ze sloučené hrany – ověřit ručně;;;
1246107792;attr_changed;classification;highway;primary_link;secondary_link;;secondary_link;92.5;low;hodnota odvozena ze sloučené hrany – ověřit ručně;;;
1246112550;attr_changed;classification;highway;primary;secondary;Sokolská;secondary;90.8;low;hodnota odvozena ze sloučené hrany – ověřit ručně;;;
1246112555;attr_changed;classification;highway;primary;secondary;Sokolská;secondary;100.7;low;hodnota odvozena ze sloučené hrany – ověřit ručně;;;
1246112556;attr_changed;classification;highway;primary;secondary;Sokolská;secondary;90.8;low;hodnota odvozena ze sloučené hrany – ověřit ručně;;;
1246114129;attr_changed;classification;highway;primary;secondary;Mezibranská;secondary;169.7;low;hodnota odvozena ze sloučené hrany – ověřit ručně;;;
1246114631;attr_changed;classification;highway;primary;secondary;Wilsonova;secondary;313.5;low;hodnota odvozena ze sloučené hrany – ověřit ručně;;;
1247118079;attr_changed;classification;highway;primary_link;secondary_link;;secondary_link;61.6;low;hodnota odvozena ze sloučené hrany – ověřit ručně;;;
1247118080;attr_changed;classification;highway;primary_link;secondary_link;;secondary_link;61.6;low;hodnota odvozena ze sloučené hrany – ověřit ručně;;;
1250344253;attr_changed;classification;highway;residential;primary_link;;primary_link;42.6;high;;;;
1250344254;attr_changed;classification;highway;primary;primary_link;Čuprova;primary_link;228.6;low;hodnota odvozena ze sloučené hrany – ověřit ručně;;;
1250344255;attr_changed;classification;highway;primary;primary_link;Čuprova;primary_link;9.7;high;;;;
1250344256;attr_changed;classification;highway;primary;primary_link;Čuprova;primary_link;10.0;high;;;;
1250369792;attr_changed;classification;highway;primary;secondary;Rohanské nábřeží;secondary;223.5;low;hodnota odvozena ze sloučené hrany – ověřit ručně;;;
1250369793;attr_changed;classification;highway;primary;secondary;Rohanské nábřeží;secondary;207.9;low;hodnota odvozena ze sloučené hrany – ověřit ručně;;;
1250369795;attr_changed;classification;highway;primary;secondary;Rohanské nábřeží;secondary;563.8;low;hodnota odvozena ze sloučené hrany – ověřit ručně;;;
1250369796;attr_changed;classification;highway;primary;secondary;Rohanské nábřeží;secondary;563.8;low;hodnota odvozena ze sloučené hrany – ověřit ručně;;;
1250375353;attr_changed;classification;highway;primary_link;secondary_link;Ke Štvanici;secondary_link;81.2;low;hodnota odvozena ze sloučené hrany – ověřit ručně;;;
1251951499;attr_changed;classification;highway;secondary;tertiary;Komořanská;tertiary;438.2;low;hodnota odvozena ze sloučené hrany – ověřit ručně;;;
1254517302;attr_changed;classification;highway;primary;secondary;Sokolská;secondary;141.8;low;hodnota odvozena ze sloučené hrany – ověřit ručně;;;
1254517305;attr_changed;classification;highway;primary;secondary;Sokolská;secondary;93.4;low;hodnota odvozena ze sloučené hrany – ověřit ručně;;;
1258683742;attr_changed;classification;highway;living_street|residential;living_street;Velká skála;living_street;80.5;low;hodnota odvozena ze sloučené hrany – ověřit ručně;;;
1260680871;attr_changed;classification;highway;primary_link;trunk_link;;trunk_link;101.7;low;hodnota odvozena ze sloučené hrany – ověřit ručně;;;
1272597775;attr_changed;classification;highway;primary;secondary;Žitná;secondary;126.2;low;hodnota odvozena ze sloučené hrany – ověřit ručně;;;
1274182223;attr_changed;classification;highway;secondary;trunk;Aviatická;trunk;94.8;low;hodnota odvozena ze sloučené hrany – ověřit ručně;;;
1274709976;attr_changed;classification;highway;primary;secondary;K Barrandovu;secondary;832.4;low;hodnota odvozena ze sloučené hrany – ověřit ručně;;;
1274886694;attr_changed;classification;highway;primary;secondary|trunk_link;K Barrandovu;secondary|trunk_link;325.9;low;hodnota odvozena ze sloučené hrany – ověřit ručně;;;
1275208343;attr_changed;classification;highway;primary_link;secondary_link;;secondary_link;189.3;low;hodnota odvozena ze sloučené hrany – ověřit ručně;;;
1276552594;attr_changed;classification;highway;primary;secondary;K Barrandovu;secondary;852.2;low;hodnota odvozena ze sloučené hrany – ověřit ručně;;;
1276552595;attr_changed;classification;highway;primary;secondary;K Barrandovu;secondary;764.5;low;hodnota odvozena ze sloučené hrany – ověřit ručně;;;
1276552596;attr_changed;classification;highway;primary;secondary;K Barrandovu;secondary;35.2;low;hodnota odvozena ze sloučené hrany – ověřit ručně;;;
1277631465;attr_changed;classification;highway;primary;trunk;Strakonická;trunk;55.7;low;hodnota odvozena ze sloučené hrany – ověřit ručně;;;
1290106860;attr_changed;classification;highway;secondary;secondary|trunk_link;Chlumecká;secondary|trunk_link;404.2;low;hodnota odvozena ze sloučené hrany – ověřit ručně;;;
1294908854;attr_changed;classification;highway;secondary;tertiary;Hostivařské náměstí|K Horkám|K Horkám;tertiary;170.6;low;hodnota odvozena ze sloučené hrany – ověřit ručně;;;
1296975263;attr_changed;classification;highway;secondary;tertiary_link;;tertiary_link;37.8;low;hodnota odvozena ze sloučené hrany – ověřit ručně;;;
1302600252;attr_changed;classification;highway;tertiary;residential|tertiary;Opletalova;residential|tertiary;123.2;low;hodnota odvozena ze sloučené hrany – ověřit ručně;;;
1303142318;attr_changed;classification;highway;secondary;tertiary;Komořanská;tertiary;336.7;low;hodnota odvozena ze sloučené hrany – ověřit ručně;;;
1305006953;attr_changed;classification;highway;primary;secondary;Mezibranská|Wilsonova;secondary;114.1;low;hodnota odvozena ze sloučené hrany – ověřit ručně;;;
1307915550;attr_changed;classification;highway;motorway_link|secondary;motorway_link|trunk_link;;motorway_link|trunk_link;416.6;low;hodnota odvozena ze sloučené hrany – ověřit ručně;;;
1308595531;attr_changed;classification;highway;secondary;primary_link;Zenklova;primary_link;19.3;high;;;;
1308599498;attr_changed;classification;highway;primary;trunk;Průmyslová;trunk;1247.5;low;hodnota odvozena ze sloučené hrany – ověřit ručně;;;
1308599500;attr_changed;classification;highway;primary_link;trunk_link;;trunk_link;51.0;high;;;;
1308646288;attr_changed;classification;highway;primary;primary|trunk;Průmyslová;primary|trunk;371.7;low;hodnota odvozena ze sloučené hrany – ověřit ručně;;;
1308646289;attr_changed;classification;highway;primary;primary|trunk;Průmyslová;primary|trunk;843.1;low;hodnota odvozena ze sloučené hrany – ověřit ručně;;;
1308646290;attr_changed;classification;highway;primary;primary|trunk;Průmyslová;primary|trunk;843.1;low;hodnota odvozena ze sloučené hrany – ověřit ručně;;;
1308678203;attr_changed;classification;highway;tertiary;secondary;Dřevčická;secondary;23.9;low;hodnota odvozena ze sloučené hrany – ověřit ručně;;;
1308678204;attr_changed;classification;highway;tertiary;secondary;Dřevčická;secondary;23.9;low;hodnota odvozena ze sloučené hrany – ověřit ručně;;;
1309835289;attr_changed;classification;highway;primary|trunk;trunk;Kbelská;trunk;537.1;low;hodnota odvozena ze sloučené hrany – ověřit ručně;;;
1312111441;attr_changed;classification;highway;secondary;primary;Vosmíkových;primary;142.7;low;hodnota odvozena ze sloučené hrany – ověřit ručně;;;
1312434911;attr_changed;classification;highway;secondary;residential;Malostranské náměstí;residential;98.6;low;hodnota odvozena ze sloučené hrany – ověřit ručně;;;
1312555460;attr_changed;classification;highway;secondary;tertiary;Jaromírova;tertiary;240.3;low;hodnota odvozena ze sloučené hrany – ověřit ručně;;;
1313487089;attr_changed;classification;highway;secondary;residential;Masarykovo nábřeží;residential;221.9;low;hodnota odvozena ze sloučené hrany – ověřit ručně;;;
1313487090;attr_changed;classification;highway;secondary;residential;Masarykovo nábřeží;residential;102.0;low;hodnota odvozena ze sloučené hrany – ověřit ručně;;;
1313818789;attr_changed;classification;highway;secondary;tertiary;Výstavní;tertiary;54.2;high;;;;
1316186186;attr_changed;classification;highway;residential;living_street;Přílepská;living_street;125.8;high;;;;
1317551267;attr_changed;classification;highway;secondary;tertiary;Komořanská;tertiary;176.2;low;hodnota odvozena ze sloučené hrany – ověřit ručně;;;
1318098791;attr_changed;classification;highway;primary_link;secondary_link;;secondary_link;40.6;low;hodnota odvozena ze sloučené hrany – ověřit ručně;;;
1318098792;attr_changed;classification;highway;primary_link;secondary_link;;secondary_link;40.6;low;hodnota odvozena ze sloučené hrany – ověřit ručně;;;
1318138121;attr_changed;classification;highway;primary;secondary;Veletržní;secondary;88.8;low;hodnota odvozena ze sloučené hrany – ověřit ručně;;;
1318148602;attr_changed;classification;highway;primary;trunk;Strakonická;trunk;1122.2;low;hodnota odvozena ze sloučené hrany – ověřit ručně;;;
1318148603;attr_changed;classification;highway;primary;trunk;Strakonická;trunk;219.8;low;hodnota odvozena ze sloučené hrany – ověřit ručně;;;
1318194570;attr_changed;classification;highway;primary;secondary;Sokolovská;secondary;154.8;low;hodnota odvozena ze sloučené hrany – ověřit ručně;;;
1319922240;attr_changed;classification;highway;secondary;tertiary;Modřanská;tertiary;492.8;low;hodnota odvozena ze sloučené hrany – ověřit ručně;;;
1320070908;attr_changed;classification;highway;trunk;secondary|trunk;Spořilovská;secondary|trunk;1261.3;low;hodnota odvozena ze sloučené hrany – ověřit ručně;;;
1320070909;attr_changed;classification;highway;trunk;trunk_link;;trunk_link;221.7;low;hodnota odvozena ze sloučené hrany – ověřit ručně;;;
1320073816;attr_changed;classification;highway;trunk;trunk_link;;trunk_link;146.0;low;hodnota odvozena ze sloučené hrany – ověřit ručně;;;
1320073817;attr_changed;classification;highway;trunk;trunk_link;;trunk_link;320.9;low;hodnota odvozena ze sloučené hrany – ověřit ručně;;;
1322469090;attr_changed;classification;highway;secondary;tertiary;Křesomyslova;tertiary;196.3;low;hodnota odvozena ze sloučené hrany – ověřit ručně;;;
1323205583;attr_changed;classification;highway;secondary;residential;Újezd;residential;54.8;low;hodnota odvozena ze sloučené hrany – ověřit ručně;;;
1323205584;attr_changed;classification;highway;secondary;residential;Újezd;residential;70.6;low;hodnota odvozena ze sloučené hrany – ověřit ručně;;;
1326136315;attr_changed;classification;highway;motorway_link;motorway_link|trunk_link;;motorway_link|trunk_link;346.8;low;hodnota odvozena ze sloučené hrany – ověřit ručně;;;
1327628608;attr_changed;classification;highway;primary;primary|trunk;Průmyslová;primary|trunk;843.1;low;hodnota odvozena ze sloučené hrany – ověřit ručně;;;
1327814362;attr_changed;classification;highway;primary_link;trunk_link;Průmyslová;trunk_link;130.7;low;hodnota odvozena ze sloučené hrany – ověřit ručně;;;
1327841076;attr_changed;classification;highway;secondary;tertiary;Modřanská;tertiary;470.6;low;hodnota odvozena ze sloučené hrany – ověřit ručně;;;
1327841079;attr_changed;classification;highway;secondary;tertiary;Modřanská;tertiary;75.2;low;hodnota odvozena ze sloučené hrany – ověřit ručně;;;
1327841081;attr_changed;classification;highway;secondary;tertiary;Modřanská;tertiary;260.9;low;hodnota odvozena ze sloučené hrany – ověřit ručně;;;
1327841083;attr_changed;classification;highway;secondary;tertiary;Modřanská;tertiary;75.2;low;hodnota odvozena ze sloučené hrany – ověřit ručně;;;
1327889503;attr_changed;classification;highway;primary;secondary;5. května;secondary;157.5;low;hodnota odvozena ze sloučené hrany – ověřit ručně;;;
1327889511;attr_changed;classification;highway;primary;secondary;5. května;secondary;348.3;low;hodnota odvozena ze sloučené hrany – ověřit ručně;;;
1327889512;attr_changed;classification;highway;primary;secondary;5. května;secondary;552.5;low;hodnota odvozena ze sloučené hrany – ověřit ručně;;;
1327889513;attr_changed;classification;highway;primary;secondary;5. května;secondary;552.5;low;hodnota odvozena ze sloučené hrany – ověřit ručně;;;
1327889514;attr_changed;classification;highway;primary|trunk;secondary|trunk;5. května;secondary|trunk;513.1;low;hodnota odvozena ze sloučené hrany – ověřit ručně;;;
1327889515;attr_changed;classification;highway;primary_link;secondary_link;;secondary_link;175.5;low;hodnota odvozena ze sloučené hrany – ověřit ručně;;;
1327889516;attr_changed;classification;highway;primary_link;secondary_link;;secondary_link;175.5;low;hodnota odvozena ze sloučené hrany – ověřit ručně;;;
1327889518;attr_changed;classification;highway;primary_link;secondary_link;;secondary_link;189.3;low;hodnota odvozena ze sloučené hrany – ověřit ručně;;;
1327889519;attr_changed;classification;highway;primary_link;secondary_link;;secondary_link;189.3;low;hodnota odvozena ze sloučené hrany – ověřit ručně;;;
1327925746;attr_changed;classification;highway;trunk;secondary;Spořilovská;secondary;81.3;low;hodnota odvozena ze sloučené hrany – ověřit ručně;;;
1327951160;attr_changed;classification;highway;primary;trunk;Strakonická;trunk;1648.6;low;hodnota odvozena ze sloučené hrany – ověřit ručně;;;
1329720276;attr_changed;classification;highway;primary;secondary;Sokolovská;secondary;35.7;high;;;;
1329720278;attr_changed;classification;highway;primary;secondary;U Rustonky;secondary;45.1;low;hodnota odvozena ze sloučené hrany – ověřit ručně;;;
1329739592;attr_changed;classification;highway;primary;secondary;U Rustonky;secondary;8.8;high;;;;
1329740664;attr_changed;classification;highway;secondary;primary;Davídkova;primary;20.3;high;;;;
1329741491;attr_changed;classification;highway;secondary;primary;Zenklova;primary;264.1;low;hodnota odvozena ze sloučené hrany – ověřit ručně;;;
1329742964;attr_changed;classification;highway;primary_link;secondary_link;;secondary_link;297.6;low;hodnota odvozena ze sloučené hrany – ověřit ručně;;;
1329755408;attr_changed;classification;highway;primary;secondary;Rohanské nábřeží;secondary;563.8;low;hodnota odvozena ze sloučené hrany – ověřit ručně;;;
1329755409;attr_changed;classification;highway;primary;secondary;Rohanské nábřeží;secondary;6.4;high;;;;
1329755410;attr_changed;classification;highway;primary_link;secondary_link;Ke Štvanici;secondary_link;10.3;high;;;;
1329755411;attr_changed;classification;highway;primary_link;secondary_link;Ke Štvanici;secondary_link;11.6;high;;;;
1329756272;attr_changed;classification;highway;secondary;tertiary;nábřeží Ludvíka Svobody;tertiary;254.4;low;hodnota odvozena ze sloučené hrany – ověřit ručně;;;
1330723061;attr_changed;classification;highway;primary;secondary;Veletržní;secondary;69.1;low;hodnota odvozena ze sloučené hrany – ověřit ručně;;;
1330723065;attr_changed;classification;highway;primary;secondary;Veletržní;secondary;65.9;low;hodnota odvozena ze sloučené hrany – ověřit ručně;;;
1330734369;attr_changed;classification;highway;secondary;tertiary;Nové Mlýny;tertiary;67.2;low;hodnota odvozena ze sloučené hrany – ověřit ručně;;;
1330734370;attr_changed;classification;highway;secondary;tertiary;Nové Mlýny;tertiary;67.2;low;hodnota odvozena ze sloučené hrany – ověřit ručně;;;
1330734371;attr_changed;classification;highway;secondary;tertiary;Nové Mlýny;tertiary;66.2;high;;;;
1330752203;attr_changed;classification;highway;primary;secondary;Milady Horákové;secondary;323.0;low;hodnota odvozena ze sloučené hrany – ověřit ručně;;;
1330758388;attr_changed;classification;highway;primary;secondary;Milady Horákové;secondary;84.0;low;hodnota odvozena ze sloučené hrany – ověřit ručně;;;
1330758389;attr_changed;classification;highway;primary;secondary;Letenské náměstí;secondary;97.9;low;hodnota odvozena ze sloučené hrany – ověřit ručně;;;
1330758390;attr_changed;classification;highway;primary;secondary;Letenské náměstí;secondary;97.9;low;hodnota odvozena ze sloučené hrany – ověřit ručně;;;
1330758391;attr_changed;classification;highway;primary;secondary;Letenské náměstí;secondary;32.9;high;;;;
1330758392;attr_changed;classification;highway;primary;secondary;Letenské náměstí;secondary;97.9;low;hodnota odvozena ze sloučené hrany – ověřit ručně;;;
1331109745;attr_changed;classification;highway;tertiary;residential;Hybernská;residential;15.2;high;;;;
1331109748;attr_changed;classification;highway;tertiary;residential;Hybernská;residential;36.2;high;;;;
1331109749;attr_changed;classification;highway;tertiary;residential;Hybernská;residential;72.9;low;hodnota odvozena ze sloučené hrany – ověřit ručně;;;
1331109750;attr_changed;classification;highway;tertiary;residential;Hybernská;residential;72.9;low;hodnota odvozena ze sloučené hrany – ověřit ručně;;;
1331109751;attr_changed;classification;highway;tertiary;residential;Hybernská;residential;30.4;low;hodnota odvozena ze sloučené hrany – ověřit ručně;;;
1331471784;attr_changed;classification;highway;secondary;tertiary;Rašínovo nábřeží;tertiary;103.6;low;hodnota odvozena ze sloučené hrany – ověřit ručně;;;
1333322580;attr_changed;classification;highway;primary;secondary;Sokolovská;secondary;110.0;low;hodnota odvozena ze sloučené hrany – ověřit ručně;;;
1333322581;attr_changed;classification;highway;primary;secondary;Sokolovská;secondary;94.6;low;hodnota odvozena ze sloučené hrany – ověřit ručně;;;
1333322583;attr_changed;classification;highway;primary;secondary;Sokolovská;secondary;109.0;low;hodnota odvozena ze sloučené hrany – ověřit ručně;;;
1333717221;attr_changed;classification;highway;primary;trunk;Strakonická;trunk;579.3;low;hodnota odvozena ze sloučené hrany – ověřit ručně;;;
1333717222;attr_changed;classification;highway;primary;trunk;Strakonická;trunk;2071.8;low;hodnota odvozena ze sloučené hrany – ověřit ručně;;;
1333717223;attr_changed;classification;highway;primary_link;trunk_link;;trunk_link;101.7;low;hodnota odvozena ze sloučené hrany – ověřit ručně;;;
1335784147;attr_changed;classification;highway;secondary;primary;Černokostelecká;primary;791.6;low;hodnota odvozena ze sloučené hrany – ověřit ručně;;;
1335928182;attr_changed;classification;highway;primary;secondary;Wilsonova;secondary;588.6;low;hodnota odvozena ze sloučené hrany – ověřit ručně;;;
1335928183;attr_changed;classification;highway;primary_link;secondary_link;;secondary_link;272.1;low;hodnota odvozena ze sloučené hrany – ověřit ručně;;;
1335928185;attr_changed;classification;highway;primary;secondary;Wilsonova;secondary;343.8;low;hodnota odvozena ze sloučené hrany – ověřit ručně;;;
1335928187;attr_changed;classification;highway;primary;secondary;Wilsonova;secondary;343.8;low;hodnota odvozena ze sloučené hrany – ověřit ručně;;;
1337755477;attr_changed;classification;highway;primary;secondary;K Barrandovu;secondary;852.2;low;hodnota odvozena ze sloučené hrany – ověřit ručně;;;
1337755478;attr_changed;classification;highway;primary;secondary;K Barrandovu;secondary;764.5;low;hodnota odvozena ze sloučené hrany – ověřit ručně;;;
1337755479;attr_changed;classification;highway;primary;secondary|trunk_link;K Barrandovu;secondary|trunk_link;676.9;low;hodnota odvozena ze sloučené hrany – ověřit ručně;;;
1337948759;attr_changed;classification;highway;primary;secondary;K Barrandovu;secondary;832.4;low;hodnota odvozena ze sloučené hrany – ověřit ručně;;;
1337948760;attr_changed;classification;highway;primary;secondary;K Barrandovu;secondary;832.4;low;hodnota odvozena ze sloučené hrany – ověřit ručně;;;
1337948761;attr_changed;classification;highway;primary;secondary;K Barrandovu;secondary;702.8;low;hodnota odvozena ze sloučené hrany – ověřit ručně;;;
1337948762;attr_changed;classification;highway;primary;secondary;K Barrandovu;secondary;36.0;high;;;;
1337948763;attr_changed;classification;highway;primary;secondary;K Barrandovu;secondary;745.6;low;hodnota odvozena ze sloučené hrany – ověřit ručně;;;
1337948764;attr_changed;classification;highway;primary;secondary;K Barrandovu;secondary;745.6;low;hodnota odvozena ze sloučené hrany – ověřit ručně;;;
1337948765;attr_changed;classification;highway;primary;secondary;K Barrandovu;secondary;702.8;low;hodnota odvozena ze sloučené hrany – ověřit ručně;;;
1337948766;attr_changed;classification;highway;primary;secondary;K Barrandovu;secondary;702.8;low;hodnota odvozena ze sloučené hrany – ověřit ručně;;;
1337948767;attr_changed;classification;highway;primary;secondary;K Barrandovu;secondary;745.6;low;hodnota odvozena ze sloučené hrany – ověřit ručně;;;
1337948768;attr_changed;classification;highway;primary;secondary;K Barrandovu;secondary;745.6;low;hodnota odvozena ze sloučené hrany – ověřit ručně;;;
1337948770;attr_changed;classification;highway;primary;secondary;K Barrandovu;secondary;28.8;high;;;;
1337948771;attr_changed;classification;highway;primary;secondary;K Barrandovu;secondary;745.6;low;hodnota odvozena ze sloučené hrany – ověřit ručně;;;
1337948774;attr_changed;classification;highway;primary;secondary;K Barrandovu;secondary;448.9;low;hodnota odvozena ze sloučené hrany – ověřit ručně;;;
1337948775;attr_changed;classification;highway;primary;secondary;K Barrandovu;secondary;37.4;high;;;;
1337948776;attr_changed;classification;highway;primary;secondary;K Barrandovu;secondary;463.7;low;hodnota odvozena ze sloučené hrany – ověřit ručně;;;
1337948777;attr_changed;classification;highway;primary;secondary;K Barrandovu;secondary;463.7;low;hodnota odvozena ze sloučené hrany – ověřit ručně;;;
1337949480;attr_changed;classification;highway;secondary_link;trunk_link;;trunk_link;214.3;low;hodnota odvozena ze sloučené hrany – ověřit ručně;;;
1338640627;attr_changed;classification;highway;secondary_link;tertiary_link;;tertiary_link;10.5;high;;;;
1340371642;attr_changed;classification;highway;secondary;tertiary;Na Pankráci;tertiary;236.3;low;hodnota odvozena ze sloučené hrany – ověřit ručně;;;
1340371643;attr_changed;classification;highway;secondary;tertiary;;tertiary;63.0;high;;;;
1342160804;attr_changed;classification;highway;secondary;tertiary;Křesomyslova|Otakarova;tertiary;113.9;low;hodnota odvozena ze sloučené hrany – ověřit ručně;;;
1342679083;attr_changed;classification;highway;primary;secondary;Argentinská;secondary;129.9;low;hodnota odvozena ze sloučené hrany – ověřit ručně;;;
1343818272;attr_changed;classification;highway;primary;secondary;Patočkova;secondary;231.1;low;hodnota odvozena ze sloučené hrany – ověřit ručně;;;
1343818273;attr_changed;classification;highway;primary;secondary;Patočkova;secondary;200.6;low;hodnota odvozena ze sloučené hrany – ověřit ručně;;;
1350650118;attr_changed;classification;highway;primary;secondary;Žitná;secondary;193.7;low;hodnota odvozena ze sloučené hrany – ověřit ručně;;;
1351182707;attr_changed;classification;highway;secondary;tertiary;Novodvorská;tertiary;67.9;low;hodnota odvozena ze sloučené hrany – ověřit ručně;;;
1351182715;attr_changed;classification;highway;secondary;tertiary;Novodvorská;tertiary;139.7;low;hodnota odvozena ze sloučené hrany – ověřit ručně;;;
1353795258;attr_changed;classification;highway;secondary;trunk;Aviatická;trunk;94.8;low;hodnota odvozena ze sloučené hrany – ověřit ručně;;;
1363326350;attr_changed;classification;highway;secondary;tertiary;Křesomyslova;tertiary;150.7;low;hodnota odvozena ze sloučené hrany – ověřit ručně;;;
1363329155;attr_changed;classification;highway;secondary;tertiary;Křesomyslova;tertiary;151.0;low;hodnota odvozena ze sloučené hrany – ověřit ručně;;;
1363329156;attr_changed;classification;highway;secondary;tertiary;Křesomyslova;tertiary;150.7;low;hodnota odvozena ze sloučené hrany – ověřit ručně;;;
1368003068;attr_changed;classification;highway;residential|tertiary;residential;Ke Kablu|U Kabelovny;residential;757.3;low;hodnota odvozena ze sloučené hrany – ověřit ručně;;;
1368003069;attr_changed;classification;highway;tertiary;secondary;Rabakovská;secondary;142.8;low;hodnota odvozena ze sloučené hrany – ověřit ručně;;;
1368003072;attr_changed;classification;highway;tertiary;secondary;Ke Kablu;secondary;72.1;low;hodnota odvozena ze sloučené hrany – ověřit ručně;;;
1368003073;attr_changed;classification;highway;tertiary;secondary;Rabakovská;secondary;865.3;low;hodnota odvozena ze sloučené hrany – ověřit ručně;;;
1368003074;attr_changed;classification;highway;tertiary;secondary;Rabakovská;secondary;865.3;low;hodnota odvozena ze sloučené hrany – ověřit ručně;;;
1368003075;attr_changed;classification;highway;tertiary;secondary;Rabakovská;secondary;593.1;low;hodnota odvozena ze sloučené hrany – ověřit ručně;;;
1373015582;attr_changed;classification;highway;trunk;trunk|trunk_link;Jižní spojka;trunk|trunk_link;2829.7;low;hodnota odvozena ze sloučené hrany – ověřit ručně;;;
1374209248;attr_changed;classification;highway;secondary;tertiary;K Horkám;tertiary;283.2;low;hodnota odvozena ze sloučené hrany – ověřit ručně;;;
1374815534;attr_changed;classification;highway;secondary;tertiary;Komořanská;tertiary;125.4;high;;;;
1374815535;attr_changed;classification;highway;secondary;tertiary;Komořanská;tertiary;610.2;low;hodnota odvozena ze sloučené hrany – ověřit ručně;;;
1375712183;attr_changed;classification;highway;secondary;primary;Zenklova;primary;119.4;low;hodnota odvozena ze sloučené hrany – ověřit ručně;;;
1375712184;attr_changed;classification;highway;secondary;primary;Vosmíkových;primary;131.7;low;hodnota odvozena ze sloučené hrany – ověřit ručně;;;
1376124693;attr_changed;classification;highway;secondary;tertiary_link;;tertiary_link;18.9;low;hodnota odvozena ze sloučené hrany – ověřit ručně;;;
1376124695;attr_changed;classification;highway;secondary;tertiary_link;;tertiary_link;32.7;high;;;;
1377255437;attr_changed;classification;highway;secondary;tertiary;Michelská;tertiary;260.4;low;hodnota odvozena ze sloučené hrany – ověřit ručně;;;
1377255438;attr_changed;classification;highway;secondary;tertiary;Michelská;tertiary;260.4;low;hodnota odvozena ze sloučené hrany – ověřit ručně;;;
1377255463;attr_changed;classification;highway;secondary;tertiary;Michelská;tertiary;260.4;low;hodnota odvozena ze sloučené hrany – ověřit ručně;;;
1377255477;attr_changed;classification;highway;secondary;tertiary;Křesomyslova;tertiary;150.7;low;hodnota odvozena ze sloučené hrany – ověřit ručně;;;
1377255478;attr_changed;classification;highway;secondary;secondary|tertiary;Křesomyslova;secondary|tertiary;139.2;low;hodnota odvozena ze sloučené hrany – ověřit ručně;;;
1377255480;attr_changed;classification;highway;secondary;secondary|tertiary;Křesomyslova;secondary|tertiary;139.2;low;hodnota odvozena ze sloučené hrany – ověřit ručně;;;
1377264890;attr_changed;classification;highway;secondary;tertiary;Ryšavého;tertiary;1.1;high;;;;
1377264891;attr_changed;classification;highway;secondary;tertiary;Ryšavého;tertiary;1.6;high;;;;
1377264892;attr_changed;classification;highway;secondary;tertiary;Ryšavého;tertiary;18.8;high;;;;
1377264893;attr_changed;classification;highway;secondary;tertiary;Ryšavého;tertiary;14.7;high;;;;
1377296956;attr_changed;classification;highway;secondary;tertiary;Novodvorská;tertiary;456.1;low;hodnota odvozena ze sloučené hrany – ověřit ručně;;;
1377296957;attr_changed;classification;highway;secondary;tertiary;Zálesí;tertiary;48.4;low;hodnota odvozena ze sloučené hrany – ověřit ručně;;;
1377296961;attr_changed;classification;highway;secondary;tertiary;Modřanská;tertiary;297.3;low;hodnota odvozena ze sloučené hrany – ověřit ručně;;;
1377296963;attr_changed;classification;highway;secondary;secondary|tertiary;Modřanská;secondary|tertiary;487.7;low;hodnota odvozena ze sloučené hrany – ověřit ručně;;;
1377304383;attr_changed;classification;highway;secondary;tertiary;Nové Mlýny;tertiary;67.2;low;hodnota odvozena ze sloučené hrany – ověřit ručně;;;
1377304384;attr_changed;classification;highway;secondary;tertiary;Dvořákovo nábřeží;tertiary;350.8;low;hodnota odvozena ze sloučené hrany – ověřit ručně;;;
1379152217;attr_changed;classification;highway;secondary;tertiary;Rašínovo nábřeží;tertiary;178.6;low;hodnota odvozena ze sloučené hrany – ověřit ručně;;;
1379152221;attr_changed;classification;highway;primary;secondary;Jiráskův most;secondary;57.0;low;hodnota odvozena ze sloučené hrany – ověřit ručně;;;
1380109466;attr_changed;classification;highway;secondary;secondary|trunk;Aviatická;secondary|trunk;115.3;low;hodnota odvozena ze sloučené hrany – ověřit ručně;;;
1380109467;attr_changed;classification;highway;secondary;secondary|trunk;Aviatická;secondary|trunk;115.3;low;hodnota odvozena ze sloučené hrany – ověřit ručně;;;
1380109468;attr_changed;classification;highway;secondary;secondary|trunk;;secondary|trunk;115.1;low;hodnota odvozena ze sloučené hrany – ověřit ručně;;;
1380109469;attr_changed;classification;highway;secondary;secondary|trunk;;secondary|trunk;115.1;low;hodnota odvozena ze sloučené hrany – ověřit ručně;;;
1383984351;attr_changed;classification;highway;living_street;living_street|residential;Granátová;living_street|residential;137.5;low;hodnota odvozena ze sloučené hrany – ověřit ručně;;;
1391783112;attr_changed;classification;highway;secondary;tertiary;Generála Šišky;tertiary;218.1;low;hodnota odvozena ze sloučené hrany – ověřit ručně;;;
1394201833;attr_changed;classification;highway;primary;trunk;Strakonická;trunk;1648.6;low;hodnota odvozena ze sloučené hrany – ověřit ručně;;;
1395188658;attr_changed;classification;highway;secondary;trunk;Aviatická;trunk;105.4;low;hodnota odvozena ze sloučené hrany – ověřit ručně;;;
1395188659;attr_changed;classification;highway;secondary;trunk;Aviatická;trunk;105.4;low;hodnota odvozena ze sloučené hrany – ověřit ručně;;;
1395188660;attr_changed;classification;highway;secondary;trunk;Aviatická;trunk;105.4;low;hodnota odvozena ze sloučené hrany – ověřit ručně;;;
1396150284;attr_changed;classification;highway;secondary;tertiary;Komořanská;tertiary;615.5;low;hodnota odvozena ze sloučené hrany – ověřit ručně;;;
1409426452;attr_changed;classification;highway;primary_link;secondary_link;;secondary_link;238.4;low;hodnota odvozena ze sloučené hrany – ověřit ručně;;;
1409751504;attr_changed;classification;highway;tertiary;residential|tertiary;Opletalova;residential|tertiary;123.2;low;hodnota odvozena ze sloučené hrany – ověřit ručně;;;
1411859700;attr_changed;classification;highway;secondary;tertiary;Vinohradská;tertiary;40.9;high;;;;
1412315025;attr_changed;classification;highway;tertiary;residential;Hybernská;residential;30.4;low;hodnota odvozena ze sloučené hrany – ověřit ručně;;;
1414520818;attr_changed;classification;highway;secondary;tertiary;Libušská;tertiary;158.2;high;;;;
1414520819;attr_changed;classification;highway;secondary;tertiary;Libušská;tertiary;164.1;low;hodnota odvozena ze sloučené hrany – ověřit ručně;;;
1416964990;attr_changed;classification;highway;primary;primary|secondary;Sokolovská;primary|secondary;349.2;low;hodnota odvozena ze sloučené hrany – ověřit ručně;;;
1416964991;attr_changed;classification;highway;primary;primary|secondary;Sokolovská;primary|secondary;349.2;low;hodnota odvozena ze sloučené hrany – ověřit ručně;;;
1416964992;attr_changed;classification;highway;primary;primary|secondary;Sokolovská;primary|secondary;349.2;low;hodnota odvozena ze sloučené hrany – ověřit ručně;;;
1416972688;attr_changed;classification;highway;primary;secondary;Sokolovská;secondary;364.4;low;hodnota odvozena ze sloučené hrany – ověřit ručně;;;
1416972689;attr_changed;classification;highway;primary;secondary;Sokolovská;secondary;364.4;low;hodnota odvozena ze sloučené hrany – ověřit ručně;;;
1416972690;attr_changed;classification;highway;primary;secondary;Sokolovská;secondary;364.4;low;hodnota odvozena ze sloučené hrany – ověřit ručně;;;
1416972691;attr_changed;classification;highway;primary;secondary;Sokolovská;secondary;364.4;low;hodnota odvozena ze sloučené hrany – ověřit ručně;;;
1416972692;attr_changed;classification;highway;primary;secondary;Sokolovská;secondary;154.8;low;hodnota odvozena ze sloučené hrany – ověřit ručně;;;
1418875021;attr_changed;classification;highway;secondary;residential;Křižovnická;residential;114.4;high;;;;
1420428195;attr_changed;classification;highway;secondary;residential;Křižovnická;residential;97.7;low;hodnota odvozena ze sloučené hrany – ověřit ručně;;;
1420726711;attr_changed;classification;highway;secondary;residential;Křižovnická;residential;113.8;high;;;;
1420898382;attr_changed;classification;highway;tertiary;secondary;Hybernská;secondary;10.4;high;;;;
1435853719;attr_changed;classification;highway;secondary;tertiary;Svobodova;tertiary;90.3;low;hodnota odvozena ze sloučené hrany – ověřit ručně;;;
1436708141;attr_changed;classification;highway;secondary;residential;Masarykovo nábřeží;residential;141.4;high;;;;
1436708142;attr_changed;classification;highway;secondary;residential;Masarykovo nábřeží;residential;221.9;low;hodnota odvozena ze sloučené hrany – ověřit ručně;;;
1436708144;attr_changed;classification;highway;secondary;tertiary_link;Masarykovo nábřeží;tertiary_link;9.9;high;;;;
1436925098;attr_changed;classification;highway;secondary;primary;Černokostelecká;primary;791.6;low;hodnota odvozena ze sloučené hrany – ověřit ručně;;;
1441845161;attr_changed;classification;highway;primary_link;trunk_link;;trunk_link;81.9;low;hodnota odvozena ze sloučené hrany – ověřit ručně;;;
1441845162;attr_changed;classification;highway;primary_link;trunk_link;;trunk_link;81.9;low;hodnota odvozena ze sloučené hrany – ověřit ručně;;;
1441887647;attr_changed;classification;highway;primary;secondary;K Barrandovu;secondary;463.7;low;hodnota odvozena ze sloučené hrany – ověřit ručně;;;
1441887648;attr_changed;classification;highway;primary;secondary;K Barrandovu;secondary;702.8;low;hodnota odvozena ze sloučené hrany – ověřit ručně;;;
1441892764;attr_changed;classification;highway;primary;secondary;K Barrandovu;secondary;416.6;low;hodnota odvozena ze sloučené hrany – ověřit ručně;;;
1441900006;attr_changed;classification;highway;secondary;tertiary;Modřanská;tertiary;313.8;low;hodnota odvozena ze sloučené hrany – ověřit ručně;;;
1441900008;attr_changed;classification;highway;secondary;tertiary;Rašínovo nábřeží;tertiary;140.2;low;hodnota odvozena ze sloučené hrany – ověřit ručně;;;
1441900009;attr_changed;classification;highway;secondary;tertiary;Rašínovo nábřeží;tertiary;14.8;low;hodnota odvozena ze sloučené hrany – ověřit ručně;;;
1441900010;attr_changed;classification;highway;secondary;tertiary;Rašínovo nábřeží;tertiary;178.6;low;hodnota odvozena ze sloučené hrany – ověřit ručně;;;
1441900013;attr_changed;classification;highway;secondary;tertiary;Rašínovo nábřeží;tertiary;14.8;low;hodnota odvozena ze sloučené hrany – ověřit ručně;;;
1441900014;attr_changed;classification;highway;tertiary;tertiary_link;;tertiary_link;11.9;low;hodnota odvozena ze sloučené hrany – ověřit ručně;;;
1441900016;attr_changed;classification;highway;secondary;tertiary;Masarykovo nábřeží;tertiary;118.6;low;hodnota odvozena ze sloučené hrany – ověřit ručně;;;
1442132696;attr_changed;classification;highway;secondary;tertiary;Na Strži;tertiary;198.8;low;hodnota odvozena ze sloučené hrany – ověřit ručně;;;
1447418308;attr_changed;classification;highway;tertiary;secondary;Dřevčická;secondary;578.5;low;hodnota odvozena ze sloučené hrany – ověřit ručně;;;
1448149354;attr_changed;classification;highway;primary;primary|secondary;Radlická;primary|secondary;127.4;low;hodnota odvozena ze sloučené hrany – ověřit ručně;;;
1451808937;attr_changed;classification;highway;secondary;tertiary;Podolské nábřeží;tertiary;110.7;low;hodnota odvozena ze sloučené hrany – ověřit ručně;;;
4048701;attr_changed;lanes;lanes;1|2;2;Strakonická;secondary|trunk_link;133.2;low;hodnota odvozena ze sloučené hrany – ověřit ručně;;;
4052180;attr_changed;lanes;lanes;1;1|2;Podolské nábřeží;tertiary;1313.2;low;hodnota odvozena ze sloučené hrany – ověřit ručně;;;
4052705;attr_changed;lanes;lanes;;2;Božanovská;tertiary;69.4;high;;;;
4052960;attr_changed;lanes;lanes;;1;Na Planině|Nová cesta;residential;194.7;low;hodnota odvozena ze sloučené hrany – ověřit ručně;;;
4053172;attr_changed;lanes;lanes;2|3;1;Pod Chodovem;secondary;47.0;low;hodnota odvozena ze sloučené hrany – ověřit ručně;;;
4053428;attr_changed;lanes;lanes;;1;Na Planině|Nová cesta;residential;194.7;low;hodnota odvozena ze sloučené hrany – ověřit ručně;;;
4053452;attr_changed;lanes;lanes;2;1|2;Dobříšská;trunk_link;331.7;low;hodnota odvozena ze sloučené hrany – ověřit ručně;;;
4272669;attr_changed;lanes;lanes;;2;náměstí Osvoboditelů;secondary;104.8;high;;;;
4307843;attr_changed;lanes;lanes;;2;K Mohyle;residential;34.8;low;hodnota odvozena ze sloučené hrany – ověřit ručně;;;
4335554;attr_changed;lanes;lanes;1|2;2;Bělohorská;primary;12.1;low;hodnota odvozena ze sloučené hrany – ověřit ručně;;;
4335618;attr_changed;lanes;lanes;2;1;Ve Smečkách;residential;401.3;low;hodnota odvozena ze sloučené hrany – ověřit ručně;;;
4415022;attr_changed;lanes;lanes;2;1;Lípová;tertiary;74.5;high;;;;
4415237;attr_changed;lanes;lanes;2|4;2|3|4;Záběhlická;tertiary;349.4;low;hodnota odvozena ze sloučené hrany – ověřit ručně;;;
4641262;attr_changed;lanes;lanes;;1;Poupětova;residential;219.1;high;;;;
4672784;attr_changed;lanes;lanes;2;1;Diskařská;residential;128.5;high;;;;
4705750;attr_changed;lanes;lanes;;2;Klánova;tertiary;489.1;high;;;;
4711875;attr_changed;lanes;lanes;;1;Na Bělohorské pláni;residential;85.4;high;;;;
4713288;attr_changed;lanes;lanes;3|4;3;Lahovický most;trunk;475.6;low;hodnota odvozena ze sloučené hrany – ověřit ručně;;;
4713308;attr_changed;lanes;lanes;;2;Matek;tertiary;153.6;high;;;;
4826971;attr_changed;lanes;lanes;;2;Ludvíkova;residential;112.4;high;;;;
4903438;attr_changed;lanes;lanes;;2;Filosofská;tertiary;235.5;high;;;;
4958489;attr_changed;lanes;lanes;1|2;2;;motorway_link;239.1;low;hodnota odvozena ze sloučené hrany – ověřit ručně;;;
8100805;attr_changed;lanes;lanes;;1;Rozýnova;residential;193.3;high;;;;
8361687;attr_changed;lanes;lanes;2;1;Lamačova;tertiary;13.4;high;;;;
8588955;attr_changed;lanes;lanes;;2;Verdunská;residential;118.8;high;;;;
8890660;attr_changed;lanes;lanes;;1;Pelléova;residential;81.2;low;hodnota odvozena ze sloučené hrany – ověřit ručně;;;
9143878;attr_changed;lanes;lanes;;2;Mikulova;residential;59.0;high;;;;
10497169;attr_changed;lanes;lanes;;2;Na Šťáhlavce;tertiary;964.6;high;;;;
11733143;attr_changed;lanes;lanes;;3;Ořešská;tertiary;34.5;high;;;;
11987145;attr_changed;lanes;lanes;;4;Strakova;unclassified;345.8;low;hodnota odvozena ze sloučené hrany – ověřit ručně;;;
12211556;attr_changed;lanes;lanes;1;;Václavské náměstí;residential;82.1;low;hodnota odvozena ze sloučené hrany – ověřit ručně;;;
12241784;attr_changed;lanes;lanes;2|4;2|3|4;Záběhlická;tertiary;349.4;low;hodnota odvozena ze sloučené hrany – ověřit ručně;;;
12543122;attr_changed;lanes;lanes;2|3;;K Austisu;tertiary;1368.3;low;hodnota odvozena ze sloučené hrany – ověřit ručně;;;
13354544;attr_changed;lanes;lanes;1|2;2;;trunk_link;696.4;low;hodnota odvozena ze sloučené hrany – ověřit ručně;;;
16608086;attr_changed;lanes;lanes;;2;;tertiary;57.5;high;;;;
16783900;attr_changed;lanes;lanes;;2;Spořická;tertiary;59.3;high;;;;
16785073;attr_changed;lanes;lanes;;2;Spořická;tertiary;473.4;high;;;;
22015780;attr_changed;lanes;lanes;2;2|3;Ke Krči;tertiary;180.6;low;hodnota odvozena ze sloučené hrany – ověřit ručně;;;
22392298;attr_changed;lanes;lanes;;1;Na Mlejnku;residential;229.6;low;hodnota odvozena ze sloučené hrany – ověřit ručně;;;
22737176;attr_changed;lanes;lanes;;1;;trunk_link;23.1;high;;;;
22737178;attr_changed;lanes;lanes;;1;;trunk_link;42.7;high;;;;
22737182;attr_changed;lanes;lanes;;1;;trunk_link;123.3;high;;;;
22743726;attr_changed;lanes;lanes;3;2|3;Vinohradská;tertiary;140.4;low;hodnota odvozena ze sloučené hrany – ověřit ručně;;;
22756842;attr_changed;lanes;lanes;1|3;1|2|3;;secondary_link;193.4;low;hodnota odvozena ze sloučené hrany – ověřit ručně;;;
23103860;attr_changed;lanes;lanes;;2;Slavětínská;residential;24.8;high;;;;
23119897;attr_changed;lanes;lanes;;2;Brodského;residential;249.7;high;;;;
24245958;attr_changed;lanes;lanes;;1;Novostrašnická|Pelyňková;residential;410.3;low;hodnota odvozena ze sloučené hrany – ověřit ručně;;;
26282804;attr_changed;lanes;lanes;1;;;residential;1371.0;low;hodnota odvozena ze sloučené hrany – ověřit ručně;;;
27272736;attr_changed;lanes;lanes;2;;Ostrovní;residential;47.7;low;hodnota odvozena ze sloučené hrany – ověřit ručně;;;
27367493;attr_changed;lanes;lanes;;2;Nezamyslova;residential;34.1;high;;;;
27745982;attr_changed;lanes;lanes;;2;;tertiary;604.8;low;hodnota odvozena ze sloučené hrany – ověřit ručně;;;
27862375;attr_changed;lanes;lanes;;1;Úvalská;residential;40.3;high;;;;
28499018;attr_changed;lanes;lanes;1|2;2;Pikrtova;residential;19.9;low;hodnota odvozena ze sloučené hrany – ověřit ručně;;;
28817169;attr_changed;lanes;lanes;;1;Raffaelova;residential;13.2;high;;;;
29091768;attr_changed;lanes;lanes;;1;;trunk_link;107.0;high;;;;
29117099;attr_changed;lanes;lanes;;2;Vinohradská;tertiary_link;39.2;low;hodnota odvozena ze sloučené hrany – ověřit ručně;;;
30093493;attr_changed;lanes;lanes;2;1;Lamačova;tertiary;112.7;low;hodnota odvozena ze sloučené hrany – ověřit ručně;;;
30510657;attr_changed;lanes;lanes;;2;Karla Kryla;residential;146.2;high;;;;
31826104;attr_changed;lanes;lanes;;1;náměstí Svatopluka Čecha;residential;165.8;high;;;;
32101294;attr_changed;lanes;lanes;2;2|3;Na Zlíchově;tertiary;228.3;low;hodnota odvozena ze sloučené hrany – ověřit ručně;;;
32394950;attr_changed;lanes;lanes;2;1;Na Petynce;residential;279.6;low;hodnota odvozena ze sloučené hrany – ověřit ručně;;;
32516463;attr_changed;lanes;lanes;2|3;2;Národních hrdinů;residential;38.1;low;hodnota odvozena ze sloučené hrany – ověřit ručně;;;
32787462;attr_changed;lanes;lanes;;1;Tolstého;residential;102.0;high;;;;
32843669;attr_changed;lanes;lanes;;2;Vaníčkova;secondary;41.9;high;;;;
32847944;attr_changed;lanes;lanes;;2;Jordánská;tertiary;566.4;high;;;;
33435043;attr_changed;lanes;lanes;;2;K Letišti|U Letiště;residential;905.8;low;hodnota odvozena ze sloučené hrany – ověřit ručně;;;
33719062;attr_changed;lanes;lanes;;2;Na Ořechovce;tertiary;332.6;high;;;;
33783732;attr_changed;lanes;lanes;;2;Slévačská;tertiary;69.0;low;hodnota odvozena ze sloučené hrany – ověřit ručně;;;
33899175;attr_changed;lanes;lanes;;2;Ovenecká;residential;101.5;low;hodnota odvozena ze sloučené hrany – ověřit ručně;;;
34179323;attr_changed;lanes;lanes;;2;Roztocká;secondary;887.7;high;;;;
34179324;attr_changed;lanes;lanes;;2;Roztocká;secondary;184.9;low;hodnota odvozena ze sloučené hrany – ověřit ručně;;;
35825095;attr_changed;lanes;lanes;2;1;Lípová;tertiary;74.1;high;;;;
36271655;attr_changed;lanes;lanes;;2;Spořická|Čimická;tertiary;420.2;low;hodnota odvozena ze sloučené hrany – ověřit ručně;;;
36271682;attr_changed;lanes;lanes;;2;Spořická|Čimická;tertiary;420.2;low;hodnota odvozena ze sloučené hrany – ověřit ručně;;;
39524015;attr_changed;lanes;lanes;2|3;1;Ocelkova;tertiary;51.6;low;hodnota odvozena ze sloučené hrany – ověřit ručně;;;
40029823;attr_changed;lanes;lanes;1;1|2;;motorway_link;129.0;low;hodnota odvozena ze sloučené hrany – ověřit ručně;;;
40029825;attr_changed;lanes;lanes;1;1|2;;motorway_link;129.0;low;hodnota odvozena ze sloučené hrany – ověřit ručně;;;
40314843;attr_changed;lanes;lanes;3;2|3;Na Šťáhlavce|náměstí Na Santince;tertiary;134.5;low;hodnota odvozena ze sloučené hrany – ověřit ručně;;;
40432916;attr_changed;lanes;lanes;2;1|2;Vršovická;secondary;226.3;low;hodnota odvozena ze sloučené hrany – ověřit ručně;;;
42083118;attr_changed;lanes;lanes;2|3|4;2|3;Aviatická;trunk;136.5;low;hodnota odvozena ze sloučené hrany – ověřit ručně;;;
42083124;attr_changed;lanes;lanes;2|3|4;2|3;Aviatická;trunk;136.5;low;hodnota odvozena ze sloučené hrany – ověřit ručně;;;
48056113;attr_changed;lanes;lanes;;2;Bezová;residential;183.5;low;hodnota odvozena ze sloučené hrany – ověřit ručně;;;
48056115;attr_changed;lanes;lanes;;2;Bezová;residential;183.5;low;hodnota odvozena ze sloučené hrany – ověřit ručně;;;
60857676;attr_changed;lanes;lanes;;2;K Cementárně|Pod Klapicí;secondary;170.2;low;hodnota odvozena ze sloučené hrany – ověřit ručně;;;
60857678;attr_changed;lanes;lanes;;2;K Cementárně|Pod Klapicí;secondary;170.2;low;hodnota odvozena ze sloučené hrany – ověřit ručně;;;
61954353;attr_changed;lanes;lanes;;2;;residential;48.8;high;;;;
75720901;attr_changed;lanes;lanes;;2;Podzámecká;residential;10.6;high;;;;
75720902;attr_changed;lanes;lanes;;2;Lupenická;residential;41.4;high;;;;
76506988;attr_changed;lanes;lanes;;2;Raichlova;residential;172.7;low;hodnota odvozena ze sloučené hrany – ověřit ručně;;;
76584950;attr_changed;lanes;lanes;;2;Na Baních;tertiary;678.2;high;;;;
78656509;attr_changed;lanes;lanes;1|2;1|2|3;Chilská;secondary;385.7;low;hodnota odvozena ze sloučené hrany – ověřit ručně;;;
79264113;attr_changed;lanes;lanes;3;2|3;U Santošky;tertiary;128.2;low;hodnota odvozena ze sloučené hrany – ověřit ručně;;;
79570251;attr_changed;lanes;lanes;;2;Komořanská;tertiary;41.1;high;;;;
81888316;attr_changed;lanes;lanes;;2;Na Hřebenkách;residential;14.3;high;;;;
84057165;attr_changed;lanes;lanes;;1;;trunk_link;75.2;high;;;;
84057179;attr_changed;lanes;lanes;;1;;trunk_link;48.3;high;;;;
85337050;attr_changed;lanes;lanes;1|2|3;2|3;Lodžská;tertiary;107.4;low;hodnota odvozena ze sloučené hrany – ověřit ručně;;;
85407600;attr_changed;lanes;lanes;;2;K Cementárně|Pod Klapicí;secondary;170.2;low;hodnota odvozena ze sloučené hrany – ověřit ručně;;;
87004198;attr_changed;lanes;lanes;;1;Ostrovského;residential;126.9;high;;;;
88375321;attr_changed;lanes;lanes;;1;;primary_link;37.6;high;;;;
88375323;attr_changed;lanes;lanes;;1;;trunk_link;32.5;high;;;;
92542276;attr_changed;lanes;lanes;2;2|3;Poncarova;secondary;385.8;low;hodnota odvozena ze sloučené hrany – ověřit ručně;;;
93707867;attr_changed;lanes;lanes;;2;Na Ořechovce;tertiary;104.8;high;;;;
100626640;attr_changed;lanes;lanes;;1;;trunk_link;24.1;high;;;;
100626649;attr_changed;lanes;lanes;;2;;trunk_link;76.8;high;;;;
102777195;attr_changed;lanes;lanes;;2;Zderazská;secondary;852.8;high;;;;
102777203;attr_changed;lanes;lanes;;2;Zderazská;secondary;1396.5;low;hodnota odvozena ze sloučené hrany – ověřit ručně;;;
108640867;attr_changed;lanes;lanes;;2;Božanovská;tertiary;228.8;low;hodnota odvozena ze sloučené hrany – ověřit ručně;;;
108640871;attr_changed;lanes;lanes;;2;Božanovská;tertiary;12.9;low;hodnota odvozena ze sloučené hrany – ověřit ručně;;;
109248222;attr_changed;lanes;lanes;2;2|3;Resslova;secondary;145.6;low;hodnota odvozena ze sloučené hrany – ověřit ručně;;;
109248223;attr_changed;lanes;lanes;2;2|3;Resslova;secondary;145.6;low;hodnota odvozena ze sloučené hrany – ověřit ručně;;;
114314612;attr_changed;lanes;lanes;;3;Na Rozcestí;residential;20.4;high;;;;
114717625;attr_changed;lanes;lanes;;2;Na Žertvách|U Balabenky;living_street|residential;119.6;low;hodnota odvozena ze sloučené hrany – ověřit ručně;;;
118317653;attr_changed;lanes;lanes;2;1|2;Otakarova|Vršovická;secondary|tertiary;155.0;low;hodnota odvozena ze sloučené hrany – ověřit ručně;;;
118322537;attr_changed;lanes;lanes;;2;Albertov;residential;317.3;high;;;;
118322541;attr_changed;lanes;lanes;2;2|3;Vyšehradská;tertiary;68.8;low;hodnota odvozena ze sloučené hrany – ověřit ručně;;;
118387931;attr_changed;lanes;lanes;1|2;2;Zenklova;secondary;111.3;low;hodnota odvozena ze sloučené hrany – ověřit ručně;;;
121243360;attr_changed;lanes;lanes;4;3;Ječná;secondary;57.9;low;hodnota odvozena ze sloučené hrany – ověřit ručně;;;
121249693;attr_changed;lanes;lanes;1|3;1|2|3;;secondary_link;193.4;low;hodnota odvozena ze sloučené hrany – ověřit ručně;;;
126222442;attr_changed;lanes;lanes;2;1|2;Vršovická;secondary;226.3;low;hodnota odvozena ze sloučené hrany – ověřit ručně;;;
126262424;attr_changed;lanes;lanes;;2;Na Hřebenkách;residential;170.5;high;;;;
126328806;attr_changed;lanes;lanes;;2;Pod Klapicí;secondary;42.6;high;;;;
126328807;attr_changed;lanes;lanes;;2;Pod Klapicí;secondary;98.6;high;;;;
127665807;attr_changed;lanes;lanes;2|4;2|3|4;Záběhlická;tertiary;349.4;low;hodnota odvozena ze sloučené hrany – ověřit ručně;;;
128351977;attr_changed;lanes;lanes;2|3;2;náměstí Jiřího z Poděbrad;tertiary;49.6;low;hodnota odvozena ze sloučené hrany – ověřit ručně;;;
128352005;attr_changed;lanes;lanes;1;;Václavské náměstí;residential;5.2;low;hodnota odvozena ze sloučené hrany – ověřit ručně;;;
128493336;attr_changed;lanes;lanes;2;1|2;Vršovická;secondary;226.3;low;hodnota odvozena ze sloučené hrany – ověřit ručně;;;
128524953;attr_changed;lanes;lanes;1;;Výmolova;residential;172.6;low;hodnota odvozena ze sloučené hrany – ověřit ručně;;;
128531356;attr_changed;lanes;lanes;;1;Na Bělohorské pláni;residential;79.0;low;hodnota odvozena ze sloučené hrany – ověřit ručně;;;
128722535;attr_changed;lanes;lanes;2|3;2;Rohanské nábřeží;secondary;568.2;low;hodnota odvozena ze sloučené hrany – ověřit ručně;;;
128914710;attr_changed;lanes;lanes;;2;Roztocká;secondary;423.8;low;hodnota odvozena ze sloučené hrany – ověřit ručně;;;
128914711;attr_changed;lanes;lanes;;2;Roztocká;secondary;184.9;low;hodnota odvozena ze sloučené hrany – ověřit ručně;;;
128914713;attr_changed;lanes;lanes;;2;U Silnice;residential;33.2;high;;;;
129137184;attr_changed;lanes;lanes;;1;Novostrašnická|Pelyňková;residential;410.3;low;hodnota odvozena ze sloučené hrany – ověřit ručně;;;
129137188;attr_changed;lanes;lanes;;1;Novostrašnická|Pelyňková;residential;410.3;low;hodnota odvozena ze sloučené hrany – ověřit ručně;;;
129798694;attr_changed;lanes;lanes;;2;Na Baních;tertiary;682.3;high;;;;
129844885;attr_changed;lanes;lanes;1|2;2;;motorway_link;239.1;low;hodnota odvozena ze sloučené hrany – ověřit ručně;;;
131630479;attr_changed;lanes;lanes;;1;Bezová;residential;159.1;high;;;;
131630482;attr_changed;lanes;lanes;;2;Ke Krči;tertiary;207.2;high;;;;
132320046;attr_changed;lanes;lanes;;1;Národní obrany;residential;89.4;high;;;;
132320050;attr_changed;lanes;lanes;2|3;2;Studentská;residential;15.0;low;hodnota odvozena ze sloučené hrany – ověřit ručně;;;
132320051;attr_changed;lanes;lanes;2|3;2;Studentská;residential;178.8;low;hodnota odvozena ze sloučené hrany – ověřit ručně;;;
133626180;attr_changed;lanes;lanes;;2;Bělehradská;tertiary;123.9;low;hodnota odvozena ze sloučené hrany – ověřit ručně;;;
133626181;attr_changed;lanes;lanes;;2;Bělehradská;tertiary;173.3;low;hodnota odvozena ze sloučené hrany – ověřit ručně;;;
133626182;attr_changed;lanes;lanes;;2;Bělehradská;tertiary;297.3;low;hodnota odvozena ze sloučené hrany – ověřit ručně;;;
134508655;attr_changed;lanes;lanes;;3;;trunk_link;28.7;high;;;;
135000742;attr_changed;lanes;lanes;2;;Na Parukářce;residential;57.9;low;hodnota odvozena ze sloučené hrany – ověřit ručně;;;
135000758;attr_changed;lanes;lanes;2;1;Sportovní|Vršovické náměstí;tertiary;41.2;low;hodnota odvozena ze sloučené hrany – ověřit ručně;;;
135172272;attr_changed;lanes;lanes;2;1;Pražského;tertiary;50.8;low;hodnota odvozena ze sloučené hrany – ověřit ručně;;;
135172280;attr_changed;lanes;lanes;2;3;Slavínského;residential;26.6;high;;;;
135631958;attr_changed;lanes;lanes;2;1;Diskařská;residential;7.5;high;;;;
135631964;attr_changed;lanes;lanes;;2;Vaníčkova;secondary;18.5;high;;;;
135706524;attr_changed;lanes;lanes;1|2;2;Počernická;tertiary;148.5;low;hodnota odvozena ze sloučené hrany – ověřit ručně;;;
137819676;attr_changed;lanes;lanes;2|3;1;Ocelkova;tertiary;51.6;low;hodnota odvozena ze sloučené hrany – ověřit ručně;;;
139193169;attr_changed;lanes;lanes;;2;Na Hřebenkách;residential;249.7;high;;;;
139667256;attr_changed;lanes;lanes;;2;Karla Kryla;residential;374.5;high;;;;
140304142;attr_changed;lanes;lanes;1;2;náměstí Hrdinů;tertiary;48.7;low;hodnota odvozena ze sloučené hrany – ověřit ručně;;;
141951035;attr_changed;lanes;lanes;2;2|3;Ke Krči;tertiary;343.7;low;hodnota odvozena ze sloučené hrany – ověřit ručně;;;
142147144;attr_changed;lanes;lanes;2;1|2;Jana Želivského;secondary;124.9;low;hodnota odvozena ze sloučené hrany – ověřit ručně;;;
142269679;attr_changed;lanes;lanes;2;2|3;Na Petynce;residential;479.0;low;hodnota odvozena ze sloučené hrany – ověřit ručně;;;
143952415;attr_changed;lanes;lanes;2|3;1;Ocelkova;tertiary;57.9;low;hodnota odvozena ze sloučené hrany – ověřit ručně;;;
149705109;attr_changed;lanes;lanes;;2;Za černým mostem;tertiary;110.1;low;hodnota odvozena ze sloučené hrany – ověřit ručně;;;
149705112;attr_changed;lanes;lanes;;2;Za černým mostem;residential;16.7;high;;;;
150519934;attr_changed;lanes;lanes;1|2;1|2|3;Chilská;secondary;385.7;low;hodnota odvozena ze sloučené hrany – ověřit ručně;;;
150519935;attr_changed;lanes;lanes;1|2;1|2|3;Chilská;secondary;385.7;low;hodnota odvozena ze sloučené hrany – ověřit ručně;;;
150691243;attr_changed;lanes;lanes;1|2;1;;motorway_link;277.3;low;hodnota odvozena ze sloučené hrany – ověřit ručně;;;
159964287;attr_changed;lanes;lanes;2|3;2;Na Pankráci;tertiary;174.2;low;hodnota odvozena ze sloučené hrany – ověřit ručně;;;
160029029;attr_changed;lanes;lanes;3;3|4;Čimická;tertiary;245.4;low;hodnota odvozena ze sloučené hrany – ověřit ručně;;;
164184207;attr_changed;lanes;lanes;2;1;;secondary_link;16.5;high;;;;
164449122;attr_changed;lanes;lanes;;2;Spořická|Čimická;tertiary;420.2;low;hodnota odvozena ze sloučené hrany – ověřit ručně;;;
169309818;attr_changed;lanes;lanes;1|2;1|2|3;Pražská|Ústecká;secondary;2290.5;low;hodnota odvozena ze sloučené hrany – ověřit ručně;;;
171237904;attr_changed;lanes;lanes;;2;Na Žertvách|U Balabenky;living_street|residential;119.6;low;hodnota odvozena ze sloučené hrany – ověřit ručně;;;
172969554;attr_changed;lanes;lanes;;2;Budovatelská;tertiary;174.2;low;hodnota odvozena ze sloučené hrany – ověřit ručně;;;
172969555;attr_changed;lanes;lanes;;2;Budovatelská;tertiary;181.3;low;hodnota odvozena ze sloučené hrany – ověřit ručně;;;
172969556;attr_changed;lanes;lanes;;2;Budovatelská;tertiary;174.2;low;hodnota odvozena ze sloučené hrany – ověřit ručně;;;
173043412;attr_changed;lanes;lanes;2|3;3;Vítězné náměstí;primary;30.7;low;hodnota odvozena ze sloučené hrany – ověřit ručně;;;
173203266;attr_changed;lanes;lanes;2;;Na Parukářce;residential;57.9;low;hodnota odvozena ze sloučené hrany – ověřit ručně;;;
173231209;attr_changed;lanes;lanes;;2;U Nemocnice;residential;9.0;high;;;;
173408054;attr_changed;lanes;lanes;;2;Komořanská;tertiary;176.2;low;hodnota odvozena ze sloučené hrany – ověřit ručně;;;
174303354;attr_changed;lanes;lanes;2|3;3;Ocelkova;tertiary;24.5;low;hodnota odvozena ze sloučené hrany – ověřit ručně;;;
175799476;attr_changed;lanes;lanes;1;1|2;náměstí Hrdinů;secondary_link;91.7;low;hodnota odvozena ze sloučené hrany – ověřit ručně;;;
177921368;attr_changed;lanes;lanes;;2;Karla Kryla;residential;68.6;low;hodnota odvozena ze sloučené hrany – ověřit ručně;;;
180964439;attr_changed;lanes;lanes;;2;Na Slupi|Svobodova;tertiary;38.7;low;hodnota odvozena ze sloučené hrany – ověřit ručně;;;
180964448;attr_changed;lanes;lanes;2;;Svobodova;tertiary;45.7;low;hodnota odvozena ze sloučené hrany – ověřit ručně;;;
183167788;attr_changed;lanes;lanes;1;1|2;náměstí Hrdinů;secondary_link;91.7;low;hodnota odvozena ze sloučené hrany – ověřit ručně;;;
189614050;attr_changed;lanes;lanes;2|4;2|3|4;Záběhlická;tertiary;349.4;low;hodnota odvozena ze sloučené hrany – ověřit ručně;;;
189614051;attr_changed;lanes;lanes;2|4;2|3|4;Záběhlická;tertiary;349.4;low;hodnota odvozena ze sloučené hrany – ověřit ručně;;;
190907698;attr_changed;lanes;lanes;1|2;1;;trunk_link;289.4;low;hodnota odvozena ze sloučené hrany – ověřit ručně;;;
197261770;attr_changed;lanes;lanes;2;2|3|4;;tertiary;278.7;low;hodnota odvozena ze sloučené hrany – ověřit ručně;;;
198313707;attr_changed;lanes;lanes;;1|2;Křesomyslova;tertiary;151.0;low;hodnota odvozena ze sloučené hrany – ověřit ručně;;;
208405151;attr_changed;lanes;lanes;;2;Hlubočepská;living_street|tertiary;337.0;low;hodnota odvozena ze sloučené hrany – ověřit ručně;;;
213888731;attr_changed;lanes;lanes;1|2;1;;trunk_link;289.4;low;hodnota odvozena ze sloučené hrany – ověřit ručně;;;
218781051;attr_changed;lanes;lanes;2|3;3|4;Legerova;secondary;236.1;low;hodnota odvozena ze sloučené hrany – ověřit ručně;;;
218904561;attr_changed;lanes;lanes;;2;Za černým mostem;residential;267.8;high;;;;
218904562;attr_changed;lanes;lanes;;2;Za černým mostem;tertiary;75.4;high;;;;
219695627;attr_changed;lanes;lanes;2;2|3;K Řeporyjím;tertiary;78.4;low;hodnota odvozena ze sloučené hrany – ověřit ručně;;;
229210342;attr_changed;lanes;lanes;;2;Cíglerova;tertiary;11.3;high;;;;
239571513;attr_changed;lanes;lanes;;1;Karoliny Světlé;residential;60.8;low;hodnota odvozena ze sloučené hrany – ověřit ručně;;;
239807724;attr_changed;lanes;lanes;2;2|3;Poncarova;secondary;807.6;low;hodnota odvozena ze sloučené hrany – ověřit ručně;;;
239807725;attr_changed;lanes;lanes;2;2|3;Poncarova;secondary;807.6;low;hodnota odvozena ze sloučené hrany – ověřit ručně;;;
242923297;attr_changed;lanes;lanes;;3;K Třebonicům;tertiary;122.4;low;hodnota odvozena ze sloučené hrany – ověřit ručně;;;
242923302;attr_changed;lanes;lanes;2;2|3;K Řeporyjím;tertiary;78.4;low;hodnota odvozena ze sloučené hrany – ověřit ručně;;;
255619329;attr_changed;lanes;lanes;1|2;1|2|3;Chilská;secondary;385.7;low;hodnota odvozena ze sloučené hrany – ověřit ručně;;;
262025821;attr_changed;lanes;lanes;;2;Poncarova;secondary;175.2;low;hodnota odvozena ze sloučené hrany – ověřit ručně;;;
262716017;attr_changed;lanes;lanes;;2;Slavětínská;residential;103.5;low;hodnota odvozena ze sloučené hrany – ověřit ručně;;;
262716018;attr_changed;lanes;lanes;;1;Slavětínská;residential;62.7;low;hodnota odvozena ze sloučené hrany – ověřit ručně;;;
276330343;attr_changed;lanes;lanes;2;2|3;Vídeňská;secondary;788.4;low;hodnota odvozena ze sloučené hrany – ověřit ručně;;;
281464491;attr_changed;lanes;lanes;2;2|3;Jeremiášova;secondary;442.2;low;hodnota odvozena ze sloučené hrany – ověřit ručně;;;
281464492;attr_changed;lanes;lanes;2|3;2;Jeremiášova;secondary;361.8;low;hodnota odvozena ze sloučené hrany – ověřit ručně;;;
294991306;attr_changed;lanes;lanes;2;2|3;Poncarova;secondary;807.6;low;hodnota odvozena ze sloučené hrany – ověřit ručně;;;
294991307;attr_changed;lanes;lanes;2;2|3;Poncarova;secondary;807.6;low;hodnota odvozena ze sloučené hrany – ověřit ručně;;;
294992032;attr_changed;lanes;lanes;2;2|3;Poncarova;secondary;807.6;low;hodnota odvozena ze sloučené hrany – ověřit ručně;;;
306741885;attr_changed;lanes;lanes;1;;Václavské náměstí;residential;82.1;low;hodnota odvozena ze sloučené hrany – ověřit ručně;;;
310957902;attr_changed;lanes;lanes;2;1|2;Dobříšská;trunk_link;331.7;low;hodnota odvozena ze sloučené hrany – ověřit ručně;;;
312313736;attr_changed;lanes;lanes;1|2;2;;trunk_link;696.4;low;hodnota odvozena ze sloučené hrany – ověřit ručně;;;
312833290;attr_changed;lanes;lanes;1|2;2;;trunk_link;696.4;low;hodnota odvozena ze sloučené hrany – ověřit ručně;;;
320586072;attr_changed;lanes;lanes;2;;Diskařská;unclassified;279.4;high;;;;
330417274;attr_changed;lanes;lanes;1|2;1;Lodžská;tertiary;367.8;low;hodnota odvozena ze sloučené hrany – ověřit ručně;;;
333131923;attr_changed;lanes;lanes;4;3;Ječná;secondary;57.9;low;hodnota odvozena ze sloučené hrany – ověřit ručně;;;
335024354;attr_changed;lanes;lanes;3;2|3;Lípová;tertiary;129.8;low;hodnota odvozena ze sloučené hrany – ověřit ručně;;;
340243819;attr_changed;lanes;lanes;2;1|2;Křesomyslova;tertiary;151.0;low;hodnota odvozena ze sloučené hrany – ověřit ručně;;;
345621885;attr_changed;lanes;lanes;3;2|3;Lípová;tertiary;129.8;low;hodnota odvozena ze sloučené hrany – ověřit ručně;;;
345621901;attr_changed;lanes;lanes;2;1;Ve Smečkách;residential;401.3;low;hodnota odvozena ze sloučené hrany – ověřit ručně;;;
351705507;attr_changed;lanes;lanes;2|3;1;Roztylská;secondary;61.1;low;hodnota odvozena ze sloučené hrany – ověřit ručně;;;
357545479;attr_changed;lanes;lanes;2;2|3;Hornoměcholupská;tertiary;318.2;low;hodnota odvozena ze sloučené hrany – ověřit ručně;;;
361829604;attr_changed;lanes;lanes;;2;Broumarská;tertiary;134.6;high;;;;
363523251;attr_changed;lanes;lanes;;2;Svobodova;tertiary;15.6;high;;;;
363892964;attr_changed;lanes;lanes;;2;Na Farkáně Ⅰ;residential;99.5;high;;;;
371699736;attr_changed;lanes;lanes;;2;Božanovská;tertiary;66.5;high;;;;
377107377;attr_changed;lanes;lanes;2|3|4;3|4;Aviatická;trunk;145.2;low;hodnota odvozena ze sloučené hrany – ověřit ručně;;;
413373572;attr_changed;lanes;lanes;;2;Velimská;residential;82.6;low;hodnota odvozena ze sloučené hrany – ověřit ručně;;;
416337079;attr_changed;lanes;lanes;;2;Bryksova;residential;13.8;high;;;;
416353285;attr_changed;lanes;lanes;;2;Božanovská;tertiary;70.6;high;;;;
420227049;attr_changed;lanes;lanes;3;2|3;U Santošky;tertiary;85.0;low;hodnota odvozena ze sloučené hrany – ověřit ručně;;;
426092544;attr_changed;lanes;lanes;;2;Hostivařská;residential;136.1;high;;;;
433552288;attr_changed;lanes;lanes;;4;Strakova;unclassified;345.8;low;hodnota odvozena ze sloučené hrany – ověřit ručně;;;
433552291;attr_changed;lanes;lanes;;4;Strakova;unclassified;345.8;low;hodnota odvozena ze sloučené hrany – ověřit ručně;;;
444832049;attr_changed;lanes;lanes;3;2|3;Českomoravská;primary;181.8;low;hodnota odvozena ze sloučené hrany – ověřit ručně;;;
448873017;attr_changed;lanes;lanes;2;;Albíny Hochové;residential;184.1;low;hodnota odvozena ze sloučené hrany – ověřit ručně;;;
475292003;attr_changed;lanes;lanes;2|3|4;2|3;Aviatická;trunk;136.5;low;hodnota odvozena ze sloučené hrany – ověřit ručně;;;
475314146;attr_changed;lanes;lanes;2|3|4;2|3;Aviatická;trunk;136.5;low;hodnota odvozena ze sloučené hrany – ověřit ručně;;;
475401583;attr_changed;lanes;lanes;;3;Lýskova;residential;31.0;high;;;;
475410504;attr_changed;lanes;lanes;2|3;3|4;Jeremiášova;secondary;230.9;low;hodnota odvozena ze sloučené hrany – ověřit ručně;;;
475410505;attr_changed;lanes;lanes;2;2|3;Jeremiášova;secondary;329.3;low;hodnota odvozena ze sloučené hrany – ověřit ručně;;;
475410506;attr_changed;lanes;lanes;2|3;3|4;Jeremiášova;secondary;230.9;low;hodnota odvozena ze sloučené hrany – ověřit ručně;;;
478323700;attr_changed;lanes;lanes;2;2|3;Šárecká;tertiary;104.1;low;hodnota odvozena ze sloučené hrany – ověřit ručně;;;
481376403;attr_changed;lanes;lanes;;3;Ořešská;tertiary;48.4;high;;;;
481376414;attr_changed;lanes;lanes;;1;;motorway_link;49.5;high;;;;
481380652;attr_changed;lanes;lanes;;2;Poncarova;secondary;794.7;high;;;;
482088181;attr_changed;lanes;lanes;;2;Na Pískách;tertiary;133.1;low;hodnota odvozena ze sloučené hrany – ověřit ručně;;;
484825021;attr_changed;lanes;lanes;2;1;Ve Smečkách;residential;401.3;low;hodnota odvozena ze sloučené hrany – ověřit ručně;;;
488203022;attr_changed;lanes;lanes;2;1;Na Poříčí;residential;126.6;high;;;;
490713054;attr_changed;lanes;lanes;2;2|3;Šárecká;tertiary;104.1;low;hodnota odvozena ze sloučené hrany – ověřit ručně;;;
492985973;attr_changed;lanes;lanes;1|2;2;Strakonická;secondary|trunk_link;133.2;low;hodnota odvozena ze sloučené hrany – ověřit ručně;;;
498862791;attr_changed;lanes;lanes;2|3;2;Lovosická;tertiary;150.4;low;hodnota odvozena ze sloučené hrany – ověřit ručně;;;
498862793;attr_changed;lanes;lanes;2|3;2;Lovosická;tertiary;150.4;low;hodnota odvozena ze sloučené hrany – ověřit ručně;;;
498952950;attr_changed;lanes;lanes;1|2|3;2;Strakonická;secondary;1145.3;low;hodnota odvozena ze sloučené hrany – ověřit ručně;;;
500914352;attr_changed;lanes;lanes;2|3;2;Strakonická;secondary;330.7;low;hodnota odvozena ze sloučené hrany – ověřit ručně;;;
506415043;attr_changed;lanes;lanes;3;3|4;Jižní spojka;trunk;276.7;low;hodnota odvozena ze sloučené hrany – ověřit ručně;;;
508290785;attr_changed;lanes;lanes;1|2;1;;motorway_link;277.3;low;hodnota odvozena ze sloučené hrany – ověřit ručně;;;
508290786;attr_changed;lanes;lanes;1|2;1;;trunk_link;289.4;low;hodnota odvozena ze sloučené hrany – ověřit ručně;;;
508290787;attr_changed;lanes;lanes;1|2;1;;trunk_link;289.4;low;hodnota odvozena ze sloučené hrany – ověřit ručně;;;
510084526;attr_changed;lanes;lanes;;1;Donatellova;residential;23.3;high;;;;
518117652;attr_changed;lanes;lanes;;2;Na Žertvách|U Balabenky;living_street|residential;119.6;low;hodnota odvozena ze sloučené hrany – ověřit ručně;;;
520583493;attr_changed;lanes;lanes;2|3|4;2|3;Aviatická;trunk;136.5;low;hodnota odvozena ze sloučené hrany – ověřit ručně;;;
520583496;attr_changed;lanes;lanes;2|3|4;3|4;Aviatická;trunk;145.2;low;hodnota odvozena ze sloučené hrany – ověřit ručně;;;
521531705;attr_changed;lanes;lanes;1;1|2|3;Podolské nábřeží;tertiary;1247.6;low;hodnota odvozena ze sloučené hrany – ověřit ručně;;;
526264422;attr_changed;lanes;lanes;;2;Na Ořechovce;tertiary;329.1;high;;;;
528863240;attr_changed;lanes;lanes;2;2|3;Mírového hnutí;tertiary;493.4;low;hodnota odvozena ze sloučené hrany – ověřit ručně;;;
544640521;attr_changed;lanes;lanes;;2;Michelská;tertiary;32.4;high;;;;
546278743;attr_changed;lanes;lanes;;2;Svobodova;tertiary;32.6;low;hodnota odvozena ze sloučené hrany – ověřit ručně;;;
550734474;attr_changed;lanes;lanes;2;2|3;Hornoměcholupská;tertiary;318.2;low;hodnota odvozena ze sloučené hrany – ověřit ručně;;;
550734475;attr_changed;lanes;lanes;2;2|3;Hornoměcholupská;tertiary;318.2;low;hodnota odvozena ze sloučené hrany – ověřit ručně;;;
554135571;attr_changed;lanes;lanes;3;3|4;Čimická;tertiary;245.4;low;hodnota odvozena ze sloučené hrany – ověřit ručně;;;
559429583;attr_changed;lanes;lanes;4|5;2|3;Štěrboholská spojka;trunk;1909.2;low;hodnota odvozena ze sloučené hrany – ověřit ručně;;;
586685712;attr_changed;lanes;lanes;;2;Antala Staška;tertiary;292.1;high;;;;
591004270;attr_changed;lanes;lanes;;2;Kamýcká;secondary;189.1;high;;;;
591366476;attr_changed;lanes;lanes;;1;Lamačova;tertiary;13.1;high;;;;
591558525;attr_changed;lanes;lanes;;2;Na Pískách;tertiary;133.1;low;hodnota odvozena ze sloučené hrany – ověřit ručně;;;
591883565;attr_changed;lanes;lanes;;2;Na Baních;tertiary;321.3;low;hodnota odvozena ze sloučené hrany – ověřit ručně;;;
591897916;attr_changed;lanes;lanes;;1;Lamačova;tertiary;8.3;high;;;;
592197251;attr_changed;lanes;lanes;;2;Komořanská;tertiary;176.2;low;hodnota odvozena ze sloučené hrany – ověřit ručně;;;
593474007;attr_changed;lanes;lanes;;2;Božanovská;tertiary;204.4;high;;;;
593546516;attr_changed;lanes;lanes;;2;Veselská;tertiary;62.2;low;hodnota odvozena ze sloučené hrany – ověřit ručně;;;
593546517;attr_changed;lanes;lanes;1|2;1|2|3;Chilská;secondary;385.7;low;hodnota odvozena ze sloučené hrany – ověřit ručně;;;
616085308;attr_changed;lanes;lanes;2|3;2;Aviatická;trunk;132.3;low;hodnota odvozena ze sloučené hrany – ověřit ručně;;;
616085316;attr_changed;lanes;lanes;2|3;2;Aviatická;trunk;132.3;low;hodnota odvozena ze sloučené hrany – ověřit ručně;;;
620350093;attr_changed;lanes;lanes;2;1;Lamačova;tertiary;13.1;high;;;;
621320715;attr_changed;lanes;lanes;4|5;2|3;Štěrboholská spojka;trunk;1909.2;low;hodnota odvozena ze sloučené hrany – ověřit ručně;;;
646005290;attr_changed;lanes;lanes;;1;Pelléova;residential;81.2;low;hodnota odvozena ze sloučené hrany – ověřit ručně;;;
646005291;attr_changed;lanes;lanes;;1;Pelléova;residential;81.2;low;hodnota odvozena ze sloučené hrany – ověřit ručně;;;
653921027;attr_changed;lanes;lanes;;1;Na Bělohorské pláni;residential;79.0;low;hodnota odvozena ze sloučené hrany – ověřit ručně;;;
713950350;attr_changed;lanes;lanes;2;1|2;Vršovická;secondary;226.3;low;hodnota odvozena ze sloučené hrany – ověřit ručně;;;
751243447;attr_changed;lanes;lanes;3|4;3;Lahovický most;trunk;475.6;low;hodnota odvozena ze sloučené hrany – ověřit ručně;;;
761320182;attr_changed;lanes;lanes;4|5;2|3;Štěrboholská spojka;trunk;1909.2;low;hodnota odvozena ze sloučené hrany – ověřit ručně;;;
761320183;attr_changed;lanes;lanes;3;2|3;Štěrboholská spojka;trunk;1909.2;low;hodnota odvozena ze sloučené hrany – ověřit ručně;;;
762472210;attr_changed;lanes;lanes;2;1;Na Výrovně;residential;58.7;low;hodnota odvozena ze sloučené hrany – ověřit ručně;;;
764382009;attr_changed;lanes;lanes;1;2;náměstí Hrdinů;tertiary;48.7;low;hodnota odvozena ze sloučené hrany – ověřit ručně;;;
778923734;attr_changed;lanes;lanes;;2;Komořanská;tertiary;176.2;low;hodnota odvozena ze sloučené hrany – ověřit ručně;;;
781855902;attr_changed;lanes;lanes;2;1;Lamačova;tertiary;50.6;low;hodnota odvozena ze sloučené hrany – ověřit ručně;;;
788202139;attr_changed;lanes;lanes;2;2|3;Na Zlíchově;tertiary;228.3;low;hodnota odvozena ze sloučené hrany – ověřit ručně;;;
792535041;attr_changed;lanes;lanes;;1;Ústavní;tertiary_link;72.2;low;hodnota odvozena ze sloučené hrany – ověřit ručně;;;
792535042;attr_changed;lanes;lanes;;2;Ústavní;tertiary_link;21.1;high;;;;
795192789;attr_changed;lanes;lanes;2;2|3;Na Zlíchově;tertiary;228.3;low;hodnota odvozena ze sloučené hrany – ověřit ručně;;;
798172107;attr_changed;lanes;lanes;2;2|3;Olgy Havlové;residential;197.4;low;hodnota odvozena ze sloučené hrany – ověřit ručně;;;
813899239;attr_changed;lanes;lanes;;2;Veselská;tertiary;62.2;low;hodnota odvozena ze sloučené hrany – ověřit ručně;;;
816477476;attr_changed;lanes;lanes;;2;V Korytech;tertiary;87.0;high;;;;
818659786;attr_changed;lanes;lanes;2;3;Husitská;secondary;103.4;low;hodnota odvozena ze sloučené hrany – ověřit ručně;;;
861023210;attr_changed;lanes;lanes;1;1|2;Nádražní;tertiary;152.6;low;hodnota odvozena ze sloučené hrany – ověřit ručně;;;
876477834;attr_changed;lanes;lanes;2|4;2|3|4;Záběhlická;tertiary;349.4;low;hodnota odvozena ze sloučené hrany – ověřit ručně;;;
885140292;attr_changed;lanes;lanes;2;2|3;Na Zlíchově;tertiary;228.3;low;hodnota odvozena ze sloučené hrany – ověřit ručně;;;
893429787;attr_changed;lanes;lanes;2;1;Na Petynce;residential;279.6;low;hodnota odvozena ze sloučené hrany – ověřit ručně;;;
893922073;attr_changed;lanes;lanes;2|3;2;Aviatická;trunk;132.3;low;hodnota odvozena ze sloučené hrany – ověřit ručně;;;
893931342;attr_changed;lanes;lanes;2|3;;;trunk;53.0;low;hodnota odvozena ze sloučené hrany – ověřit ručně;;;
914626021;attr_changed;lanes;lanes;;2;Barvitiova;residential;34.4;low;hodnota odvozena ze sloučené hrany – ověřit ručně;;;
916300952;attr_changed;lanes;lanes;1|2;1;;motorway_link;277.3;low;hodnota odvozena ze sloučené hrany – ověřit ručně;;;
916382605;attr_changed;lanes;lanes;1|2;1;;motorway_link;277.3;low;hodnota odvozena ze sloučené hrany – ověřit ručně;;;
916389326;attr_changed;lanes;lanes;4|5;2|3;Štěrboholská spojka;trunk;1909.2;low;hodnota odvozena ze sloučené hrany – ověřit ručně;;;
920238521;attr_changed;lanes;lanes;2;1;Úvalská;secondary;13.1;high;;;;
941506918;attr_changed;lanes;lanes;;2|3;Vackové;residential;116.4;low;hodnota odvozena ze sloučené hrany – ověřit ručně;;;
946530185;attr_changed;lanes;lanes;4;2|3|4;Československého exilu;tertiary;182.6;low;hodnota odvozena ze sloučené hrany – ověřit ručně;;;
963940121;attr_changed;lanes;lanes;1;1|2;Nádražní;tertiary;152.6;low;hodnota odvozena ze sloučené hrany – ověřit ručně;;;
974921724;attr_changed;lanes;lanes;2|3;2;Strakonická;trunk;117.9;low;hodnota odvozena ze sloučené hrany – ověřit ručně;;;
989576684;attr_changed;lanes;lanes;1|2;1|2|3;Chilská;secondary;385.7;low;hodnota odvozena ze sloučené hrany – ověřit ručně;;;
993589400;attr_changed;lanes;lanes;;1;;trunk_link;42.1;high;;;;
993842021;attr_changed;lanes;lanes;2;2|3;Mírového hnutí;tertiary;212.3;low;hodnota odvozena ze sloučené hrany – ověřit ručně;;;
1007579906;attr_changed;lanes;lanes;1;1|2;Křesomyslova;tertiary;151.0;low;hodnota odvozena ze sloučené hrany – ověřit ručně;;;
1026395184;attr_changed;lanes;lanes;;2;Budovatelská;tertiary;132.6;high;;;;
1032906543;attr_changed;lanes;lanes;1|2;1|2|3;Chilská;secondary;385.7;low;hodnota odvozena ze sloučené hrany – ověřit ručně;;;
1034550692;attr_changed;lanes;lanes;2;1;Slivenecká;tertiary;52.1;low;hodnota odvozena ze sloučené hrany – ověřit ručně;;;
1035205320;attr_changed;lanes;lanes;;2;Komořanská;tertiary;176.2;low;hodnota odvozena ze sloučené hrany – ověřit ručně;;;
1036473355;attr_changed;lanes;lanes;;2;Netlucká|Starodubečská;tertiary;222.7;low;hodnota odvozena ze sloučené hrany – ověřit ručně;;;
1046082715;attr_changed;lanes;lanes;;2;Netlucká|Starodubečská;tertiary;222.7;low;hodnota odvozena ze sloučené hrany – ověřit ručně;;;
1046082716;attr_changed;lanes;lanes;;2;Netlucká|Starodubečská;tertiary;222.7;low;hodnota odvozena ze sloučené hrany – ověřit ručně;;;
1050939160;attr_changed;lanes;lanes;;1;Vlašimská;residential;24.8;high;;;;
1060260286;attr_changed;lanes;lanes;1|2;2;Strakonická;secondary|trunk_link;133.2;low;hodnota odvozena ze sloučené hrany – ověřit ručně;;;
1061043960;attr_changed;lanes;lanes;1;1|2;Nádražní;tertiary;152.6;low;hodnota odvozena ze sloučené hrany – ověřit ručně;;;
1092690728;attr_changed;lanes;lanes;;2;K Cementárně;secondary;869.2;high;;;;
1123161761;attr_changed;lanes;lanes;;2;Budovatelská;tertiary;181.3;low;hodnota odvozena ze sloučené hrany – ověřit ručně;;;
1133471869;attr_changed;lanes;lanes;2;1|2;Jana Želivského;secondary;124.9;low;hodnota odvozena ze sloučené hrany – ověřit ručně;;;
1136670541;attr_changed;lanes;lanes;;1;;tertiary;23.0;high;;;;
1136670542;attr_changed;lanes;lanes;;1;;tertiary;20.3;high;;;;
1136670543;attr_changed;lanes;lanes;;1;;tertiary;13.2;high;;;;
1136670544;attr_changed;lanes;lanes;;1;;tertiary;12.4;high;;;;
1154699074;attr_changed;lanes;lanes;3|4;3;Lahovický most;trunk;475.6;low;hodnota odvozena ze sloučené hrany – ověřit ručně;;;
1176278800;attr_changed;lanes;lanes;;1;Bezová;residential;53.3;low;hodnota odvozena ze sloučené hrany – ověřit ručně;;;
1216062674;attr_changed;lanes;lanes;;1;Jana Želivského;busway;112.2;low;hodnota odvozena ze sloučené hrany – ověřit ručně;;;
1216062678;attr_changed;lanes;lanes;1;2;Jana Želivského;secondary;49.5;high;;;;
1216062679;attr_changed;lanes;lanes;;1;Jana Želivského;busway;28.4;high;;;;
1228821292;attr_changed;lanes;lanes;1;;Václavské náměstí;residential;44.6;low;hodnota odvozena ze sloučené hrany – ověřit ručně;;;
1255242925;attr_changed;lanes;lanes;;2;Hřenská;tertiary;20.5;high;;;;
1276552596;attr_changed;lanes;lanes;2|3;2;K Barrandovu;secondary;35.2;low;hodnota odvozena ze sloučené hrany – ověřit ručně;;;
1289105996;attr_changed;lanes;lanes;2;1|2;Hnězdenská;residential;148.6;low;hodnota odvozena ze sloučené hrany – ověřit ručně;;;
1317551267;attr_changed;lanes;lanes;;2;Komořanská;tertiary;176.2;low;hodnota odvozena ze sloučené hrany – ověřit ručně;;;
1318148603;attr_changed;lanes;lanes;2|3;3;Strakonická;trunk;219.8;low;hodnota odvozena ze sloučené hrany – ověřit ručně;;;
1327950177;attr_changed;lanes;lanes;2;2|3;Jeremiášova;secondary;35.9;low;hodnota odvozena ze sloučené hrany – ověřit ručně;;;
1331695716;attr_changed;lanes;lanes;;2;Korunní;tertiary;94.1;high;;;;
1333796704;attr_changed;lanes;lanes;3;2|3;Plzeňská;primary;154.8;low;hodnota odvozena ze sloučené hrany – ověřit ručně;;;
1343065740;attr_changed;lanes;lanes;;1;Bělohorská;busway;48.5;low;hodnota odvozena ze sloučené hrany – ověřit ručně;;;
1363329155;attr_changed;lanes;lanes;1;1|2;Křesomyslova;tertiary;151.0;low;hodnota odvozena ze sloučené hrany – ověřit ručně;;;
1364614666;attr_changed;lanes;lanes;;2;;tertiary;604.8;low;hodnota odvozena ze sloučené hrany – ověřit ručně;;;
1364614680;attr_changed;lanes;lanes;2;1;;secondary;189.2;low;hodnota odvozena ze sloučené hrany – ověřit ručně;;;
1373015594;attr_changed;lanes;lanes;1|2;1;Hartigova;secondary;210.8;low;hodnota odvozena ze sloučené hrany – ověřit ručně;;;
1373015597;attr_changed;lanes;lanes;1|2;1;Hartigova;secondary;110.4;low;hodnota odvozena ze sloučené hrany – ověřit ručně;;;
1375712130;attr_changed;lanes;lanes;;2;F. V. Veselého;residential;481.8;low;hodnota odvozena ze sloučené hrany – ověřit ručně;;;
1375712135;attr_changed;lanes;lanes;;2;Božanovská;tertiary;228.8;low;hodnota odvozena ze sloučené hrany – ověřit ručně;;;
1375712137;attr_changed;lanes;lanes;;2;Božanovská;tertiary;85.0;low;hodnota odvozena ze sloučené hrany – ověřit ručně;;;
1375712138;attr_changed;lanes;lanes;2|3;2;Ocelkova;tertiary;10.5;low;hodnota odvozena ze sloučené hrany – ověřit ručně;;;
1377255484;attr_changed;lanes;lanes;2;2|3;Vyšehradská;tertiary;68.8;low;hodnota odvozena ze sloučené hrany – ověřit ručně;;;
1377296964;attr_changed;lanes;lanes;;1;Na Mlejnku;residential;325.5;high;;;;
1393126188;attr_changed;lanes;lanes;;2;Božanovská;tertiary;12.9;low;hodnota odvozena ze sloučené hrany – ověřit ručně;;;
1434822810;attr_changed;lanes;lanes;2;1;Kamenická;residential;70.3;high;;;;
4643487;attr_changed;access;access;;destination;U Viktorie;residential;90.8;low;hodnota odvozena ze sloučené hrany – ověřit ručně;;;
9975850;attr_changed;access;access;destination;;Štěrková;residential;88.2;high;;;;
22105088;attr_changed;access;access;;yes;Dostihová;trunk_link;180.6;low;hodnota odvozena ze sloučené hrany – ověřit ručně;;;
27043818;attr_changed;access;access;no;;K Letišti;residential;125.7;low;hodnota odvozena ze sloučené hrany – ověřit ručně;;;
28815401;attr_changed;access;access;destination;;Stará cesta;residential;190.7;low;hodnota odvozena ze sloučené hrany – ověřit ručně;;;
28815402;attr_changed;access;access;destination;;Stará cesta;residential;190.7;low;hodnota odvozena ze sloučené hrany – ověřit ručně;;;
31171474;attr_changed;access;access;destination;;Štěrková;residential;120.4;high;;;;
31172031;attr_changed;access;access;destination;;;unclassified;614.7;low;hodnota odvozena ze sloučené hrany – ověřit ručně;;;
51318353;attr_changed;access;access;;destination;Nad Krocínkou;residential;203.3;low;hodnota odvozena ze sloučené hrany – ověřit ručně;;;
87000818;attr_changed;access;access;no;yes;Stroupežnického;residential;89.3;low;hodnota odvozena ze sloučené hrany – ověřit ručně;;;
97540686;attr_changed;access;access;no;yes;Stroupežnického;residential;89.3;low;hodnota odvozena ze sloučené hrany – ověřit ručně;;;
131769866;attr_changed;access;access;;yes;Jordánská;residential;475.3;high;;;;
172903242;attr_changed;access;access;no;;Ke Štvanici;tertiary;107.4;low;hodnota odvozena ze sloučené hrany – ověřit ručně;;;
204833406;attr_changed;access;access;no;yes;Stroupežnického;residential;89.3;low;hodnota odvozena ze sloučené hrany – ověřit ručně;;;
521531698;attr_changed;access;access;destination;;Jeremenkova;residential;29.6;high;;;;
521531701;attr_changed;access;access;destination;;Jeremenkova;residential;80.8;high;;;;
521531738;attr_changed;access;access;destination;;Na Zvoničce;residential;138.6;high;;;;
521535728;attr_changed;access;access;destination;;Jeremenkova;residential;96.4;high;;;;
751114975;attr_changed;access;access;no;;Ke Štvanici;tertiary;107.4;low;hodnota odvozena ze sloučené hrany – ověřit ručně;;;
798172107;attr_changed;access;access;;yes;Olgy Havlové;residential;197.4;low;hodnota odvozena ze sloučené hrany – ověřit ručně;;;
822564430;attr_changed;access;access;;no;;residential;134.8;high;;;;
822564431;attr_changed;access;access;;no;;residential;226.6;high;;;;
822564432;attr_changed;access;access;;no;;residential;155.7;high;;;;
907049197;attr_changed;access;access;;no;Cíglerova;primary_link;27.7;high;;;;
963220967;attr_changed;access;access;no;;Lazarská;residential;48.1;high;;;;
1012502977;attr_changed;access;access;;yes;Olgy Havlové;residential;197.4;low;hodnota odvozena ze sloučené hrany – ověřit ručně;;;
1020501644;attr_changed;access;access;;no;;residential;158.6;high;;;;
1061098880;attr_changed;access;access;;destination;U Viktorie;residential;90.8;low;hodnota odvozena ze sloučené hrany – ověřit ručně;;;
1132730938;attr_changed;access;access;;no;;trunk_link;49.6;high;;;;
1133471858;attr_changed;access;access;;yes;Olgy Havlové;residential;197.4;low;hodnota odvozena ze sloučené hrany – ověřit ručně;;;
1216062674;attr_changed;access;access;;yes;Jana Želivského;busway;112.2;low;hodnota odvozena ze sloučené hrany – ověřit ručně;;;
1296975263;attr_changed;access;access;no;;;tertiary_link;37.8;low;hodnota odvozena ze sloučené hrany – ověřit ručně;;;
4020204;attr_changed;name;name;Nad Cihelnou;Nad cihelnou;Nad cihelnou;residential;104.2;high;;;;
4048674;attr_changed;name;name;Novoborská|Žandovská;Žandovská;Žandovská;residential;178.3;low;hodnota odvozena ze sloučené hrany – ověřit ručně;;;
4048703;attr_changed;name;name;V Botanice;V Botanice;V Botanice;secondary;109.3;high;;;;
4052065;attr_changed;name;name;Hlavní|Severní ⅩⅠ;;;tertiary;14.4;low;hodnota odvozena ze sloučené hrany – ověřit ručně;;;
4052237;attr_changed;name;name;Jižní ⅩⅢ;Jižní XIII;Jižní XIII;residential;196.6;high;;;;
4052535;attr_changed;name;name;Na Hřebenech Ⅱ;Na hřebenech Ⅱ;Na hřebenech Ⅱ;tertiary;41.0;high;;;;
4052869;attr_changed;name;name;Na Hřebenech Ⅱ;Na hřebenech Ⅱ;Na hřebenech Ⅱ;tertiary;169.9;high;;;;
4053505;attr_changed;name;name;Severní Ⅰ;Severní I;Severní I;secondary_link|tertiary_link;114.4;low;hodnota odvozena ze sloučené hrany – ověřit ručně;;;
4053558;attr_changed;name;name;Na Vrstvách;Na vrstvách;Na vrstvách;residential;84.5;high;;;;
4086155;attr_changed;name;name;;Klárov;Klárov;residential;14.0;high;;;;
4259391;attr_changed;name;name;Strakonická;;;trunk_link;249.3;low;hodnota odvozena ze sloučené hrany – ověřit ručně;;;
4261229;attr_changed;name;name;Čuprova;;;primary_link;394.7;low;hodnota odvozena ze sloučené hrany – ověřit ručně;;;
4568551;attr_changed;name;name;;Evropská;Evropská;tertiary;15.6;high;;;;
4634992;attr_changed;name;name;K podchodu;K Podchodu;K Podchodu;residential;289.7;high;;;;
4646791;attr_changed;name;name;Borodinská;Vršovické náměstí;Vršovické náměstí;living_street|residential;48.7;low;hodnota odvozena ze sloučené hrany – ověřit ručně;;;
4646793;attr_changed;name;name;Rostovská;Vršovické náměstí;Vršovické náměstí;residential;18.4;high;;;;
4646798;attr_changed;name;name;Pod Stupni|Vršovické náměstí;Vršovické náměstí;Vršovické náměstí;residential;91.1;low;hodnota odvozena ze sloučené hrany – ověřit ručně;;;
4647255;attr_changed;name;name;Severní Ⅱ;Severní II;Severní II;residential;74.7;high;;;;
4647258;attr_changed;name;name;Severní Ⅲ;Severní III;Severní III;residential;74.1;high;;;;
4647269;attr_changed;name;name;Severní Ⅴ;Severní V;Severní V;residential;232.1;high;;;;
4647282;attr_changed;name;name;Severovýchodní Ⅱ;Severovýchodní II;Severovýchodní II;residential;53.8;low;hodnota odvozena ze sloučené hrany – ověřit ručně;;;
4647286;attr_changed;name;name;Severovýchodní Ⅲ;Severovýchodní III;Severovýchodní III;residential;53.5;low;hodnota odvozena ze sloučené hrany – ověřit ručně;;;
4647289;attr_changed;name;name;Severovýchodní Ⅴ;Severovýchodní V;Severovýchodní V;residential;132.2;high;;;;
4647291;attr_changed;name;name;Severovýchodní Ⅳ;Severovýchodní IV;Severovýchodní IV;residential;19.8;high;;;;
4647679;attr_changed;name;name;U Nákladového nádraží;K Červenému dvoru;K Červenému dvoru;tertiary;254.9;low;hodnota odvozena ze sloučené hrany – ověřit ručně;;;
4648416;attr_changed;name;name;;Strakonická;Strakonická;trunk;869.6;low;hodnota odvozena ze sloučené hrany – ověřit ručně;;;
4704623;attr_changed;name;name;;Povltavská;Povltavská;residential;61.1;high;;;;
4704653;attr_changed;name;name;Nad Sokolovnou;Nad sokolovnou;Nad sokolovnou;residential;105.0;high;;;;
4704679;attr_changed;name;name;Na Čisté|U Habeše;Na Čisté;Na Čisté;residential|unclassified;370.4;low;hodnota odvozena ze sloučené hrany – ověřit ručně;;;
4709030;attr_changed;name;name;Spořilovská;;;trunk_link;153.3;low;hodnota odvozena ze sloučené hrany – ověřit ručně;;;
4711870;attr_changed;name;name;Rakovnická;Rakovnická|Sobínská;Rakovnická|Sobínská;residential;264.6;low;hodnota odvozena ze sloučené hrany – ověřit ručně;;;
4711897;attr_changed;name;name;;José Martího;José Martího;residential;101.0;high;;;;
4815415;attr_changed;name;name;V Malých domech II;V malých domech II;V malých domech II;residential;80.4;high;;;;
4815422;attr_changed;name;name;V Malých domech III;V malých domech III;V malých domech III;residential;104.2;high;;;;
4815426;attr_changed;name;name;V Malých domech I;V malých domech I;V malých domech I;residential;80.8;high;;;;
4818910;attr_changed;name;name;K Pazderkám;K Pazderkám;K Pazderkám;tertiary;174.2;low;hodnota odvozena ze sloučené hrany – ověřit ručně;;;
4819682;attr_changed;name;name;V Lipkách;V Lipkách;V Lipkách;living_street;232.6;high;;;;
4819722;attr_changed;name;name;Boční Ⅰ;Boční I;Boční I;residential;110.8;high;;;;
4819724;attr_changed;name;name;Boční Ⅰ;Boční I;Boční I;residential;86.2;low;hodnota odvozena ze sloučené hrany – ověřit ručně;;;
4878104;attr_changed;name;name;Mezichuchelská;;;trunk_link;332.0;low;hodnota odvozena ze sloučené hrany – ověřit ručně;;;
4929696;attr_changed;name;name;Nad Přívozem;Nad přívozem;Nad přívozem;residential;177.7;high;;;;
4929699;attr_changed;name;name;U Staré pošty;U staré pošty;U staré pošty;residential;83.0;high;;;;
4929706;attr_changed;name;name;V Křovinách;V křovinách;V křovinách;residential;239.0;high;;;;
8066807;attr_changed;name;name;;José Martího;José Martího;residential;111.6;high;;;;
8103339;attr_changed;name;name;Poštovská;Poštovská|U Vysočanského pivovaru;Poštovská|U Vysočanského pivovaru;residential;335.3;low;hodnota odvozena ze sloučené hrany – ověřit ručně;;;
8133343;attr_changed;name;name;Severní Ⅰ;Severní I;Severní I;tertiary;45.7;high;;;;
8133344;attr_changed;name;name;V Rovinách;V rovinách;V rovinách;residential;31.1;high;;;;
8151565;attr_changed;name;name;U Vápenné skály;U vápenné skály;U vápenné skály;residential;205.9;low;hodnota odvozena ze sloučené hrany – ověřit ručně;;;
8376902;attr_changed;name;name;K Závětinám;K Závětinám;K Závětinám;residential;388.2;high;;;;
8882652;attr_changed;name;name;Nad Spádem;Nad spádem;Nad spádem;residential;102.4;high;;;;
8882653;attr_changed;name;name;Nad Spádem;Nad spádem;Nad spádem;residential;237.5;high;;;;
8882655;attr_changed;name;name;Na Sypčině;Na sypčině;Na sypčině;residential;90.1;high;;;;
8920339;attr_changed;name;name;K podchodu|Vodická;K Podchodu|Vodická;K Podchodu|Vodická;residential;178.2;low;hodnota odvozena ze sloučené hrany – ověřit ručně;;;
9406227;attr_changed;name;name;U Háje;U háje;U háje;residential;156.6;high;;;;
9406235;attr_changed;name;name;U Dubu;U dubu;U dubu;residential;422.6;high;;;;
9406239;attr_changed;name;name;Nad Lomem;Jasná I;Jasná I;tertiary;80.7;high;;;;
9407021;attr_changed;name;name;Na Rozhledu;Na rozhledu;Na rozhledu;residential;269.1;high;;;;
9408324;attr_changed;name;name;Nad Lomem;Nad lomem;Nad lomem;residential;432.7;low;hodnota odvozena ze sloučené hrany – ověřit ručně;;;
10714041;attr_changed;name;name;Doupovská;;;tertiary_link;70.1;high;;;;
16277376;attr_changed;name;name;Tupolevova;Rösslera-Ořovského;Rösslera-Ořovského;residential;411.4;high;;;;
16787271;attr_changed;name;name;V Tůních;V Tůních;V Tůních;residential;214.3;high;;;;
17098451;attr_changed;name;name;Nad Krocínkou|U Vysočanského cukrovaru;U Vysočanského cukrovaru;U Vysočanského cukrovaru;residential;53.2;low;hodnota odvozena ze sloučené hrany – ověřit ručně;;;
19880199;attr_changed;name;name;Nad Kolonií;Nad kolonií;Nad kolonií;residential;240.2;high;;;;
19880250;attr_changed;name;name;Na Vrstvách;Na vrstvách;Na vrstvách;residential;12.5;high;;;;
19880326;attr_changed;name;name;U Družstva Práce;U družstva Práce;U družstva Práce;residential;934.6;high;;;;
19880339;attr_changed;name;name;U Dubu;U dubu;U dubu;residential;226.1;high;;;;
19880546;attr_changed;name;name;Pod Vinohradem;Pod vinohradem;Pod vinohradem;residential;290.1;high;;;;
19880548;attr_changed;name;name;Nad Vinohradem;Nad vinohradem;Nad vinohradem;residential;328.2;high;;;;
20334535;attr_changed;name;name;Čuprova;;;primary_link;394.7;low;hodnota odvozena ze sloučené hrany – ověřit ručně;;;
20334537;attr_changed;name;name;Čuprova;;;primary_link;394.7;low;hodnota odvozena ze sloučené hrany – ověřit ručně;;;
21995839;attr_changed;name;name;náměstí Jiřího z Poděbrad;náměstí Jiřího z Poděbrad|náměstí Jiřího z Poděbrad;náměstí Jiřího z Poděbrad|náměstí Jiřího z Poděbrad;living_street;96.1;low;hodnota odvozena ze sloučené hrany – ověřit ručně;;;
22023502;attr_changed;name;name;Nad Malým mýtem;Nad malým mýtem;Nad malým mýtem;residential;249.9;low;hodnota odvozena ze sloučené hrany – ověřit ručně;;;
22023788;attr_changed;name;name;Pod Křížkem;Pod křížkem;Pod křížkem;residential;278.7;high;;;;
22023847;attr_changed;name;name;Nad Křížkem;Nad křížkem;Nad křížkem;residential;122.1;high;;;;
22023857;attr_changed;name;name;Nad Křížkem;Nad křížkem;Nad křížkem;residential;78.6;high;;;;
22113090;attr_changed;name;name;K Holyni;K Holyni;K Holyni;tertiary;488.8;high;;;;
22555757;attr_changed;name;name;Opočínská|Prachovická;Opočínská;Opočínská;living_street;82.5;low;hodnota odvozena ze sloučené hrany – ověřit ručně;;;
22758743;attr_changed;name;name;Sportovců;Poustka|Sportovců;Poustka|Sportovců;residential;169.4;low;hodnota odvozena ze sloučené hrany – ověřit ručně;;;
22758819;attr_changed;name;name;Gdaňská|Toruňská;Toruňská;Toruňská;residential;329.6;low;hodnota odvozena ze sloučené hrany – ověřit ručně;;;
22823483;attr_changed;name;name;Severozápadní Ⅳ;Severozápadní IV;Severozápadní IV;residential;295.0;high;;;;
22823484;attr_changed;name;name;Severozápadní Ⅲ;Severozápadní III;Severozápadní III;residential;52.7;low;hodnota odvozena ze sloučené hrany – ověřit ručně;;;
22823485;attr_changed;name;name;Severní Ⅸ;Severní IX;Severní IX;residential;109.6;high;;;;
22823486;attr_changed;name;name;Severní Ⅷ;Severní VIII;Severní VIII;residential;143.2;high;;;;
22823487;attr_changed;name;name;Severní Ⅶ;Severní VII;Severní VII;residential;239.3;high;;;;
22823488;attr_changed;name;name;Boční Ⅱ;Boční II;Boční II;residential;116.6;high;;;;
22823524;attr_changed;name;name;Severozápadní Ⅱ;Severozápadní II;Severozápadní II;residential;53.2;low;hodnota odvozena ze sloučené hrany – ověřit ručně;;;
22823525;attr_changed;name;name;Severní Ⅹ;Severní X;Severní X;residential;97.1;high;;;;
22823526;attr_changed;name;name;Severozápadní Ⅴ;Severozápadní V;Severozápadní V;residential;272.4;high;;;;
22823560;attr_changed;name;name;Jižní ⅩⅤ;Jižní XV;Jižní XV;residential;200.7;high;;;;
22823563;attr_changed;name;name;Jižní ⅩⅥ;Jižní XVI;Jižní XVI;residential;67.3;high;;;;
22823565;attr_changed;name;name;Jižní ⅩⅦ;Jižní XVII;Jižní XVII;residential;148.5;high;;;;
22823566;attr_changed;name;name;Jižní ⅩⅣ;Jižní XIV;Jižní XIV;residential;91.8;high;;;;
22823569;attr_changed;name;name;Jihozápadní Ⅵ;Jihozápadni VI;Jihozápadni VI;residential;94.4;high;;;;
22823595;attr_changed;name;name;Jižní Ⅸ;Jižní IX;Jižní IX;residential;60.7;low;hodnota odvozena ze sloučené hrany – ověřit ručně;;;
22858958;attr_changed;name;name;;Jihovýchodní IV;Jihovýchodní IV;residential;44.3;high;;;;
22862433;attr_changed;name;name;Jižní Ⅳ;Jižní IV;Jižní IV;residential;120.2;high;;;;
22866511;attr_changed;name;name;Jižní Ⅸ;Jižní IX;Jižní IX;residential;162.3;high;;;;
22866515;attr_changed;name;name;Jižní Ⅶ;Jižní VII;Jižní VII;residential;90.9;low;hodnota odvozena ze sloučené hrany – ověřit ručně;;;
22866519;attr_changed;name;name;Jižní Ⅰ;Jižní I;Jižní I;residential;20.1;low;hodnota odvozena ze sloučené hrany – ověřit ručně;;;
22866522;attr_changed;name;name;Jihovýchodní Ⅵ;Jihovýchodní VI|Jihovýchodní Ⅵ;Jihovýchodní VI|Jihovýchodní Ⅵ;residential;49.3;low;hodnota odvozena ze sloučené hrany – ověřit ručně;;;
22866530;attr_changed;name;name;Jihovýchodní Ⅵ;Jihovýchodní VI;Jihovýchodní VI;residential;126.0;high;;;;
22868164;attr_changed;name;name;Jihovýchodní Ⅲ;Jihovýchodní III;Jihovýchodní III;residential;426.5;high;;;;
22868165;attr_changed;name;name;Jižní Ⅱ;Jižní II;Jižní II;residential;170.3;high;;;;
22868166;attr_changed;name;name;Jihovýchodní Ⅸ;Jihovýchodní IX;Jihovýchodní IX;residential;71.9;low;hodnota odvozena ze sloučené hrany – ověřit ručně;;;
22868167;attr_changed;name;name;Jižní Ⅶ;Jižní VII;Jižní VII;residential;68.7;low;hodnota odvozena ze sloučené hrany – ověřit ručně;;;
22868168;attr_changed;name;name;Jihovýchodní Ⅷ;Jihovýchodní VIII;Jihovýchodní VIII;residential;212.0;high;;;;
22868170;attr_changed;name;name;;Jižní náměstí;Jižní náměstí;residential;42.1;low;hodnota odvozena ze sloučené hrany – ověřit ručně;;;
22868171;attr_changed;name;name;;Jižní náměstí;Jižní náměstí;residential;41.5;low;hodnota odvozena ze sloučené hrany – ověřit ručně;;;
22868172;attr_changed;name;name;Jihovýchodní Ⅴ|Jižní Ⅵ;Jihovýchodní Ⅴ|Jižní VI;Jihovýchodní Ⅴ|Jižní VI;residential;86.1;low;hodnota odvozena ze sloučené hrany – ověřit ručně;;;
22868173;attr_changed;name;name;Jižní Ⅴ;Jižní V;Jižní V;residential;54.7;high;;;;
22868175;attr_changed;name;name;Jihovýchodní Ⅶ|Jihovýchodní Ⅷ;Jihovýchodní VII|Jihovýchodní VIII;Jihovýchodní VII|Jihovýchodní VIII;residential;109.9;low;hodnota odvozena ze sloučené hrany – ověřit ručně;;;
22868177;attr_changed;name;name;Jihovýchodní Ⅶ;Jihovýchodní VII;Jihovýchodní VII;residential;73.5;low;hodnota odvozena ze sloučené hrany – ověřit ručně;;;
22868182;attr_changed;name;name;Jihozápadní Ⅰ;Jihozápadní I;Jihozápadní I;residential;97.2;high;;;;
22868183;attr_changed;name;name;Jihovýchodní Ⅰ;Jihovýchodní I;Jihovýchodní I;residential;160.4;high;;;;
22868184;attr_changed;name;name;Jižní Ⅲ;Jižní III;Jižní III;residential;224.7;high;;;;
22868185;attr_changed;name;name;Jihovýchodní Ⅳ;Jihovýchodní IV;Jihovýchodní IV;residential;82.2;high;;;;
22868186;attr_changed;name;name;Jihovýchodní Ⅱ;Jihovýchodní II;Jihovýchodní II;residential;162.6;high;;;;
22869890;attr_changed;name;name;Za Skalkou;Za skalkou;Za skalkou;tertiary;68.5;low;hodnota odvozena ze sloučené hrany – ověřit ručně;;;
22869896;attr_changed;name;name;V Podhájí;V podhájí;V podhájí;residential;211.2;high;;;;
22869935;attr_changed;name;name;U Družstva Práce;U družstva Práce;U družstva Práce;residential;121.0;high;;;;
22869936;attr_changed;name;name;V Křovinách;V křovinách;V křovinách;residential;76.1;high;;;;
22869937;attr_changed;name;name;V Křovinách;V křovinách;V křovinách;residential;66.0;high;;;;
22870053;attr_changed;name;name;Na Vápenném;Na vápenném;Na vápenném;residential;175.2;high;;;;
22870055;attr_changed;name;name;Nad Cementárnou;Nad cementárnou;Nad cementárnou;living_street;139.5;high;;;;
22870072;attr_changed;name;name;Na Hřebenech Ⅱ;Na hřebenech Ⅱ;Na hřebenech Ⅱ;tertiary;295.7;high;;;;
22870749;attr_changed;name;name;Na Usedlosti;Na usedlosti;Na usedlosti;residential;398.7;high;;;;
22891502;attr_changed;name;name;K Pazderkám;K Pazderkám|K Pazderkám;K Pazderkám|K Pazderkám;tertiary;402.6;low;hodnota odvozena ze sloučené hrany – ověřit ručně;;;
22907726;attr_changed;name;name;K Hájům;K Hájům;K Hájům;residential;238.3;high;;;;
22914334;attr_changed;name;name;Kabátové|Kurandové;Kurandové;Kurandové;residential;355.3;low;hodnota odvozena ze sloučené hrany – ověřit ručně;;;
23749308;attr_changed;name;name;K Jezeru;K Jezeru|K Jezeru;K Jezeru|K Jezeru;unclassified;709.5;low;hodnota odvozena ze sloučené hrany – ověřit ručně;;;
24245958;attr_changed;name;name;Novostrašnická;Novostrašnická|Pelyňková;Novostrašnická|Pelyňková;residential;410.3;low;hodnota odvozena ze sloučené hrany – ověřit ručně;;;
24548717;attr_changed;name;name;Na Hřebenech Ⅰ;Na hřebenech Ⅰ;Na hřebenech Ⅰ;residential;144.4;high;;;;
24548718;attr_changed;name;name;Na Hřebenech Ⅰ;Na hřebenech Ⅰ;Na hřebenech Ⅰ;residential;107.3;high;;;;
24548719;attr_changed;name;name;Na Hřebenech Ⅱ|Na Kavčích horách;Na Kavčích horách|Na hřebenech Ⅱ;Na Kavčích horách|Na hřebenech Ⅱ;living_street|residential;539.5;low;hodnota odvozena ze sloučené hrany – ověřit ručně;;;
25121328;attr_changed;name;name;Na Hřebenech Ⅱ|Na Kavčích horách;Na Kavčích horách|Na hřebenech Ⅱ;Na Kavčích horách|Na hřebenech Ⅱ;living_street|residential;539.5;low;hodnota odvozena ze sloučené hrany – ověřit ručně;;;
25464589;attr_changed;name;name;V Lipkách;V Lipkách|V Lipkách;V Lipkách|V Lipkách;living_street;224.3;low;hodnota odvozena ze sloučené hrany – ověřit ručně;;;
26226908;attr_changed;name;name;K Barrandovu;K Barrandovu;K Barrandovu;secondary|trunk_link;676.9;low;hodnota odvozena ze sloučené hrany – ověřit ručně;;;
26226909;attr_changed;name;name;K Barrandovu;K Barrandovu;K Barrandovu;secondary|trunk_link;676.9;low;hodnota odvozena ze sloučené hrany – ověřit ručně;;;
26282804;attr_changed;name;name;Císařská louka|most na Císařskou louku;;;residential;1371.0;low;hodnota odvozena ze sloučené hrany – ověřit ručně;;;
27043818;attr_changed;name;name;K Letišti|K Letišti;K Letišti;K Letišti;residential;125.7;low;hodnota odvozena ze sloučené hrany – ověřit ručně;;;
27043919;attr_changed;name;name;Schengenská;;;trunk_link;115.2;low;hodnota odvozena ze sloučené hrany – ověřit ručně;;;
27112974;attr_changed;name;name;Na Dolinách;Na dolinách;Na dolinách;tertiary;505.5;high;;;;
27185743;attr_changed;name;name;V Pitkovičkách;V Pitkovičkách|V Pitkovičkách;V Pitkovičkách|V Pitkovičkách;tertiary;141.3;low;hodnota odvozena ze sloučené hrany – ověřit ručně;;;
27185744;attr_changed;name;name;V Pitkovičkách;V Pitkovičkách|V Pitkovičkách;V Pitkovičkách|V Pitkovičkách;tertiary;141.3;low;hodnota odvozena ze sloučené hrany – ověřit ručně;;;
27358602;attr_changed;name;name;U Nákladového nádraží;K Červenému dvoru;K Červenému dvoru;tertiary;254.9;low;hodnota odvozena ze sloučené hrany – ověřit ručně;;;
27358605;attr_changed;name;name;U Nákladového nádraží;K Červenému dvoru;K Červenému dvoru;tertiary;254.9;low;hodnota odvozena ze sloučené hrany – ověřit ručně;;;
27569043;attr_changed;name;name;U Nové dálnice;Türkova;Türkova;residential;28.7;high;;;;
27569401;attr_changed;name;name;Severní Ⅰ;Severní I;Severní I;tertiary;75.8;high;;;;
27792986;attr_changed;name;name;Strakonická;;;trunk_link;282.6;low;hodnota odvozena ze sloučené hrany – ověřit ručně;;;
27792989;attr_changed;name;name;Strakonická;;;trunk_link;282.6;low;hodnota odvozena ze sloučené hrany – ověřit ručně;;;
28329393;attr_changed;name;name;V Dolích;V Dolích;V Dolích;tertiary;158.1;low;hodnota odvozena ze sloučené hrany – ověřit ručně;;;
28499018;attr_changed;name;name;Doudlebská|Pikrtova;Pikrtova;Pikrtova;residential;19.9;low;hodnota odvozena ze sloučené hrany – ověřit ručně;;;
28574858;attr_changed;name;name;Ke Křížkám|náměstí U lípy svobody;Ke Křížkám;Ke Křížkám;tertiary;187.2;low;hodnota odvozena ze sloučené hrany – ověřit ručně;;;
28789300;attr_changed;name;name;Na Vrstvách;Na vrstvách;Na vrstvách;residential;86.7;high;;;;
28789301;attr_changed;name;name;Na Vrstvách;Na vrstvách;Na vrstvách;residential;182.7;low;hodnota odvozena ze sloučené hrany – ověřit ručně;;;
28807770;attr_changed;name;name;Dvorecké náměstí;;;tertiary_link;14.5;high;;;;
30099368;attr_changed;name;name;Pod Srázem;Pod srázem;Pod srázem;residential;130.1;high;;;;
30099373;attr_changed;name;name;U Dubu;U dubu;U dubu;residential;154.1;high;;;;
30099375;attr_changed;name;name;U Dubu;U dubu;U dubu;residential;60.7;high;;;;
30099376;attr_changed;name;name;U Dubu;U dubu;U dubu;residential;41.1;high;;;;
30334627;attr_changed;name;name;Spořilovská;;;trunk_link;221.7;low;hodnota odvozena ze sloučené hrany – ověřit ručně;;;
30952270;attr_changed;name;name;Do Zahrádek Ⅰ;Do Zahrádek I;Do Zahrádek I;residential;224.9;low;hodnota odvozena ze sloučené hrany – ověřit ručně;;;
30952271;attr_changed;name;name;Do Zahrádek Ⅱ|K Metru;Do Zahrádek II|K Metru;Do Zahrádek II|K Metru;residential;287.7;low;hodnota odvozena ze sloučené hrany – ověřit ručně;;;
30987247;attr_changed;name;name;;Sedlčanská;Sedlčanská;residential;117.0;high;;;;
31172031;attr_changed;name;name;Na Hvězdárně;;;unclassified;614.7;low;hodnota odvozena ze sloučené hrany – ověřit ručně;;;
31733156;attr_changed;name;name;Hornická|Hutnická;Hutnická;Hutnická;residential;118.4;low;hodnota odvozena ze sloučené hrany – ověřit ručně;;;
31733159;attr_changed;name;name;Hornická|Hutnická;Hornická;Hornická;residential;118.7;low;hodnota odvozena ze sloučené hrany – ověřit ručně;;;
31929040;attr_changed;name;name;;Strakonická;Strakonická;trunk;869.6;low;hodnota odvozena ze sloučené hrany – ověřit ručně;;;
31929041;attr_changed;name;name;;Strakonická;Strakonická;trunk;869.6;low;hodnota odvozena ze sloučené hrany – ověřit ručně;;;
32825668;attr_changed;name;name;K Tuchoměřicům;K Tuchoměřicům|K Tuchoměřicům;K Tuchoměřicům|K Tuchoměřicům;tertiary;173.8;low;hodnota odvozena ze sloučené hrany – ověřit ručně;;;
32955232;attr_changed;name;name;K Dalejím|K Nové Vsi|Prokopské údolí;K Nové Vsi|Prokopské údolí;K Nové Vsi|Prokopské údolí;residential|unclassified;1122.9;low;hodnota odvozena ze sloučené hrany – ověřit ručně;;;
33181043;attr_changed;name;name;K Dalejím|K Nové Vsi|Prokopské údolí;K Nové Vsi|Prokopské údolí;K Nové Vsi|Prokopské údolí;residential|unclassified;1122.9;low;hodnota odvozena ze sloučené hrany – ověřit ručně;;;
33181048;attr_changed;name;name;K Dalejím|K Nové Vsi|Prokopské údolí;K Nové Vsi|Prokopské údolí;K Nové Vsi|Prokopské údolí;residential|unclassified;1122.9;low;hodnota odvozena ze sloučené hrany – ověřit ručně;;;
33435043;attr_changed;name;name;U Letiště;K Letišti|U Letiště;K Letišti|U Letiště;residential;905.8;low;hodnota odvozena ze sloučené hrany – ověřit ručně;;;
33630849;attr_changed;name;name;Kuchařská|Votavova;Votavova;Votavova;residential;141.4;low;hodnota odvozena ze sloučené hrany – ověřit ručně;;;
33764354;attr_changed;name;name;Hloubětínská vinice|U Tesly;Hloubětínská vinice|Kurandova|U Tesly;Hloubětínská vinice|Kurandova|U Tesly;residential;975.5;low;hodnota odvozena ze sloučené hrany – ověřit ručně;;;
33900017;attr_changed;name;name;Letohradská|Nad Štolou;Nad Štolou;Nad Štolou;residential;37.4;low;hodnota odvozena ze sloučené hrany – ověřit ručně;;;
34172839;attr_changed;name;name;Vyskočilova;;;tertiary_link;67.2;high;;;;
34245689;attr_changed;name;name;K Juliáně;K Juliáně|K Juliáně;K Juliáně|K Juliáně;residential;120.4;low;hodnota odvozena ze sloučené hrany – ověřit ručně;;;
37079977;attr_changed;name;name;Rypkova|Vlasty Hilské;Vlasty Hilské;Vlasty Hilské;living_street;256.7;low;hodnota odvozena ze sloučené hrany – ověřit ručně;;;
37516846;attr_changed;name;name;Pod Svahem;Pod svahem;Pod svahem;residential;119.5;high;;;;
37516847;attr_changed;name;name;Pod Svahem;Pod svahem;Pod svahem;residential;280.0;high;;;;
37516848;attr_changed;name;name;Na Vinohradu;Na vinohradu;Na vinohradu;residential;95.6;high;;;;
37516850;attr_changed;name;name;Nad Kostelem;Nad kostelem;Nad kostelem;residential;154.1;high;;;;
39507072;attr_changed;name;name;;Na Žertvách;Na Žertvách;residential;25.4;high;;;;
39819362;attr_changed;name;name;U Staré pošty;U staré pošty;U staré pošty;residential;71.6;high;;;;
40207075;attr_changed;name;name;Nad Malým mýtem;Nad malým mýtem;Nad malým mýtem;residential;96.0;high;;;;
40708038;attr_changed;name;name;Mezichuchelská;;;trunk_link;332.0;low;hodnota odvozena ze sloučené hrany – ověřit ručně;;;
40759219;attr_changed;name;name;Strakonická;;;trunk;1514.7;low;hodnota odvozena ze sloučené hrany – ověřit ručně;;;
40759221;attr_changed;name;name;Strakonická;;;trunk;1514.7;low;hodnota odvozena ze sloučené hrany – ověřit ručně;;;
40759222;attr_changed;name;name;Strakonická;;;trunk;873.2;low;hodnota odvozena ze sloučené hrany – ověřit ručně;;;
41199443;attr_changed;name;name;Na Dolinách;Na dolinách;Na dolinách;residential;48.8;high;;;;
41919457;attr_changed;name;name;K Dalejím|K Nové Vsi|Prokopské údolí;K Nové Vsi|Prokopské údolí;K Nové Vsi|Prokopské údolí;residential|unclassified;1797.9;low;hodnota odvozena ze sloučené hrany – ověřit ručně;;;
51318353;attr_changed;name;name;Nad Krocínkou|U Vysočanského cukrovaru;Nad Krocínkou;Nad Krocínkou;residential;203.3;low;hodnota odvozena ze sloučené hrany – ověřit ručně;;;
53771334;attr_changed;name;name;V Rovinách;V rovinách;V rovinách;residential;271.2;high;;;;
54292485;attr_changed;name;name;V Rovinách;V rovinách;V rovinách;residential;53.3;high;;;;
61561583;attr_changed;name;name;Jižní Ⅹ;Jižní X;Jižní X;residential;52.1;high;;;;
61584241;attr_changed;name;name;Jižní ⅩⅠ;Jižní XI;Jižní XI;residential;68.8;high;;;;
61589597;attr_changed;name;name;Jižní Ⅵ;Jižní VI;Jižní VI;residential;58.8;high;;;;
61590676;attr_changed;name;name;Jižní Ⅳ;Jižní IV;Jižní IV;residential;91.4;high;;;;
61590688;attr_changed;name;name;Jižní Ⅳ;Jižní IV;Jižní IV;residential;64.7;high;;;;
61595182;attr_changed;name;name;Severní Ⅱ|Severovýchodní Ⅵ;Severní II|Severovýchodní VI;Severní II|Severovýchodní VI;residential;200.2;low;hodnota odvozena ze sloučené hrany – ověřit ručně;;;
70635543;attr_changed;name;name;Nad Strouhou;Nad strouhou;Nad strouhou;residential;146.6;high;;;;
73227606;attr_changed;name;name;Branická;;;tertiary_link;50.1;high;;;;
76707199;attr_changed;name;name;Strnady;Strnadská IV;Strnadská IV;residential;225.2;high;;;;
76707200;attr_changed;name;name;Strnady;Strnadská II;Strnadská II;residential;355.7;high;;;;
76707201;attr_changed;name;name;Strnady;Strnadská hlavní;Strnadská hlavní;residential;172.0;high;;;;
76707203;attr_changed;name;name;Strnady;Strnadská I;Strnadská I;residential;435.6;high;;;;
76707204;attr_changed;name;name;Strnady;Strnadská II;Strnadská II;residential;421.8;high;;;;
76707206;attr_changed;name;name;Strnady;Strnadská slepá;Strnadská slepá;residential;60.3;high;;;;
76707208;attr_changed;name;name;Strnady;Strnadská spojka;Strnadská spojka;residential;89.4;high;;;;
82827981;attr_changed;name;name;Spořilovská;;;trunk_link;173.9;high;;;;
85354317;attr_changed;name;name;Čuprova;;;primary_link;169.3;low;hodnota odvozena ze sloučené hrany – ověřit ručně;;;
87413146;attr_changed;name;name;;Nad Lesíkem;Nad Lesíkem;residential;19.2;high;;;;
95587569;attr_changed;name;name;Pod Stupni|Vršovické náměstí;Vršovické náměstí;Vršovické náměstí;residential;91.1;low;hodnota odvozena ze sloučené hrany – ověřit ručně;;;
100882388;attr_changed;name;name;Na Dolinách;Na dolinách;Na dolinách;residential;105.9;high;;;;
102029788;attr_changed;name;name;;Podvinný mlýn;Podvinný mlýn;living_street;62.6;high;;;;
102029790;attr_changed;name;name;;Podvinný mlýn;Podvinný mlýn;living_street;193.7;high;;;;
105601461;attr_changed;name;name;Na Rovině|Za Vlasačkou;Za Vlasačkou;Za Vlasačkou;residential;94.9;low;hodnota odvozena ze sloučené hrany – ověřit ručně;;;
109078707;attr_changed;name;name;;Plzeňská;Plzeňská;tertiary;15.9;high;;;;
110516682;attr_changed;name;name;Zaječická;Nad úvozem|Zaječická;Nad úvozem|Zaječická;residential;218.1;low;hodnota odvozena ze sloučené hrany – ověřit ručně;;;
110533178;attr_changed;name;name;U Nové dálnice;Türkova;Türkova;residential;65.6;high;;;;
113591142;attr_changed;name;name;Nad Lomem;Nad lomem;Nad lomem;tertiary;73.5;high;;;;
113861552;attr_changed;name;name;;Kolátorova;Kolátorova;residential;10.9;high;;;;
115590872;attr_changed;name;name;K Dalejím|K Nové Vsi|Prokopské údolí;K Nové Vsi|Prokopské údolí;K Nové Vsi|Prokopské údolí;residential|unclassified;1122.9;low;hodnota odvozena ze sloučené hrany – ověřit ručně;;;
115848631;attr_changed;name;name;;Podvinný mlýn;Podvinný mlýn;living_street;188.3;high;;;;
116762850;attr_changed;name;name;Budějovická;;;tertiary_link;7.0;high;;;;
116764551;attr_changed;name;name;;Na Žertvách;Na Žertvách;residential;5.1;high;;;;
116764552;attr_changed;name;name;;Čuprova;Čuprova;primary_link;5.5;high;;;;
118204367;attr_changed;name;name;K Vysoké cestě;K vysoké cestě;K vysoké cestě;residential;212.7;high;;;;
118317653;attr_changed;name;name;Otakarova;Otakarova|Vršovická;Otakarova|Vršovická;secondary|tertiary;155.0;low;hodnota odvozena ze sloučené hrany – ověřit ručně;;;
123179092;attr_changed;name;name;U Nové dálnice;Türkova;Türkova;residential;329.6;low;hodnota odvozena ze sloučené hrany – ověřit ručně;;;
127885988;attr_changed;name;name;;Náměstí Franze Kafky;Náměstí Franze Kafky;residential;19.9;high;;;;
128351977;attr_changed;name;name;Slavíkova|náměstí Jiřího z Poděbrad;náměstí Jiřího z Poděbrad;náměstí Jiřího z Poděbrad;tertiary;49.6;low;hodnota odvozena ze sloučené hrany – ověřit ručně;;;
128351979;attr_changed;name;name;Slavíkova|náměstí Jiřího z Poděbrad;Slavíkova;Slavíkova;tertiary;71.4;low;hodnota odvozena ze sloučené hrany – ověřit ručně;;;
128405190;attr_changed;name;name;;Slivenecká;Slivenecká;residential;11.9;high;;;;
128488487;attr_changed;name;name;K Pazderkám;K Pazderkám;K Pazderkám;secondary;35.1;high;;;;
128493066;attr_changed;name;name;Moskevská;Vršovické náměstí;Vršovické náměstí;residential;20.2;high;;;;
128493068;attr_changed;name;name;Moskevská;Vršovické náměstí;Vršovické náměstí;tertiary;211.7;high;;;;
128607202;attr_changed;name;name;Nad Úvozem;Nad úvozem;Nad úvozem;residential;546.6;high;;;;
128635486;attr_changed;name;name;K Dalejím|K Nové Vsi|Prokopské údolí;K Dalejím|Prokopské údolí;K Dalejím|Prokopské údolí;unclassified;1282.7;low;hodnota odvozena ze sloučené hrany – ověřit ručně;;;
128746387;attr_changed;name;name;K Sídlišti;K sídlišti;K sídlišti;residential;223.5;high;;;;
128746398;attr_changed;name;name;V Rovinách;V rovinách;V rovinách;residential;180.2;low;hodnota odvozena ze sloučené hrany – ověřit ručně;;;
128746399;attr_changed;name;name;V Rovinách;V rovinách;V rovinách;residential;16.0;high;;;;
128746400;attr_changed;name;name;V Rovinách;V rovinách;V rovinách;residential;151.0;low;hodnota odvozena ze sloučené hrany – ověřit ručně;;;
128746401;attr_changed;name;name;V Rovinách;V rovinách;V rovinách;residential;247.4;low;hodnota odvozena ze sloučené hrany – ověřit ručně;;;
128929361;attr_changed;name;name;Boční Ⅰ;Boční I;Boční I;residential;64.9;high;;;;
128929363;attr_changed;name;name;Boční Ⅰ;Boční I;Boční I;residential;104.2;high;;;;
128929366;attr_changed;name;name;Jihovýchodní Ⅵ;Jihovýchodní VI|Jihovýchodní Ⅵ;Jihovýchodní VI|Jihovýchodní Ⅵ;residential;49.3;low;hodnota odvozena ze sloučené hrany – ověřit ručně;;;
128929367;attr_changed;name;name;Jihovýchodní Ⅵ;Jihovýchodní VI;Jihovýchodní VI;residential;122.5;high;;;;
128929371;attr_changed;name;name;Jižní Ⅰ;Jižní I;Jižní I;residential;14.2;high;;;;
128929374;attr_changed;name;name;Jižní Ⅸ;Jižní IX;Jižní IX;residential;60.7;low;hodnota odvozena ze sloučené hrany – ověřit ručně;;;
128929375;attr_changed;name;name;Jižní Ⅸ;Jižní IX;Jižní IX;residential;28.3;high;;;;
128929382;attr_changed;name;name;Jižní Ⅸ;Jižní IX;Jižní IX;residential;47.5;low;hodnota odvozena ze sloučené hrany – ověřit ručně;;;
128929384;attr_changed;name;name;Jižní Ⅸ;Jižní IX;Jižní IX;residential;77.0;low;hodnota odvozena ze sloučené hrany – ověřit ručně;;;
129137184;attr_changed;name;name;Novostrašnická;Novostrašnická|Pelyňková;Novostrašnická|Pelyňková;residential;410.3;low;hodnota odvozena ze sloučené hrany – ověřit ručně;;;
129137188;attr_changed;name;name;Novostrašnická;Novostrašnická|Pelyňková;Novostrašnická|Pelyňková;residential;410.3;low;hodnota odvozena ze sloučené hrany – ověřit ručně;;;
131588941;attr_changed;name;name;Boční Ⅰ;Boční I;Boční I;residential;155.6;high;;;;
131588943;attr_changed;name;name;Boční Ⅰ;Boční I;Boční I;residential;119.5;high;;;;
131588946;attr_changed;name;name;Jihovýchodní Ⅸ;Jihovýchodní IX;Jihovýchodní IX;residential;71.9;low;hodnota odvozena ze sloučené hrany – ověřit ručně;;;
131588947;attr_changed;name;name;Jižní Ⅲ;Jižní III;Jižní III;residential;91.3;high;;;;
131588951;attr_changed;name;name;Severní Ⅵ;Severní VI;Severní VI;residential;178.9;high;;;;
131588952;attr_changed;name;name;Severní ⅩⅠ;Severní XI;Severní XI;tertiary;28.7;high;;;;
131588956;attr_changed;name;name;Severovýchodní Ⅵ;Severovýchodní VI;Severovýchodní VI;residential;263.0;high;;;;
131588957;attr_changed;name;name;Severozápadní Ⅳ;Severozápadní IV;Severozápadní IV;residential;52.1;low;hodnota odvozena ze sloučené hrany – ověřit ručně;;;
131628054;attr_changed;name;name;Na Vrstvách;Na vrstvách;Na vrstvách;residential;130.1;high;;;;
131628064;attr_changed;name;name;V Rovinách;V rovinách;V rovinách;residential;81.4;high;;;;
131630483;attr_changed;name;name;Nad Malým mýtem;Nad malým mýtem;Nad malým mýtem;residential;249.9;low;hodnota odvozena ze sloučené hrany – ověřit ručně;;;
131755770;attr_changed;name;name;U Háje;U háje;U háje;tertiary;189.7;low;hodnota odvozena ze sloučené hrany – ověřit ručně;;;
133146348;attr_changed;name;name;K Přehradám;K Přehradám;K Přehradám;secondary;1823.0;high;;;;
133375109;attr_changed;name;name;Jihovýchodní Ⅵ;Jihovýchodní VI;Jihovýchodní VI;residential;127.0;high;;;;
133375110;attr_changed;name;name;Jihovýchodní Ⅵ;Jihovýchodní VI;Jihovýchodní VI;residential;121.9;high;;;;
133375112;attr_changed;name;name;Jihozápadní Ⅳ;Jihozápadní IV;Jihozápadní IV;residential;605.5;high;;;;
133375114;attr_changed;name;name;Jižní Ⅲ;Jižní III;Jižní III;residential;51.4;high;;;;
133375122;attr_changed;name;name;Severní ⅩⅠ;Severní XI;Severní XI;tertiary;18.5;high;;;;
133375125;attr_changed;name;name;U Nové dálnice;Türkova;Türkova;residential;329.6;low;hodnota odvozena ze sloučené hrany – ověřit ručně;;;
134686951;attr_changed;name;name;Zbraslavská;;;trunk_link;54.4;high;;;;
134997536;attr_changed;name;name;V Olšinách;V Olšinách;V Olšinách;secondary;335.7;high;;;;
135000758;attr_changed;name;name;Sportovní;Sportovní|Vršovické náměstí;Sportovní|Vršovické náměstí;tertiary;41.2;low;hodnota odvozena ze sloučené hrany – ověřit ručně;;;
135544097;attr_changed;name;name;Do Zahrádek Ⅱ|K Metru;Do Zahrádek II|K Metru;Do Zahrádek II|K Metru;residential;287.7;low;hodnota odvozena ze sloučené hrany – ověřit ručně;;;
136293270;attr_changed;name;name;Zbraslavská;;;trunk_link;13.3;high;;;;
140773767;attr_changed;name;name;K Barrandovu;K Barrandovu|K Barrandovu;K Barrandovu|K Barrandovu;secondary;733.9;low;hodnota odvozena ze sloučené hrany – ověřit ručně;;;
140773769;attr_changed;name;name;K Barrandovu;K Barrandovu;K Barrandovu;secondary|trunk_link;676.9;low;hodnota odvozena ze sloučené hrany – ověřit ručně;;;
141068967;attr_changed;name;name;K Barrandovu;K Barrandovu|K Barrandovu;K Barrandovu|K Barrandovu;secondary;733.9;low;hodnota odvozena ze sloučené hrany – ověřit ručně;;;
141693327;attr_changed;name;name;;Stroupežnického;Stroupežnického;residential;8.4;high;;;;
141925886;attr_changed;name;name;Branická;;;tertiary_link;58.1;high;;;;
149581967;attr_changed;name;name;Za Skalkou;Za skalkou;Za skalkou;residential;259.8;high;;;;
149581968;attr_changed;name;name;Za Skalkou;Za skalkou;Za skalkou;tertiary;68.5;low;hodnota odvozena ze sloučené hrany – ověřit ručně;;;
149705261;attr_changed;name;name;Pivoňská;Jamská;Jamská;living_street;32.1;low;hodnota odvozena ze sloučené hrany – ověřit ručně;;;
151423221;attr_changed;name;name;Letohradská|Nad Štolou;Letohradská;Letohradská;residential;69.4;low;hodnota odvozena ze sloučené hrany – ověřit ručně;;;
155739681;attr_changed;name;name;Aristotelova|Sokratova;Sokratova;Sokratova;residential;150.1;low;hodnota odvozena ze sloučené hrany – ověřit ručně;;;
156258594;attr_changed;name;name;;Klešická;Klešická;residential;80.9;low;hodnota odvozena ze sloučené hrany – ověřit ručně;;;
166805562;attr_changed;name;name;;Lesáků;Lesáků;residential;465.2;low;hodnota odvozena ze sloučené hrany – ověřit ručně;;;
168432750;attr_changed;name;name;Severozápadní Ⅰ;Severozápadní I;Severozápadní I;tertiary;275.0;high;;;;
169309818;attr_changed;name;name;Ústecká;Pražská|Ústecká;Pražská|Ústecká;secondary;2290.5;low;hodnota odvozena ze sloučené hrany – ověřit ručně;;;
169736213;attr_changed;name;name;Nad Cihelnou;Nad cihelnou;Nad cihelnou;residential;371.0;high;;;;
172842778;attr_changed;name;name;Strakonická;;;trunk;873.2;low;hodnota odvozena ze sloučené hrany – ověřit ručně;;;
172943160;attr_changed;name;name;Československého exilu;;;tertiary_link;46.1;high;;;;
172960418;attr_changed;name;name;Nad Lomem;Jasná I|Nad lomem;Jasná I|Nad lomem;residential;206.1;low;hodnota odvozena ze sloučené hrany – ověřit ručně;;;
172960419;attr_changed;name;name;K Sídlišti;K sídlišti;K sídlišti;residential;77.8;high;;;;
172991858;attr_changed;name;name;Pražská;;;secondary_link;15.5;high;;;;
173019844;attr_changed;name;name;V Pitkovičkách;V Pitkovičkách|V Pitkovičkách;V Pitkovičkách|V Pitkovičkách;tertiary;141.3;low;hodnota odvozena ze sloučené hrany – ověřit ručně;;;
179554573;attr_changed;name;name;Na Hřebenech Ⅰ;Na hřebenech Ⅰ;Na hřebenech Ⅰ;residential;72.1;high;;;;
180964439;attr_changed;name;name;Na Slupi;Na Slupi|Svobodova;Na Slupi|Svobodova;tertiary;38.7;low;hodnota odvozena ze sloučené hrany – ověřit ručně;;;
180964448;attr_changed;name;name;Na Slupi|Svobodova;Svobodova;Svobodova;tertiary;45.7;low;hodnota odvozena ze sloučené hrany – ověřit ručně;;;
183167786;attr_changed;name;name;Na Hřebenech Ⅱ;Na hřebenech Ⅱ;Na hřebenech Ⅱ;tertiary;295.7;high;;;;
185204942;attr_changed;name;name;náměstí Jiřího z Poděbrad;náměstí Jiřího z Poděbrad|náměstí Jiřího z Poděbrad;náměstí Jiřího z Poděbrad|náměstí Jiřího z Poděbrad;living_street;139.1;low;hodnota odvozena ze sloučené hrany – ověřit ručně;;;
198379323;attr_changed;name;name;;Gogolova;Gogolova;residential;10.9;low;hodnota odvozena ze sloučené hrany – ověřit ručně;;;
208404938;attr_changed;name;name;K Dalejím|K Nové Vsi|Prokopské údolí;K Nové Vsi|Prokopské údolí;K Nové Vsi|Prokopské údolí;residential|unclassified;1122.9;low;hodnota odvozena ze sloučené hrany – ověřit ručně;;;
218801444;attr_changed;name;name;Slavíkova|náměstí Jiřího z Poděbrad;Slavíkova;Slavíkova;tertiary;71.4;low;hodnota odvozena ze sloučené hrany – ověřit ručně;;;
219695627;attr_changed;name;name;K Řeporyjím;K Řeporyjím;K Řeporyjím;tertiary;78.4;low;hodnota odvozena ze sloučené hrany – ověřit ručně;;;
225835088;attr_changed;name;name;Na Rovině|Za Vlasačkou;Na Rovině;Na Rovině;residential;231.6;low;hodnota odvozena ze sloučené hrany – ověřit ručně;;;
231899845;attr_changed;name;name;Na Dolinách;Na dolinách;Na dolinách;tertiary;140.0;high;;;;
238044443;attr_changed;name;name;Za Skalkou;Za skalkou;Za skalkou;residential;87.5;high;;;;
242923302;attr_changed;name;name;K Řeporyjím;K Řeporyjím;K Řeporyjím;tertiary;78.4;low;hodnota odvozena ze sloučené hrany – ověřit ručně;;;
249196472;attr_changed;name;name;K Juliáně;K Juliáně|K Juliáně;K Juliáně|K Juliáně;residential;120.4;low;hodnota odvozena ze sloučené hrany – ověřit ručně;;;
251630201;attr_changed;name;name;Křišťálová;Alabastrová|Křišťálová;Alabastrová|Křišťálová;living_street;113.1;low;hodnota odvozena ze sloučené hrany – ověřit ručně;;;
251630205;attr_changed;name;name;Jantarová;Alabastrová|Jantarová;Alabastrová|Jantarová;living_street;122.6;low;hodnota odvozena ze sloučené hrany – ověřit ručně;;;
256214486;attr_changed;name;name;Nad Úvozem|V Kratinách;Nad úvozem|V Kratinách;Nad úvozem|V Kratinách;residential;197.0;low;hodnota odvozena ze sloučené hrany – ověřit ručně;;;
261369535;attr_changed;name;name;;Nademlejnská;Nademlejnská;residential;135.9;high;;;;
261369536;attr_changed;name;name;;Nademlejnská;Nademlejnská;residential;44.1;high;;;;
261905202;attr_changed;name;name;Na Rozdílu|Nad Bořislavkou;Nad Bořislavkou;Nad Bořislavkou;residential;232.8;low;hodnota odvozena ze sloučené hrany – ověřit ručně;;;
264828876;attr_changed;name;name;U Družstva Práce;U družstva Práce;U družstva Práce;residential;186.1;high;;;;
265280086;attr_changed;name;name;K Pazderkám;K Pazderkám;K Pazderkám;tertiary;210.3;high;;;;
278833884;attr_changed;name;name;Na Sypčině;Na sypčině;Na sypčině;residential;111.2;high;;;;
279225936;attr_changed;name;name;Jihozápadní Ⅲ;Jihozápadní III;Jihozápadní III;residential;181.8;high;;;;
279884942;attr_changed;name;name;Severní Ⅰ;Severní I;Severní I;tertiary;140.2;high;;;;
281524351;attr_changed;name;name;V Podhájí;V podhájí;V podhájí;residential;112.2;high;;;;
281524354;attr_changed;name;name;K Vysoké cestě;K vysoké cestě;K vysoké cestě;residential;52.6;high;;;;
291332599;attr_changed;name;name;Horákova;;;residential;53.8;low;hodnota odvozena ze sloučené hrany – ověřit ručně;;;
292707867;attr_changed;name;name;Kuchařská|Votavova;Kuchařská;Kuchařská;residential;140.9;low;hodnota odvozena ze sloučené hrany – ověřit ručně;;;
292707869;attr_changed;name;name;Kuchařská|Votavova;Kuchařská;Kuchařská;residential;140.9;low;hodnota odvozena ze sloučené hrany – ověřit ručně;;;
305369076;attr_changed;name;name;Borodinská;Vršovické náměstí;Vršovické náměstí;living_street;63.2;high;;;;
306646410;attr_changed;name;name;K Sídlišti;K sídlišti;K sídlišti;residential;83.3;high;;;;
308558165;attr_changed;name;name;K Přehradám;K Přehradám;K Přehradám;secondary;1246.8;high;;;;
311029764;attr_changed;name;name;Spořilovská;;;trunk_link;219.9;low;hodnota odvozena ze sloučené hrany – ověřit ručně;;;
311029781;attr_changed;name;name;Spořilovská;;;trunk_link;219.9;low;hodnota odvozena ze sloučené hrany – ověřit ručně;;;
317262763;attr_changed;name;name;V Rovinách;V rovinách;V rovinách;residential;247.4;low;hodnota odvozena ze sloučené hrany – ověřit ručně;;;
317262767;attr_changed;name;name;V Rovinách;V rovinách;V rovinách;residential;368.1;high;;;;
317581188;attr_changed;name;name;K Sídlišti;K sídlišti;K sídlišti;tertiary;45.2;high;;;;
317581189;attr_changed;name;name;K Sídlišti;K sídlišti;K sídlišti;tertiary;38.1;high;;;;
317581190;attr_changed;name;name;K Sídlišti;K sídlišti;K sídlišti;tertiary;79.1;high;;;;
317852543;attr_changed;name;name;V Rovinách;V rovinách;V rovinách;residential;180.7;low;hodnota odvozena ze sloučené hrany – ověřit ručně;;;
317852548;attr_changed;name;name;V Rovinách;V rovinách;V rovinách;residential;30.8;high;;;;
317852551;attr_changed;name;name;V Rovinách;V rovinách;V rovinách;residential;30.0;high;;;;
318434013;attr_changed;name;name;V Rovinách;V rovinách;V rovinách;residential;214.1;high;;;;
319158023;attr_changed;name;name;K Pazderkám;K Pazderkám|K Pazderkám;K Pazderkám|K Pazderkám;tertiary;402.6;low;hodnota odvozena ze sloučené hrany – ověřit ručně;;;
319158025;attr_changed;name;name;K Pazderkám;K Pazderkám|K Pazderkám;K Pazderkám|K Pazderkám;tertiary;402.6;low;hodnota odvozena ze sloučené hrany – ověřit ručně;;;
325163043;attr_changed;name;name;K Barrandovu;K Barrandovu;K Barrandovu;secondary|trunk_link;676.9;low;hodnota odvozena ze sloučené hrany – ověřit ručně;;;
334868590;attr_changed;name;name;Nad Cihelnou;Nad Cihelnou|Nad cihelnou;Nad Cihelnou|Nad cihelnou;residential;57.2;low;hodnota odvozena ze sloučené hrany – ověřit ručně;;;
342044638;attr_changed;name;name;K Sídlišti;K sídlišti;K sídlišti;residential;85.9;high;;;;
352827886;attr_changed;name;name;Nad Ostrovem;Nad ostrovem;Nad ostrovem;residential;150.7;high;;;;
353606392;attr_changed;name;name;U Nové dálnice;Türkova;Türkova;residential;329.6;low;hodnota odvozena ze sloučené hrany – ověřit ručně;;;
354780623;attr_changed;name;name;Severovýchodní Ⅰ;Severovýchodní I;Severovýchodní I;tertiary;75.5;low;hodnota odvozena ze sloučené hrany – ověřit ručně;;;
358514964;attr_changed;name;name;Starodubečská;Netlucká|Starodubečská;Netlucká|Starodubečská;tertiary;222.7;low;hodnota odvozena ze sloučené hrany – ověřit ručně;;;
358514965;attr_changed;name;name;Starodubečská;Netlucká|Starodubečská;Netlucká|Starodubečská;tertiary;222.7;low;hodnota odvozena ze sloučené hrany – ověřit ručně;;;
358514966;attr_changed;name;name;Starodubečská;Netlucká|Starodubečská;Netlucká|Starodubečská;tertiary;222.7;low;hodnota odvozena ze sloučené hrany – ověřit ručně;;;
358578568;attr_changed;name;name;Ke Křížkám|náměstí U lípy svobody;Ke Křížkám;Ke Křížkám;tertiary;187.2;low;hodnota odvozena ze sloučené hrany – ověřit ručně;;;
361571007;attr_changed;name;name;Nad Cihelnou;Nad Cihelnou|Nad cihelnou;Nad Cihelnou|Nad cihelnou;residential;57.2;low;hodnota odvozena ze sloučené hrany – ověřit ručně;;;
361571009;attr_changed;name;name;Nad Cihelnou;Nad Cihelnou|Nad cihelnou;Nad Cihelnou|Nad cihelnou;residential;57.2;low;hodnota odvozena ze sloučené hrany – ověřit ručně;;;
363523252;attr_changed;name;name;Svobodova;;;tertiary_link;21.5;high;;;;
363523270;attr_changed;name;name;Rašínovo nábřeží;;;tertiary_link;18.4;high;;;;
373222441;attr_changed;name;name;Nad Kolonií;Nad kolonií;Nad kolonií;residential;92.7;high;;;;
374917455;attr_changed;name;name;Jihovýchodní Ⅰ;Jihovýchodní I;Jihovýchodní I;residential;224.3;high;;;;
375707237;attr_changed;name;name;Aristotelova|Sokratova;Aristotelova;Aristotelova;residential;163.2;low;hodnota odvozena ze sloučené hrany – ověřit ručně;;;
375707239;attr_changed;name;name;Jižní ⅩⅡ;Jižní XII;Jižní XII;residential;76.0;high;;;;
380948225;attr_changed;name;name;;Strakonická;Strakonická;trunk;869.6;low;hodnota odvozena ze sloučené hrany – ověřit ručně;;;
381418560;attr_changed;name;name;Severovýchodní Ⅳ;Severovýchodní IV;Severovýchodní IV;residential;142.9;high;;;;
381935620;attr_changed;name;name;;Nad Vruticí;Nad Vruticí;living_street;63.4;high;;;;
392768589;attr_changed;name;name;U Družstva Práce;U družstva Práce;U družstva Práce;residential;47.1;low;hodnota odvozena ze sloučené hrany – ověřit ručně;;;
392930764;attr_changed;name;name;U Vysočanského pivovaru;Poštovská|U Vysočanského pivovaru;Poštovská|U Vysočanského pivovaru;residential;335.3;low;hodnota odvozena ze sloučené hrany – ověřit ručně;;;
392932574;attr_changed;name;name;Lochenická|Nové dvory;Nové dvory;Nové dvory;residential;141.4;low;hodnota odvozena ze sloučené hrany – ověřit ručně;;;
403441785;attr_changed;name;name;Na Hřebenech Ⅱ|Na Kavčích horách;Na Kavčích horách|Na hřebenech Ⅱ;Na Kavčích horách|Na hřebenech Ⅱ;living_street|residential;539.5;low;hodnota odvozena ze sloučené hrany – ověřit ručně;;;
404452524;attr_changed;name;name;K Tuchoměřicům;K Tuchoměřicům|K Tuchoměřicům;K Tuchoměřicům|K Tuchoměřicům;tertiary;173.8;low;hodnota odvozena ze sloučené hrany – ověřit ručně;;;
405994584;attr_changed;name;name;U Pergamenky;Ortenovo náměstí;Ortenovo náměstí;residential;221.3;high;;;;
417598356;attr_changed;name;name;krále Václava IV.;Krále Václava IV.;Krále Václava IV.;residential;366.5;high;;;;
426695218;attr_changed;name;name;U Dubu;U dubu;U dubu;residential;147.3;high;;;;
472230361;attr_changed;name;name;Na Hřebenech Ⅱ;Na hřebenech Ⅱ;Na hřebenech Ⅱ;tertiary;192.2;high;;;;
476039098;attr_changed;name;name;Palackého most;;;tertiary_link;19.8;low;hodnota odvozena ze sloučené hrany – ověřit ručně;;;
479544434;attr_changed;name;name;Čuprova;;;primary_link;169.3;low;hodnota odvozena ze sloučené hrany – ověřit ručně;;;
479544435;attr_changed;name;name;Čuprova;;;primary_link;169.3;low;hodnota odvozena ze sloučené hrany – ověřit ručně;;;
479544441;attr_changed;name;name;;Zenklova;Zenklova;primary;11.9;high;;;;
481198498;attr_changed;name;name;Spořilovská;;;trunk_link;153.3;low;hodnota odvozena ze sloučené hrany – ověřit ručně;;;
481450906;attr_changed;name;name;Jihovýchodní Ⅵ;Jihovýchodní VI;Jihovýchodní VI;residential;12.0;high;;;;
481451185;attr_changed;name;name;Severní Ⅳ;Severní IV;Severní IV;residential;316.4;high;;;;
481574085;attr_changed;name;name;Severovýchodní Ⅰ;Severovýchodní I;Severovýchodní I;tertiary;285.7;high;;;;
481575056;attr_changed;name;name;Jižní ⅩⅤ;Jižní XV;Jižní XV;residential;13.3;high;;;;
481575057;attr_changed;name;name;Jižní Ⅲ;Jižní III;Jižní III;residential;13.5;high;;;;
481575058;attr_changed;name;name;Jižní Ⅲ;Jižní III;Jižní III;residential;90.9;high;;;;
481575059;attr_changed;name;name;Jihovýchodní Ⅳ;Jihovýchodní IV;Jihovýchodní IV;residential;15.8;high;;;;
481575060;attr_changed;name;name;Jihovýchodní Ⅳ;Jihovýchodní IV;Jihovýchodní IV;residential;11.1;high;;;;
481576551;attr_changed;name;name;Severozápadní Ⅴ;Severozápadní V;Severozápadní V;residential;34.6;low;hodnota odvozena ze sloučené hrany – ověřit ručně;;;
482467819;attr_changed;name;name;Lahovický most;;;trunk;262.0;low;hodnota odvozena ze sloučené hrany – ověřit ručně;;;
482806987;attr_changed;name;name;;Bělohorská;Bělohorská;busway;157.5;high;;;;
483508425;attr_changed;name;name;Palackého most;;;tertiary_link;11.9;low;hodnota odvozena ze sloučené hrany – ověřit ručně;;;
483508427;attr_changed;name;name;Rašínovo nábřeží;;;tertiary_link;18.9;low;hodnota odvozena ze sloučené hrany – ověřit ručně;;;
483508428;attr_changed;name;name;Svobodova;;;tertiary_link;15.0;high;;;;
487492270;attr_changed;name;name;;Evropská;Evropská;residential;19.2;high;;;;
489796231;attr_changed;name;name;Na Vrstvách;Na vrstvách;Na vrstvách;living_street;268.8;high;;;;
489796232;attr_changed;name;name;Na Vrstvách;Na vrstvách;Na vrstvách;residential;30.3;high;;;;
489805562;attr_changed;name;name;Jungmannova;Jungmannova|Jungmannová;Jungmannova|Jungmannová;residential;221.5;low;hodnota odvozena ze sloučené hrany – ověřit ručně;;;
490714983;attr_changed;name;name;;Nad Lesíkem;Nad Lesíkem;residential;20.0;high;;;;
490998896;attr_changed;name;name;Boční Ⅰ;Boční I;Boční I;residential;44.8;high;;;;
490998897;attr_changed;name;name;Boční Ⅰ;Boční I;Boční I;residential;233.5;high;;;;
490999327;attr_changed;name;name;Jihozápadní Ⅱ;Jihozápadní II;Jihozápadní II;residential;103.2;high;;;;
490999487;attr_changed;name;name;Jižní Ⅸ;Jižní IX;Jižní IX;residential;75.8;high;;;;
490999488;attr_changed;name;name;Jižní Ⅸ;Jižní IX;Jižní IX;residential;77.0;low;hodnota odvozena ze sloučené hrany – ověřit ručně;;;
490999748;attr_changed;name;name;Jihovýchodní Ⅴ|Jižní Ⅵ;Jihovýchodní Ⅴ|Jižní VI;Jihovýchodní Ⅴ|Jižní VI;residential;86.1;low;hodnota odvozena ze sloučené hrany – ověřit ručně;;;
490999749;attr_changed;name;name;Jižní Ⅴ;Jižní V;Jižní V;residential;56.4;high;;;;
491000293;attr_changed;name;name;Jižní Ⅰ;Jižní I;Jižní I;residential;409.4;high;;;;
491000294;attr_changed;name;name;Jižní Ⅰ;Jižní I;Jižní I;residential;34.1;high;;;;
491001244;attr_changed;name;name;Boční Ⅱ;Boční II;Boční II;residential;92.5;low;hodnota odvozena ze sloučené hrany – ověřit ručně;;;
491001245;attr_changed;name;name;Boční Ⅰ;Boční I;Boční I;residential;86.9;low;hodnota odvozena ze sloučené hrany – ověřit ručně;;;
491001246;attr_changed;name;name;Boční Ⅰ;Boční I;Boční I;residential;80.4;high;;;;
491001247;attr_changed;name;name;Boční Ⅱ;Boční II;Boční II;residential;207.7;high;;;;
491001248;attr_changed;name;name;Severozápadní Ⅴ;Severozápadní V;Severozápadní V;residential;34.6;low;hodnota odvozena ze sloučené hrany – ověřit ručně;;;
491004416;attr_changed;name;name;;Jižní náměstí;Jižní náměstí;residential;41.5;low;hodnota odvozena ze sloučené hrany – ověřit ručně;;;
491004417;attr_changed;name;name;;Jižní náměstí;Jižní náměstí;residential;42.1;low;hodnota odvozena ze sloučené hrany – ověřit ručně;;;
491005563;attr_changed;name;name;Jihovýchodní Ⅶ;Jihovýchodní VII;Jihovýchodní VII;residential;121.1;high;;;;
491005564;attr_changed;name;name;Jihovýchodní Ⅸ;Jihovýchodní IX;Jihovýchodní IX;residential;145.3;high;;;;
491108542;attr_changed;name;name;Severovýchodní Ⅳ;Severovýchodní IV;Severovýchodní IV;residential;85.7;high;;;;
495710778;attr_changed;name;name;Mezichuchelská;;;trunk_link;332.0;low;hodnota odvozena ze sloučené hrany – ověřit ručně;;;
497165629;attr_changed;name;name;Jihozápadní Ⅳ;Jihozápadní IV;Jihozápadní IV;residential;129.3;low;hodnota odvozena ze sloučené hrany – ověřit ručně;;;
497266602;attr_changed;name;name;Jižní ⅩⅤ;Jižní XV;Jižní XV;residential;57.0;low;hodnota odvozena ze sloučené hrany – ověřit ručně;;;
497628645;attr_changed;name;name;Jihozápadní Ⅱ;Jihozápadní II;Jihozápadní II;residential;94.9;high;;;;
499048872;attr_changed;name;name;Na Hřebenech Ⅱ;Na hřebenech Ⅱ;Na hřebenech Ⅱ;residential;51.7;high;;;;
499048873;attr_changed;name;name;Na Hřebenech Ⅱ;Na hřebenech Ⅱ;Na hřebenech Ⅱ;residential;55.7;high;;;;
502574967;attr_changed;name;name;U Dubu;U dubu;U dubu;residential;84.7;high;;;;
502773230;attr_changed;name;name;Výpadová;;;trunk_link;25.7;high;;;;
504160805;attr_changed;name;name;Na Hřebenech Ⅱ;Na hřebenech Ⅱ;Na hřebenech Ⅱ;tertiary;56.6;high;;;;
506415018;attr_changed;name;name;Hlavní;;;tertiary_link;16.5;high;;;;
506415021;attr_changed;name;name;Severní ⅩⅠ;Severní XI;Severní XI;tertiary;95.7;low;hodnota odvozena ze sloučené hrany – ověřit ručně;;;
506417707;attr_changed;name;name;Severní ⅩⅠ;Severní XI;Severní XI;tertiary;21.4;high;;;;
507852721;attr_changed;name;name;K Dalejím|K Nové Vsi|Prokopské údolí;K Dalejím|Prokopské údolí;K Dalejím|Prokopské údolí;unclassified;1282.7;low;hodnota odvozena ze sloučené hrany – ověřit ručně;;;
520583500;attr_changed;name;name;Schengenská;;;trunk_link;115.2;low;hodnota odvozena ze sloučené hrany – ověřit ručně;;;
521531722;attr_changed;name;name;Dvorecké náměstí;;;tertiary_link;15.9;high;;;;
521809360;attr_changed;name;name;K Barrandovu;K Barrandovu|K Barrandovu;K Barrandovu|K Barrandovu;secondary;722.9;low;hodnota odvozena ze sloučené hrany – ověřit ručně;;;
525247506;attr_changed;name;name;Svobodova;;;tertiary_link;26.8;high;;;;
531442191;attr_changed;name;name;Severní Ⅵ;Severní VI;Severní VI;residential;53.9;high;;;;
575537081;attr_changed;name;name;Pod Krejcárkem;Novovysočanská|Pod Krejcárkem;Novovysočanská|Pod Krejcárkem;secondary;21.5;low;hodnota odvozena ze sloučené hrany – ověřit ručně;;;
583516118;attr_changed;name;name;;Lindleyova;Lindleyova;living_street;52.3;high;;;;
586646246;attr_changed;name;name;Jihozápadní Ⅲ;Jihozápadní III;Jihozápadní III;residential;247.9;high;;;;
586681822;attr_changed;name;name;Na Hřebenech Ⅱ|Na Kavčích horách;Na Kavčích horách|Na hřebenech Ⅱ;Na Kavčích horách|Na hřebenech Ⅱ;living_street|residential;539.5;low;hodnota odvozena ze sloučené hrany – ověřit ručně;;;
587768333;attr_changed;name;name;Jižní ⅩⅤ;Jižní XV;Jižní XV;residential;105.7;low;hodnota odvozena ze sloučené hrany – ověřit ručně;;;
588727107;attr_changed;name;name;Jihovýchodní Ⅵ;Jihovýchodní VI;Jihovýchodní VI;residential;12.5;high;;;;
588787227;attr_changed;name;name;Jižní Ⅶ;Jižní VII;Jižní VII;residential;83.9;high;;;;
588790568;attr_changed;name;name;Jižní Ⅶ;Jižní VII;Jižní VII;residential;68.7;low;hodnota odvozena ze sloučené hrany – ověřit ručně;;;
588790569;attr_changed;name;name;Jižní Ⅶ;Jižní VII;Jižní VII;residential;166.8;high;;;;
588805446;attr_changed;name;name;Boční Ⅰ;Boční I;Boční I;residential;60.8;high;;;;
588805450;attr_changed;name;name;Boční Ⅰ;Boční I;Boční I;residential;78.5;high;;;;
588805454;attr_changed;name;name;Boční Ⅰ;Boční I;Boční I;residential;188.2;high;;;;
589240968;attr_changed;name;name;Jihovýchodní Ⅳ;Jihovýchodní IV;Jihovýchodní IV;residential;115.6;high;;;;
589240969;attr_changed;name;name;Jihovýchodní Ⅳ;Jihovýchodní IV;Jihovýchodní IV;residential;195.0;high;;;;
589903842;attr_changed;name;name;Jižní Ⅰ;Jižní I;Jižní I;residential;20.1;low;hodnota odvozena ze sloučené hrany – ověřit ručně;;;
591568968;attr_changed;name;name;Severní Ⅰ;Severní I;Severní I;secondary_link|tertiary_link;114.4;low;hodnota odvozena ze sloučené hrany – ověřit ručně;;;
591568969;attr_changed;name;name;Severovýchodní Ⅰ;Severovýchodní I;Severovýchodní I;tertiary;75.5;low;hodnota odvozena ze sloučené hrany – ověřit ručně;;;
591768445;attr_changed;name;name;;Mladých Běchovic;Mladých Běchovic;residential;133.4;high;;;;
591812109;attr_changed;name;name;Severní Ⅱ;Severní II;Severní II;residential;164.8;high;;;;
591812110;attr_changed;name;name;Severní Ⅲ;Severní III;Severní III;residential;254.2;high;;;;
592114472;attr_changed;name;name;Severní ⅩⅠ;Severní XI;Severní XI;tertiary;211.2;high;;;;
592114492;attr_changed;name;name;Severozápadní Ⅰ;Severozápadní I;Severozápadní I;tertiary;42.7;low;hodnota odvozena ze sloučené hrany – ověřit ručně;;;
592136354;attr_changed;name;name;Severozápadní Ⅱ;Severozápadní II;Severozápadní II;residential;192.4;high;;;;
592136355;attr_changed;name;name;Severozápadní Ⅲ;Severozápadní III;Severozápadní III;residential;291.3;high;;;;
592136356;attr_changed;name;name;Severovýchodní Ⅲ;Severovýchodní III;Severovýchodní III;residential;133.7;high;;;;
592136357;attr_changed;name;name;Severovýchodní Ⅱ;Severovýchodní II;Severovýchodní II;residential;363.4;high;;;;
592136358;attr_changed;name;name;Severovýchodní Ⅴ;Severovýchodní V;Severovýchodní V;residential;52.0;low;hodnota odvozena ze sloučené hrany – ověřit ručně;;;
592136361;attr_changed;name;name;Severozápadní Ⅳ;Severozápadní IV;Severozápadní IV;residential;52.1;low;hodnota odvozena ze sloučené hrany – ověřit ručně;;;
592449528;attr_changed;name;name;Nad Lomem;Nad lomem;Nad lomem;tertiary;84.1;high;;;;
596235056;attr_changed;name;name;Palackého most;;;tertiary_link;11.9;low;hodnota odvozena ze sloučené hrany – ověřit ručně;;;
598792066;attr_changed;name;name;Strakonická;;;trunk_link;249.3;low;hodnota odvozena ze sloučené hrany – ověřit ručně;;;
607690380;attr_changed;name;name;Boční Ⅱ;Boční II;Boční II;residential;208.6;high;;;;
646091343;attr_changed;name;name;krále Václava IV.;Krále Václava IV.|krále Václava IV.;Krále Václava IV.|krále Václava IV.;residential;169.0;low;hodnota odvozena ze sloučené hrany – ověřit ručně;;;
655720754;attr_changed;name;name;Jungmannova;Jungmannova|Jungmannová;Jungmannova|Jungmannová;residential;221.5;low;hodnota odvozena ze sloučené hrany – ověřit ručně;;;
675944427;attr_changed;name;name;Nad Cementárnou;Nad cementárnou;Nad cementárnou;residential;138.8;high;;;;
680403340;attr_changed;name;name;Strakonická;;;trunk_link;282.6;low;hodnota odvozena ze sloučené hrany – ověřit ručně;;;
691139390;attr_changed;name;name;K Barrandovu;K Barrandovu|K Barrandovu;K Barrandovu|K Barrandovu;secondary;722.9;low;hodnota odvozena ze sloučené hrany – ověřit ručně;;;
708474103;attr_changed;name;name;Rašínovo nábřeží;;;tertiary_link;67.4;high;;;;
749380632;attr_changed;name;name;Nad Lomem;Nad lomem;Nad lomem;residential;78.6;high;;;;
753290002;attr_changed;name;name;Do Zahrádek Ⅰ;Do Zahrádek I;Do Zahrádek I;residential;224.9;low;hodnota odvozena ze sloučené hrany – ověřit ručně;;;
757443938;attr_changed;name;name;Čuprova;;;primary_link;24.0;high;;;;
762462851;attr_changed;name;name;Strakonická;;;trunk;873.2;low;hodnota odvozena ze sloučené hrany – ověřit ručně;;;
762462852;attr_changed;name;name;Strakonická;;;trunk;1514.7;low;hodnota odvozena ze sloučené hrany – ověřit ručně;;;
762535131;attr_changed;name;name;;Čeřovského;Čeřovského;living_street;17.4;high;;;;
792535038;attr_changed;name;name;;Lodžská;Lodžská;tertiary_link;19.3;high;;;;
792535041;attr_changed;name;name;;Ústavní;Ústavní;tertiary_link;72.2;low;hodnota odvozena ze sloučené hrany – ověřit ručně;;;
827404598;attr_changed;name;name;;Gogolova;Gogolova;residential;10.9;low;hodnota odvozena ze sloučené hrany – ověřit ručně;;;
844360534;attr_changed;name;name;;Pod Valy;Pod Valy;residential;10.7;high;;;;
848877062;attr_changed;name;name;K Pazderkám;K Pazderkám|K Pazderkám;K Pazderkám|K Pazderkám;tertiary;402.6;low;hodnota odvozena ze sloučené hrany – ověřit ručně;;;
848877063;attr_changed;name;name;K Pazderkám;K Pazderkám|K Pazderkám;K Pazderkám|K Pazderkám;tertiary;402.6;low;hodnota odvozena ze sloučené hrany – ověřit ručně;;;
848877064;attr_changed;name;name;K Pazderkám;K Pazderkám|K Pazderkám;K Pazderkám|K Pazderkám;tertiary;402.6;low;hodnota odvozena ze sloučené hrany – ověřit ručně;;;
848877065;attr_changed;name;name;K Pazderkám;K Pazderkám|K Pazderkám;K Pazderkám|K Pazderkám;tertiary;402.6;low;hodnota odvozena ze sloučené hrany – ověřit ručně;;;
861023210;attr_changed;name;name;;Nádražní;Nádražní;tertiary;152.6;low;hodnota odvozena ze sloučené hrany – ověřit ručně;;;
878215927;attr_changed;name;name;Strnady;Strnadská hlavní;Strnadská hlavní;residential;24.1;high;;;;
878215929;attr_changed;name;name;Strnady;Strnadská hlavní;Strnadská hlavní;residential;24.1;high;;;;
879595825;attr_changed;name;name;Strakonická;;;trunk;1514.7;low;hodnota odvozena ze sloučené hrany – ověřit ručně;;;
890151622;attr_changed;name;name;K Jezeru;K Jezeru|K Jezeru;K Jezeru|K Jezeru;unclassified;709.5;low;hodnota odvozena ze sloučené hrany – ověřit ručně;;;
893931342;attr_changed;name;name;Aviatická;;;trunk;53.0;low;hodnota odvozena ze sloučené hrany – ověřit ručně;;;
894225485;attr_changed;name;name;;Jana Kašpara;Jana Kašpara;residential;19.8;high;;;;
895639881;attr_changed;name;name;Schengenská;;;trunk_link;115.2;low;hodnota odvozena ze sloučené hrany – ověřit ručně;;;
904148530;attr_changed;name;name;;nábřeží Edvarda Beneše;nábřeží Edvarda Beneše;tertiary_link;193.5;low;hodnota odvozena ze sloučené hrany – ověřit ručně;;;
904148535;attr_changed;name;name;nábřeží Edvarda Beneše;nábřeží Edvarda Beneše|Čechův most;nábřeží Edvarda Beneše|Čechův most;tertiary;22.6;low;hodnota odvozena ze sloučené hrany – ověřit ručně;;;
904148536;attr_changed;name;name;nábřeží Edvarda Beneše;nábřeží Edvarda Beneše|Čechův most;nábřeží Edvarda Beneše|Čechův most;tertiary;148.8;low;hodnota odvozena ze sloučené hrany – ověřit ručně;;;
904148545;attr_changed;name;name;nábřeží Edvarda Beneše;nábřeží Edvarda Beneše|Čechův most;nábřeží Edvarda Beneše|Čechův most;tertiary;148.8;low;hodnota odvozena ze sloučené hrany – ověřit ručně;;;
904148547;attr_changed;name;name;;nábřeží Edvarda Beneše;nábřeží Edvarda Beneše;tertiary_link;193.5;low;hodnota odvozena ze sloučené hrany – ověřit ručně;;;
904197388;attr_changed;name;name;nábřeží Edvarda Beneše;nábřeží Edvarda Beneše|Čechův most;nábřeží Edvarda Beneše|Čechův most;tertiary;148.8;low;hodnota odvozena ze sloučené hrany – ověřit ručně;;;
909132462;attr_changed;name;name;Poštovská;Poštovská|U Vysočanského pivovaru;Poštovská|U Vysočanského pivovaru;residential;335.3;low;hodnota odvozena ze sloučené hrany – ověřit ručně;;;
922250739;attr_changed;name;name;U Háje;U háje;U háje;tertiary;148.9;low;hodnota odvozena ze sloučené hrany – ověřit ručně;;;
926289773;attr_changed;name;name;K Barrandovu;K Barrandovu;K Barrandovu;secondary|trunk_link;325.9;low;hodnota odvozena ze sloučené hrany – ověřit ručně;;;
945223173;attr_changed;name;name;;Za břízami;Za břízami;residential;9.6;high;;;;
946492218;attr_changed;name;name;Kuchařská|Votavova;Votavova;Votavova;residential;141.4;low;hodnota odvozena ze sloučené hrany – ověřit ručně;;;
962420208;attr_changed;name;name;K Barrandovu;K Barrandovu;K Barrandovu;secondary|trunk_link;676.9;low;hodnota odvozena ze sloučené hrany – ověřit ručně;;;
963940121;attr_changed;name;name;;Nádražní;Nádražní;tertiary;152.6;low;hodnota odvozena ze sloučené hrany – ověřit ručně;;;
974921717;attr_changed;name;name;Strakonická;;;trunk;117.2;high;;;;
974921722;attr_changed;name;name;Strakonická;;;trunk;129.8;high;;;;
974922550;attr_changed;name;name;Strakonická;;;trunk;68.2;high;;;;
983827588;attr_changed;name;name;;Strakonická;Strakonická;trunk;869.6;low;hodnota odvozena ze sloučené hrany – ověřit ručně;;;
996102489;attr_changed;name;name;Palackého most;;;tertiary_link;19.8;low;hodnota odvozena ze sloučené hrany – ověřit ručně;;;
998180850;attr_changed;name;name;nábřeží Edvarda Beneše;nábřeží Edvarda Beneše|Čechův most;nábřeží Edvarda Beneše|Čechův most;tertiary;148.8;low;hodnota odvozena ze sloučené hrany – ověřit ručně;;;
1005561605;attr_changed;name;name;náměstí Jiřího z Poděbrad;náměstí Jiřího z Poděbrad|náměstí Jiřího z Poděbrad;náměstí Jiřího z Poděbrad|náměstí Jiřího z Poděbrad;living_street;96.1;low;hodnota odvozena ze sloučené hrany – ověřit ručně;;;
1010242681;attr_changed;name;name;K Pazderkám;K Pazderkám;K Pazderkám;tertiary;174.2;low;hodnota odvozena ze sloučené hrany – ověřit ručně;;;
1010649551;attr_changed;name;name;Strakonická;;;trunk_link;249.3;low;hodnota odvozena ze sloučené hrany – ověřit ručně;;;
1034522107;attr_changed;name;name;Aristotelova|Sokratova;Aristotelova;Aristotelova;residential;163.2;low;hodnota odvozena ze sloučené hrany – ověřit ručně;;;
1036473355;attr_changed;name;name;Netlucká;Netlucká|Starodubečská;Netlucká|Starodubečská;tertiary;222.7;low;hodnota odvozena ze sloučené hrany – ověřit ručně;;;
1041141703;attr_changed;name;name;V Křovinách;V křovinách;V křovinách;residential;76.9;high;;;;
1042241248;attr_changed;name;name;Nad Lomem;Nad lomem;Nad lomem;residential;432.7;low;hodnota odvozena ze sloučené hrany – ověřit ručně;;;
1043857218;attr_changed;name;name;Nad Přívozem;Nad přívozem;Nad přívozem;living_street|residential;82.0;low;hodnota odvozena ze sloučené hrany – ověřit ručně;;;
1046082715;attr_changed;name;name;Netlucká;Netlucká|Starodubečská;Netlucká|Starodubečská;tertiary;222.7;low;hodnota odvozena ze sloučené hrany – ověřit ručně;;;
1046082716;attr_changed;name;name;Netlucká;Netlucká|Starodubečská;Netlucká|Starodubečská;tertiary;222.7;low;hodnota odvozena ze sloučené hrany – ověřit ručně;;;
1050939160;attr_changed;name;name;;Vlašimská;Vlašimská;residential;24.8;high;;;;
1060260285;attr_changed;name;name;Strakonická;;;trunk_link;282.6;low;hodnota odvozena ze sloučené hrany – ověřit ručně;;;
1104504279;attr_changed;name;name;Klapálkova;Drahňovická|Klapálkova;Drahňovická|Klapálkova;residential;503.6;low;hodnota odvozena ze sloučené hrany – ověřit ručně;;;
1104504280;attr_changed;name;name;Drahňovická;Drahňovická|Klapálkova;Drahňovická|Klapálkova;residential;185.1;low;hodnota odvozena ze sloučené hrany – ověřit ručně;;;
1109243587;attr_changed;name;name;Čuprova;;;primary_link;394.7;low;hodnota odvozena ze sloučené hrany – ověřit ručně;;;
1110779769;attr_changed;name;name;Ke Křížkám|náměstí U lípy svobody;Ke Křížkám;Ke Křížkám;tertiary;187.2;low;hodnota odvozena ze sloučené hrany – ověřit ručně;;;
1110779796;attr_changed;name;name;Ke Křížkám|náměstí U lípy svobody;Ke Křížkám;Ke Křížkám;tertiary;187.2;low;hodnota odvozena ze sloučené hrany – ověřit ručně;;;
1180662781;attr_changed;name;name;U Háje;U háje;U háje;residential;81.6;high;;;;
1182103544;attr_changed;name;name;U Vápenné skály;U vápenné skály;U vápenné skály;residential;205.9;low;hodnota odvozena ze sloučené hrany – ověřit ručně;;;
1190012714;attr_changed;name;name;K Barrandovu;K Barrandovu;K Barrandovu;secondary|trunk_link;325.9;low;hodnota odvozena ze sloučené hrany – ověřit ručně;;;
1231951512;attr_changed;name;name;Do Zahrádek Ⅱ|K Metru;Do Zahrádek II|K Metru;Do Zahrádek II|K Metru;residential;287.7;low;hodnota odvozena ze sloučené hrany – ověřit ručně;;;
1234360082;attr_changed;name;name;;nábřeží Edvarda Beneše;nábřeží Edvarda Beneše;tertiary_link;193.5;low;hodnota odvozena ze sloučené hrany – ověřit ručně;;;
1250344256;attr_changed;name;name;;Čuprova;Čuprova;primary_link;10.0;high;;;;
1272026408;attr_changed;name;name;Strnady;Strnadská III;Strnadská III;residential;191.8;high;;;;
1274886694;attr_changed;name;name;K Barrandovu;K Barrandovu;K Barrandovu;secondary|trunk_link;325.9;low;hodnota odvozena ze sloučené hrany – ověřit ručně;;;
1288149925;attr_changed;name;name;;Záběhlická;Záběhlická;tertiary;58.7;low;hodnota odvozena ze sloučené hrany – ověřit ručně;;;
1288149926;attr_changed;name;name;;Záběhlická;Záběhlická;tertiary;58.3;high;;;;
1296975263;attr_changed;name;name;Svobodova;;;tertiary_link;37.8;low;hodnota odvozena ze sloučené hrany – ověřit ručně;;;
1319919600;attr_changed;name;name;;Záběhlická;Záběhlická;tertiary;58.7;low;hodnota odvozena ze sloučené hrany – ověřit ručně;;;
1320070909;attr_changed;name;name;Spořilovská;;;trunk_link;221.7;low;hodnota odvozena ze sloučené hrany – ověřit ručně;;;
1323210877;attr_changed;name;name;Jungmannova;Jungmannova|Jungmannová;Jungmannova|Jungmannová;residential;221.5;low;hodnota odvozena ze sloučené hrany – ověřit ručně;;;
1327946986;attr_changed;name;name;K Přehradám;K Přehradám|K Přehradám;K Přehradám|K Přehradám;secondary;1213.1;low;hodnota odvozena ze sloučené hrany – ověřit ručně;;;
1328077847;attr_changed;name;name;nábřeží Edvarda Beneše;nábřeží Edvarda Beneše|Čechův most;nábřeží Edvarda Beneše|Čechův most;tertiary;148.8;low;hodnota odvozena ze sloučené hrany – ověřit ručně;;;
1330245698;attr_changed;name;name;Jižní ⅩⅤ;Jižní XV;Jižní XV;residential;57.0;low;hodnota odvozena ze sloučené hrany – ověřit ručně;;;
1330732414;attr_changed;name;name;nábřeží Edvarda Beneše;nábřeží Edvarda Beneše|Čechův most;nábřeží Edvarda Beneše|Čechův most;tertiary;22.6;low;hodnota odvozena ze sloučené hrany – ověřit ručně;;;
1330732417;attr_changed;name;name;nábřeží Edvarda Beneše;nábřeží Edvarda Beneše|Čechův most;nábřeží Edvarda Beneše|Čechův most;tertiary;148.8;low;hodnota odvozena ze sloučené hrany – ověřit ručně;;;
1337755479;attr_changed;name;name;K Barrandovu;K Barrandovu;K Barrandovu;secondary|trunk_link;676.9;low;hodnota odvozena ze sloučené hrany – ověřit ručně;;;
1338684855;attr_changed;name;name;Strakonická;;;trunk;873.2;low;hodnota odvozena ze sloučené hrany – ověřit ručně;;;
1338684856;attr_changed;name;name;Strakonická;;;trunk;873.2;low;hodnota odvozena ze sloučené hrany – ověřit ručně;;;
1339117448;attr_changed;name;name;Severní Ⅱ|Severovýchodní Ⅵ;Severní II|Severovýchodní VI;Severní II|Severovýchodní VI;residential;200.2;low;hodnota odvozena ze sloučené hrany – ověřit ručně;;;
1343065739;attr_changed;name;name;Bělohorská;;;busway;5.1;low;hodnota odvozena ze sloučené hrany – ověřit ručně;;;
1343525416;attr_changed;name;name;K Pazderkám;K Pazderkám;K Pazderkám;tertiary;37.7;high;;;;
1354478964;attr_changed;name;name;;Šiklové;Šiklové;residential;7.8;high;;;;
1364607655;attr_changed;name;name;V Dolích;V Dolích;V Dolích;tertiary;158.1;low;hodnota odvozena ze sloučené hrany – ověřit ručně;;;
1364614680;attr_changed;name;name;Černokostelecká;;;secondary;189.2;low;hodnota odvozena ze sloučené hrany – ověřit ručně;;;
1364614700;attr_changed;name;name;Černokostelecká;;;secondary;262.5;low;hodnota odvozena ze sloučené hrany – ověřit ručně;;;
1373007630;attr_changed;name;name;Boční Ⅰ;Boční I;Boční I;residential;104.2;high;;;;
1373007637;attr_changed;name;name;Boční Ⅰ;Boční I;Boční I;residential;43.8;high;;;;
1373007639;attr_changed;name;name;Boční Ⅱ;Boční II;Boční II;residential;343.2;high;;;;
1373007641;attr_changed;name;name;Boční Ⅱ;Boční II;Boční II;residential;224.2;high;;;;
1373007642;attr_changed;name;name;Jižní Ⅶ;Jižní VII;Jižní VII;residential;152.3;low;hodnota odvozena ze sloučené hrany – ověřit ručně;;;
1373007643;attr_changed;name;name;Jižní Ⅹ;Jižní X;Jižní X;residential;47.3;high;;;;
1373007647;attr_changed;name;name;Jižní Ⅹ;Jižní X;Jižní X;residential;32.0;high;;;;
1376124693;attr_changed;name;name;Rašínovo nábřeží;;;tertiary_link;18.9;low;hodnota odvozena ze sloučené hrany – ověřit ručně;;;
1376124695;attr_changed;name;name;Svobodova;;;tertiary_link;32.7;high;;;;
1377255452;attr_changed;name;name;Severozápadní Ⅴ;Severozápadní V;Severozápadní V;residential;161.2;high;;;;
1377255455;attr_changed;name;name;Severozápadní Ⅰ;Severozápadní I;Severozápadní I;tertiary;54.7;high;;;;
1377255456;attr_changed;name;name;Severní Ⅰ;Severní I;Severní I;tertiary;98.8;low;hodnota odvozena ze sloučené hrany – ověřit ručně;;;
1377255457;attr_changed;name;name;Severní Ⅰ;Severní I;Severní I;tertiary;98.8;low;hodnota odvozena ze sloučené hrany – ověřit ručně;;;
1377255458;attr_changed;name;name;Severní Ⅱ|Severovýchodní Ⅵ;Severní II|Severovýchodní VI;Severní II|Severovýchodní VI;residential;200.2;low;hodnota odvozena ze sloučené hrany – ověřit ručně;;;
1377296946;attr_changed;name;name;krále Václava IV.;Krále Václava IV.|krále Václava IV.;Krále Václava IV.|krále Václava IV.;residential;169.0;low;hodnota odvozena ze sloučené hrany – ověřit ručně;;;
1385612405;attr_changed;name;name;Hloubětínská vinice|U Tesly;Hloubětínská vinice|Kurandova|U Tesly;Hloubětínská vinice|Kurandova|U Tesly;residential;975.5;low;hodnota odvozena ze sloučené hrany – ověřit ručně;;;
1387054880;attr_changed;name;name;Na Dolinách;Na dolinách;Na dolinách;tertiary;49.2;high;;;;
1388810765;attr_changed;name;name;Nad Lomem;Jasná I|Nad lomem;Jasná I|Nad lomem;residential;206.1;low;hodnota odvozena ze sloučené hrany – ověřit ručně;;;
1389392170;attr_changed;name;name;;nábřeží Edvarda Beneše;nábřeží Edvarda Beneše;tertiary_link;193.5;low;hodnota odvozena ze sloučené hrany – ověřit ručně;;;
1390902458;attr_changed;name;name;Černokostelecká;;;secondary;262.5;low;hodnota odvozena ze sloučené hrany – ověřit ručně;;;
1416267910;attr_changed;name;name;Lochenická|Nové dvory;Lochenická;Lochenická;residential;141.9;low;hodnota odvozena ze sloučené hrany – ověřit ručně;;;
1441900014;attr_changed;name;name;Palackého most;;;tertiary_link;11.9;low;hodnota odvozena ze sloučené hrany – ověřit ručně;;;
1443261921;attr_changed;name;name;Novoborská|Žandovská;Novoborská;Novoborská;residential;62.4;low;hodnota odvozena ze sloučené hrany – ověřit ručně;;;
1451470785;attr_changed;name;name;Nad Lomem;Jasná I|Nad lomem;Jasná I|Nad lomem;residential;206.1;low;hodnota odvozena ze sloučené hrany – ověřit ručně;;;
4018486;attr_changed;ref;ref;600;;;motorway_link;859.4;low;hodnota odvozena ze sloučené hrany – ověřit ručně;;;
4018487;attr_changed;ref;ref;600;;;motorway_link;427.4;low;hodnota odvozena ze sloučené hrany – ověřit ručně;;;
4044998;attr_changed;ref;ref;600;;K Barrandovu;secondary;463.7;low;hodnota odvozena ze sloučené hrany – ověřit ručně;;;
4048716;attr_changed;ref;ref;8;;Legerova;secondary;57.7;high;;;;
4051161;attr_changed;ref;ref;4;;;trunk;362.6;low;hodnota odvozena ze sloučené hrany – ověřit ručně;;;
4052575;attr_changed;ref;ref;603;;Vídeňská;secondary|tertiary;714.5;low;hodnota odvozena ze sloučené hrany – ověřit ručně;;;
4052754;attr_changed;ref;ref;8;;5. května;secondary;157.5;low;hodnota odvozena ze sloučené hrany – ověřit ručně;;;
4052789;attr_changed;ref;ref;8A;;Sokolská;secondary;93.4;low;hodnota odvozena ze sloučené hrany – ověřit ručně;;;
4053125;attr_changed;ref;ref;8;;5. května|Legerova|Nuselský most;secondary;740.5;low;hodnota odvozena ze sloučené hrany – ověřit ručně;;;
4083705;attr_changed;ref;ref;8|8A;;5. května|Nuselský most|Sokolská;secondary;804.6;low;hodnota odvozena ze sloučené hrany – ověřit ručně;;;
4086216;attr_changed;ref;ref;600;;K Barrandovu;secondary;702.8;low;hodnota odvozena ze sloučené hrany – ověřit ručně;;;
4086217;attr_changed;ref;ref;600;;K Barrandovu;secondary;428.9;low;hodnota odvozena ze sloučené hrany – ověřit ručně;;;
4087940;attr_changed;ref;ref;600;;;trunk_link;575.2;low;hodnota odvozena ze sloučené hrany – ověřit ručně;;;
4600398;attr_changed;ref;ref;8;;5. května;trunk;606.2;low;hodnota odvozena ze sloučené hrany – ověřit ručně;;;
4648416;attr_changed;ref;ref;4;;Strakonická;trunk;869.6;low;hodnota odvozena ze sloučené hrany – ověřit ručně;;;
4713288;attr_changed;ref;ref;"4;101";101;Lahovický most;trunk;475.6;low;hodnota odvozena ze sloučené hrany – ověřit ručně;;;
4793765;attr_changed;ref;ref;"4;101";101;Lahovický most;trunk;831.2;low;hodnota odvozena ze sloučené hrany – ověřit ručně;;;
4820210;attr_changed;ref;ref;8;;5. května;trunk;270.5;low;hodnota odvozena ze sloučené hrany – ověřit ručně;;;
4889177;attr_changed;ref;ref;;10;;motorway_link;410.0;low;hodnota odvozena ze sloučené hrany – ověřit ručně;;;
4916751;attr_changed;ref;ref;8;;5. května;secondary;168.1;high;;;;
4916752;attr_changed;ref;ref;8;;5. května;trunk;270.5;low;hodnota odvozena ze sloučené hrany – ověřit ručně;;;
4916754;attr_changed;ref;ref;8;;5. května;trunk;772.9;low;hodnota odvozena ze sloučené hrany – ověřit ručně;;;
8071164;attr_changed;ref;ref;603;;Vídeňská;tertiary;101.4;low;hodnota odvozena ze sloučené hrany – ověřit ručně;;;
8102867;attr_changed;ref;ref;8;;Wilsonova;secondary;551.8;low;hodnota odvozena ze sloučené hrany – ověřit ručně;;;
11096206;attr_changed;ref;ref;4;;Strakonická;trunk;400.8;high;;;;
12191426;attr_changed;ref;ref;8;;5. května;trunk;606.2;low;hodnota odvozena ze sloučené hrany – ověřit ručně;;;
12191429;attr_changed;ref;ref;8;;5. května;trunk;772.9;low;hodnota odvozena ze sloučené hrany – ověřit ručně;;;
12191431;attr_changed;ref;ref;8|D1;D1;5. května|Brněnská;trunk;576.0;low;hodnota odvozena ze sloučené hrany – ověřit ručně;;;
12191467;attr_changed;ref;ref;8|D1;8;5. května|Brněnská;trunk;928.7;low;hodnota odvozena ze sloučené hrany – ověřit ručně;;;
12246826;attr_changed;ref;ref;601;;Průmyslová;trunk;1587.1;low;hodnota odvozena ze sloučené hrany – ověřit ručně;;;
12246827;attr_changed;ref;ref;601;;Průmyslová;trunk;121.4;high;;;;
12246828;attr_changed;ref;ref;601;;Průmyslová;trunk;1247.5;low;hodnota odvozena ze sloučené hrany – ověřit ručně;;;
12246829;attr_changed;ref;ref;601;;Průmyslová;trunk;1587.1;low;hodnota odvozena ze sloučené hrany – ověřit ručně;;;
23958478;attr_changed;ref;ref;8;;5. května;secondary;710.9;low;hodnota odvozena ze sloučené hrany – ověřit ručně;;;
23958498;attr_changed;ref;ref;8;;5. května;secondary;710.9;low;hodnota odvozena ze sloučené hrany – ověřit ručně;;;
23958550;attr_changed;ref;ref;8;;5. května;secondary;552.5;low;hodnota odvozena ze sloučené hrany – ověřit ručně;;;
23958553;attr_changed;ref;ref;8;;5. května;secondary;104.3;high;;;;
24610907;attr_changed;ref;ref;8;;5. května;trunk;891.4;low;hodnota odvozena ze sloučené hrany – ověřit ručně;;;
24610908;attr_changed;ref;ref;8;;5. května;trunk;891.4;low;hodnota odvozena ze sloučené hrany – ověřit ručně;;;
24610909;attr_changed;ref;ref;8;;5. května;trunk;380.1;low;hodnota odvozena ze sloučené hrany – ověřit ručně;;;
25923830;attr_changed;ref;ref;8;;5. května;trunk;215.5;low;hodnota odvozena ze sloučené hrany – ověřit ručně;;;
25923833;attr_changed;ref;ref;8;;5. května;trunk;215.5;low;hodnota odvozena ze sloučené hrany – ověřit ručně;;;
26226907;attr_changed;ref;ref;600;;;trunk_link;575.2;low;hodnota odvozena ze sloučené hrany – ověřit ručně;;;
26226908;attr_changed;ref;ref;600;;K Barrandovu;secondary|trunk_link;676.9;low;hodnota odvozena ze sloučené hrany – ověřit ručně;;;
26226909;attr_changed;ref;ref;600;;K Barrandovu;secondary|trunk_link;676.9;low;hodnota odvozena ze sloučené hrany – ověřit ručně;;;
27073444;attr_changed;ref;ref;601;;Průmyslová;trunk;1247.5;low;hodnota odvozena ze sloučené hrany – ověřit ručně;;;
27074858;attr_changed;ref;ref;333;2;Černokostelecká;primary;791.6;low;hodnota odvozena ze sloučené hrany – ověřit ručně;;;
27375394;attr_changed;ref;ref;8A;;Mezibranská;secondary;169.7;low;hodnota odvozena ze sloučené hrany – ověřit ručně;;;
27462089;attr_changed;ref;ref;8|D1;8;5. května|Brněnská;trunk;928.7;low;hodnota odvozena ze sloučené hrany – ověřit ručně;;;
27462094;attr_changed;ref;ref;8|D1;8;5. května|Brněnská;trunk;928.7;low;hodnota odvozena ze sloučené hrany – ověřit ručně;;;
27620062;attr_changed;ref;ref;8|D1;D1;5. května|Brněnská;trunk;576.0;low;hodnota odvozena ze sloučené hrany – ověřit ručně;;;
29091767;attr_changed;ref;ref;606;;;secondary;355.2;low;hodnota odvozena ze sloučené hrany – ověřit ručně;;;
29091771;attr_changed;ref;ref;606;;;secondary;137.9;high;;;;
30334632;attr_changed;ref;ref;8;;5. května;trunk;676.9;low;hodnota odvozena ze sloučené hrany – ověřit ručně;;;
30808964;attr_changed;ref;ref;8;;5. května;secondary;612.7;low;hodnota odvozena ze sloučené hrany – ověřit ručně;;;
30808966;attr_changed;ref;ref;8;;5. května;secondary|trunk;513.1;low;hodnota odvozena ze sloučené hrany – ověřit ručně;;;
30808968;attr_changed;ref;ref;8;;5. května;secondary;612.7;low;hodnota odvozena ze sloučené hrany – ověřit ručně;;;
30952477;attr_changed;ref;ref;606;;Na Hůrce;secondary;144.9;low;hodnota odvozena ze sloučené hrany – ověřit ručně;;;
31929040;attr_changed;ref;ref;4;;Strakonická;trunk;869.6;low;hodnota odvozena ze sloučené hrany – ověřit ručně;;;
31929041;attr_changed;ref;ref;4;;Strakonická;trunk;869.6;low;hodnota odvozena ze sloučené hrany – ověřit ručně;;;
32489712;attr_changed;ref;ref;D1;;Brněnská;trunk;1353.1;low;hodnota odvozena ze sloučené hrany – ověřit ručně;;;
32842943;attr_changed;ref;ref;606;;;secondary;355.2;low;hodnota odvozena ze sloučené hrany – ověřit ručně;;;
32863450;attr_changed;ref;ref;8;;5. května;trunk;772.9;low;hodnota odvozena ze sloučené hrany – ověřit ručně;;;
33262490;attr_changed;ref;ref;601;;Průmyslová;trunk;252.1;low;hodnota odvozena ze sloučené hrany – ověřit ručně;;;
33262495;attr_changed;ref;ref;601;;Průmyslová;trunk;100.2;high;;;;
33777034;attr_changed;ref;ref;4;;;trunk;362.6;low;hodnota odvozena ze sloučené hrany – ověřit ručně;;;
33777036;attr_changed;ref;ref;4;;;trunk;1076.8;low;hodnota odvozena ze sloučené hrany – ověřit ručně;;;
33777037;attr_changed;ref;ref;4;;;trunk;1076.8;low;hodnota odvozena ze sloučené hrany – ověřit ručně;;;
42612409;attr_changed;ref;ref;8;;5. května;trunk;627.8;low;hodnota odvozena ze sloučené hrany – ověřit ručně;;;
42612410;attr_changed;ref;ref;8;;5. května;trunk;627.8;low;hodnota odvozena ze sloučené hrany – ověřit ručně;;;
42612415;attr_changed;ref;ref;8;;5. května;secondary|trunk;284.3;low;hodnota odvozena ze sloučené hrany – ověřit ručně;;;
59450695;attr_changed;ref;ref;600;;K Barrandovu;secondary;25.1;high;;;;
59450697;attr_changed;ref;ref;600;;K Barrandovu;secondary;852.2;low;hodnota odvozena ze sloučené hrany – ověřit ručně;;;
59450699;attr_changed;ref;ref;600;;K Barrandovu;secondary;764.5;low;hodnota odvozena ze sloučené hrany – ověřit ručně;;;
59450704;attr_changed;ref;ref;600;;K Barrandovu;secondary;852.2;low;hodnota odvozena ze sloučené hrany – ověřit ručně;;;
68172942;attr_changed;ref;ref;8;;Legerova;secondary;142.3;low;hodnota odvozena ze sloučené hrany – ověřit ručně;;;
76242203;attr_changed;ref;ref;4;;;trunk;393.4;low;hodnota odvozena ze sloučené hrany – ověřit ručně;;;
76242207;attr_changed;ref;ref;4;;;trunk;1076.8;low;hodnota odvozena ze sloučené hrany – ověřit ručně;;;
76242210;attr_changed;ref;ref;4;;;trunk;1076.8;low;hodnota odvozena ze sloučené hrany – ověřit ručně;;;
76242218;attr_changed;ref;ref;4;;;trunk;393.4;low;hodnota odvozena ze sloučené hrany – ověřit ručně;;;
88375335;attr_changed;ref;ref;600;;;motorway_link;859.4;low;hodnota odvozena ze sloučené hrany – ověřit ručně;;;
88375339;attr_changed;ref;ref;600;;;motorway_link;859.4;low;hodnota odvozena ze sloučené hrany – ověřit ručně;;;
94525304;attr_changed;ref;ref;;NN226;;residential;50.5;high;;;;
100515391;attr_changed;ref;ref;D1;;Brněnská;trunk;1264.2;low;hodnota odvozena ze sloučené hrany – ověřit ručně;;;
115927370;attr_changed;ref;ref;8|8A;;5. května|Nuselský most|Sokolská;secondary;804.6;low;hodnota odvozena ze sloučené hrany – ověřit ručně;;;
115927375;attr_changed;ref;ref;8;;5. května|Legerova|Nuselský most;secondary;740.5;low;hodnota odvozena ze sloučené hrany – ověřit ručně;;;
121243367;attr_changed;ref;ref;8|8A;;5. května|Nuselský most|Sokolská;secondary;804.6;low;hodnota odvozena ze sloučené hrany – ověřit ručně;;;
121249690;attr_changed;ref;ref;8A;;Sokolská;secondary;108.6;low;hodnota odvozena ze sloučené hrany – ověřit ručně;;;
121249691;attr_changed;ref;ref;8;;Wilsonova;secondary;343.8;low;hodnota odvozena ze sloučené hrany – ověřit ručně;;;
121249692;attr_changed;ref;ref;8;;5. května|Legerova|Nuselský most;secondary;740.5;low;hodnota odvozena ze sloučené hrany – ověřit ručně;;;
121249697;attr_changed;ref;ref;8;;5. května;secondary;157.5;low;hodnota odvozena ze sloučené hrany – ověřit ručně;;;
121679888;attr_changed;ref;ref;8;;5. května;trunk;891.4;low;hodnota odvozena ze sloučené hrany – ověřit ručně;;;
128635481;attr_changed;ref;ref;600;;K Barrandovu;secondary;745.6;low;hodnota odvozena ze sloučené hrany – ověřit ručně;;;
129798698;attr_changed;ref;ref;4;;;trunk;362.6;low;hodnota odvozena ze sloučené hrany – ověřit ručně;;;
131748103;attr_changed;ref;ref;606;;Na Hůrce;secondary;144.9;low;hodnota odvozena ze sloučené hrany – ověřit ručně;;;
133626166;attr_changed;ref;ref;4;;Strakonická;trunk;1835.1;low;hodnota odvozena ze sloučené hrany – ověřit ručně;;;
134686953;attr_changed;ref;ref;4;;Strakonická;trunk;115.8;low;hodnota odvozena ze sloučené hrany – ověřit ručně;;;
140148717;attr_changed;ref;ref;8;;5. května;secondary;710.9;low;hodnota odvozena ze sloučené hrany – ověřit ručně;;;
140491977;attr_changed;ref;ref;601;;Kbelská;trunk;33.8;high;;;;
140491978;attr_changed;ref;ref;601;;Kbelská;trunk;719.3;low;hodnota odvozena ze sloučené hrany – ověřit ručně;;;
140773760;attr_changed;ref;ref;600;;K Barrandovu;secondary;22.9;high;;;;
140773765;attr_changed;ref;ref;600;;K Barrandovu;secondary;30.4;high;;;;
140773767;attr_changed;ref;ref;600;;K Barrandovu|K Barrandovu;secondary;733.9;low;hodnota odvozena ze sloučené hrany – ověřit ručně;;;
140773768;attr_changed;ref;ref;600;;K Barrandovu;secondary;32.9;high;;;;
140773769;attr_changed;ref;ref;600;;K Barrandovu;secondary|trunk_link;676.9;low;hodnota odvozena ze sloučené hrany – ověřit ručně;;;
140773770;attr_changed;ref;ref;600;;K Barrandovu;secondary;32.9;high;;;;
140773772;attr_changed;ref;ref;600;;K Barrandovu;secondary;509.5;low;hodnota odvozena ze sloučené hrany – ověřit ručně;;;
140773773;attr_changed;ref;ref;600;;K Barrandovu;secondary;764.5;low;hodnota odvozena ze sloučené hrany – ověřit ručně;;;
141068967;attr_changed;ref;ref;600;;K Barrandovu|K Barrandovu;secondary;733.9;low;hodnota odvozena ze sloučené hrany – ověřit ručně;;;
141068968;attr_changed;ref;ref;600;;K Barrandovu;secondary;832.4;low;hodnota odvozena ze sloučené hrany – ověřit ručně;;;
141514476;attr_changed;ref;ref;8A;;Mezibranská|Wilsonova;secondary;114.1;low;hodnota odvozena ze sloučené hrany – ověřit ručně;;;
141514477;attr_changed;ref;ref;8A;;Wilsonova;secondary;30.8;high;;;;
142385795;attr_changed;ref;ref;601;;Průmyslová;trunk;1247.5;low;hodnota odvozena ze sloučené hrany – ověřit ručně;;;
161385940;attr_changed;ref;ref;4;;;trunk;1076.8;low;hodnota odvozena ze sloučené hrany – ověřit ručně;;;
161940887;attr_changed;ref;ref;4;;Strakonická;trunk;579.3;low;hodnota odvozena ze sloučené hrany – ověřit ručně;;;
166803428;attr_changed;ref;ref;8;;5. května;trunk;258.3;low;hodnota odvozena ze sloučené hrany – ověřit ručně;;;
171952620;attr_changed;ref;ref;600;;K Barrandovu;secondary;448.9;low;hodnota odvozena ze sloučené hrany – ověřit ručně;;;
171997425;attr_changed;ref;ref;4;;;trunk;362.6;low;hodnota odvozena ze sloučené hrany – ověřit ručně;;;
171997426;attr_changed;ref;ref;"4;101";101;Lahovický most;trunk;608.3;low;hodnota odvozena ze sloučené hrany – ověřit ručně;;;
172002255;attr_changed;ref;ref;"4;101";101;Lahovický most;trunk;737.6;low;hodnota odvozena ze sloučené hrany – ověřit ručně;;;
172842779;attr_changed;ref;ref;4;;;trunk;1076.8;low;hodnota odvozena ze sloučené hrany – ověřit ručně;;;
172842780;attr_changed;ref;ref;4;;;trunk;362.6;low;hodnota odvozena ze sloučené hrany – ověřit ručně;;;
172846351;attr_changed;ref;ref;4;;Strakonická;trunk;205.5;low;hodnota odvozena ze sloučené hrany – ověřit ručně;;;
172903308;attr_changed;ref;ref;8;;Wilsonova;secondary;551.8;low;hodnota odvozena ze sloučené hrany – ověřit ručně;;;
172906876;attr_changed;ref;ref;600;;;trunk_link;575.2;low;hodnota odvozena ze sloučené hrany – ověřit ručně;;;
172985819;attr_changed;ref;ref;8;;5. května;secondary;195.4;low;hodnota odvozena ze sloučené hrany – ověřit ručně;;;
172985820;attr_changed;ref;ref;8;;5. května;secondary;612.7;low;hodnota odvozena ze sloučené hrany – ověřit ručně;;;
172985821;attr_changed;ref;ref;8;;5. května;secondary;195.4;low;hodnota odvozena ze sloučené hrany – ověřit ručně;;;
172985822;attr_changed;ref;ref;8;;5. května;secondary;612.7;low;hodnota odvozena ze sloučené hrany – ověřit ručně;;;
215490564;attr_changed;ref;ref;;10;;motorway_link;410.0;low;hodnota odvozena ze sloučené hrany – ověřit ručně;;;
216876967;attr_changed;ref;ref;8;;Legerova;secondary;170.7;low;hodnota odvozena ze sloučené hrany – ověřit ručně;;;
217476457;attr_changed;ref;ref;8A;;Sokolská;secondary;100.7;low;hodnota odvozena ze sloučené hrany – ověřit ručně;;;
218781049;attr_changed;ref;ref;8;;Legerova;secondary;76.1;low;hodnota odvozena ze sloučené hrany – ověřit ručně;;;
218781051;attr_changed;ref;ref;8;;Legerova;secondary;236.1;low;hodnota odvozena ze sloučené hrany – ověřit ručně;;;
218781053;attr_changed;ref;ref;8;;Legerova;secondary;190.5;low;hodnota odvozena ze sloučené hrany – ověřit ručně;;;
218781054;attr_changed;ref;ref;8;;Legerova;secondary;186.5;high;;;;
218781055;attr_changed;ref;ref;8A;;Mezibranská;secondary;56.4;high;;;;
218781056;attr_changed;ref;ref;8A;;Sokolská;secondary;93.4;low;hodnota odvozena ze sloučené hrany – ověřit ručně;;;
218783671;attr_changed;ref;ref;8;;Legerova;secondary;83.6;low;hodnota odvozena ze sloučené hrany – ověřit ručně;;;
218783672;attr_changed;ref;ref;8;;Legerova;secondary;92.0;low;hodnota odvozena ze sloučené hrany – ověřit ručně;;;
218783673;attr_changed;ref;ref;8A;;Sokolská;secondary;104.7;low;hodnota odvozena ze sloučené hrany – ověřit ručně;;;
218783674;attr_changed;ref;ref;8A;;Sokolská;secondary;141.8;low;hodnota odvozena ze sloučené hrany – ověřit ručně;;;
219022351;attr_changed;ref;ref;600;;K Barrandovu;secondary;416.6;low;hodnota odvozena ze sloučené hrany – ověřit ručně;;;
220224418;attr_changed;ref;ref;4;;Strakonická;trunk;2071.8;low;hodnota odvozena ze sloučené hrany – ověřit ručně;;;
246347298;attr_changed;ref;ref;8;;5. května;secondary|trunk;284.3;low;hodnota odvozena ze sloučené hrany – ověřit ručně;;;
246347300;attr_changed;ref;ref;8;;5. května;secondary|trunk;513.1;low;hodnota odvozena ze sloučené hrany – ověřit ručně;;;
246347301;attr_changed;ref;ref;8;;5. května;secondary|trunk;513.1;low;hodnota odvozena ze sloučené hrany – ověřit ručně;;;
275409433;attr_changed;ref;ref;8;;Legerova;secondary;170.7;low;hodnota odvozena ze sloučené hrany – ověřit ručně;;;
275409434;attr_changed;ref;ref;8;;Legerova;secondary;49.4;high;;;;
275409435;attr_changed;ref;ref;8;;Wilsonova;secondary;313.5;low;hodnota odvozena ze sloučené hrany – ověřit ručně;;;
275410720;attr_changed;ref;ref;8;;Wilsonova;secondary;343.8;low;hodnota odvozena ze sloučené hrany – ověřit ručně;;;
275410722;attr_changed;ref;ref;8;;Wilsonova;secondary;343.8;low;hodnota odvozena ze sloučené hrany – ověřit ručně;;;
276330343;attr_changed;ref;ref;;603;Vídeňská;secondary;788.4;low;hodnota odvozena ze sloučené hrany – ověřit ručně;;;
288264671;attr_changed;ref;ref;D1;;Brněnská;trunk;471.2;low;hodnota odvozena ze sloučené hrany – ověřit ručně;;;
295451893;attr_changed;ref;ref;8;;5. května;secondary|trunk;513.1;low;hodnota odvozena ze sloučené hrany – ověřit ručně;;;
295451894;attr_changed;ref;ref;8;;5. května;secondary;195.4;low;hodnota odvozena ze sloučené hrany – ověřit ručně;;;
295454609;attr_changed;ref;ref;8;;5. května;secondary;348.3;low;hodnota odvozena ze sloučené hrany – ověřit ručně;;;
295454610;attr_changed;ref;ref;8;;5. května;secondary;612.7;low;hodnota odvozena ze sloučené hrany – ověřit ručně;;;
307197644;attr_changed;ref;ref;4;;Strakonická;trunk;153.7;low;hodnota odvozena ze sloučené hrany – ověřit ručně;;;
308279156;attr_changed;ref;ref;"4;101";101;;trunk;222.9;low;hodnota odvozena ze sloučené hrany – ověřit ručně;;;
308279157;attr_changed;ref;ref;4;;Strakonická;trunk;153.7;low;hodnota odvozena ze sloučené hrany – ověřit ručně;;;
311017933;attr_changed;ref;ref;D1;;Brněnská;trunk;1264.2;low;hodnota odvozena ze sloučené hrany – ověřit ručně;;;
311029746;attr_changed;ref;ref;8|D1;D1;5. května|Brněnská;trunk;576.0;low;hodnota odvozena ze sloučené hrany – ověřit ručně;;;
311029759;attr_changed;ref;ref;8|D1;D1;5. května|Brněnská;trunk;576.0;low;hodnota odvozena ze sloučené hrany – ověřit ručně;;;
311303347;attr_changed;ref;ref;8;;5. května;trunk;891.4;low;hodnota odvozena ze sloučené hrany – ověřit ručně;;;
311303348;attr_changed;ref;ref;8;;5. května;trunk;627.8;low;hodnota odvozena ze sloučené hrany – ověřit ručně;;;
312982083;attr_changed;ref;ref;601;;Kbelská;trunk;719.3;low;hodnota odvozena ze sloučené hrany – ověřit ručně;;;
312983015;attr_changed;ref;ref;601;;Kbelská;trunk;719.3;low;hodnota odvozena ze sloučené hrany – ověřit ručně;;;
312983016;attr_changed;ref;ref;601;;Kbelská;trunk;719.3;low;hodnota odvozena ze sloučené hrany – ověřit ručně;;;
312983017;attr_changed;ref;ref;601;;Kbelská;trunk;54.8;high;;;;
312991963;attr_changed;ref;ref;601;;Průmyslová;trunk;1247.5;low;hodnota odvozena ze sloučené hrany – ověřit ručně;;;
312994285;attr_changed;ref;ref;601;;Průmyslová;trunk;252.1;low;hodnota odvozena ze sloučené hrany – ověřit ručně;;;
314357166;attr_changed;ref;ref;4;;Strakonická;trunk;1835.1;low;hodnota odvozena ze sloučené hrany – ověřit ručně;;;
325163043;attr_changed;ref;ref;600;;K Barrandovu;secondary|trunk_link;676.9;low;hodnota odvozena ze sloučené hrany – ověřit ručně;;;
325508897;attr_changed;ref;ref;8;;Legerova;secondary;142.3;low;hodnota odvozena ze sloučené hrany – ověřit ručně;;;
325508904;attr_changed;ref;ref;8;;Legerova;secondary;83.6;low;hodnota odvozena ze sloučené hrany – ověřit ručně;;;
325508907;attr_changed;ref;ref;8;;Legerova;secondary;53.1;low;hodnota odvozena ze sloučené hrany – ověřit ručně;;;
325508914;attr_changed;ref;ref;8;;Legerova;secondary;157.8;high;;;;
325508916;attr_changed;ref;ref;8;;Legerova;secondary;92.0;low;hodnota odvozena ze sloučené hrany – ověřit ručně;;;
325516796;attr_changed;ref;ref;8A;;Sokolská;secondary;99.1;high;;;;
325520807;attr_changed;ref;ref;8A;;Sokolská;secondary;78.7;high;;;;
325520808;attr_changed;ref;ref;8A;;Sokolská;secondary;38.9;high;;;;
325520809;attr_changed;ref;ref;8A;;Sokolská;secondary;104.7;low;hodnota odvozena ze sloučené hrany – ověřit ručně;;;
325520810;attr_changed;ref;ref;8A;;Sokolská;secondary;141.8;low;hodnota odvozena ze sloučené hrany – ověřit ručně;;;
332806713;attr_changed;ref;ref;601;;Průmyslová;trunk;1587.1;low;hodnota odvozena ze sloučené hrany – ověřit ručně;;;
332806715;attr_changed;ref;ref;601;;Průmyslová;trunk;1587.1;low;hodnota odvozena ze sloučené hrany – ověřit ručně;;;
332806718;attr_changed;ref;ref;601;;Průmyslová;trunk;1587.1;low;hodnota odvozena ze sloučené hrany – ověřit ručně;;;
345621884;attr_changed;ref;ref;8;;Legerova;secondary;190.5;low;hodnota odvozena ze sloučené hrany – ověřit ručně;;;
345621907;attr_changed;ref;ref;8A;;Wilsonova;secondary;124.1;high;;;;
349580751;attr_changed;ref;ref;8;;Wilsonova;secondary;313.5;low;hodnota odvozena ze sloučené hrany – ověřit ručně;;;
353443659;attr_changed;ref;ref;8;;5. května;trunk;270.5;low;hodnota odvozena ze sloučené hrany – ověřit ručně;;;
353606371;attr_changed;ref;ref;8|D1;8;5. května|Brněnská;trunk;928.7;low;hodnota odvozena ze sloučené hrany – ověřit ručně;;;
354485412;attr_changed;ref;ref;D1;;Brněnská;trunk;1353.1;low;hodnota odvozena ze sloučené hrany – ověřit ručně;;;
356236222;attr_changed;ref;ref;8;;5. května;secondary;208.0;low;hodnota odvozena ze sloučené hrany – ověřit ručně;;;
362519185;attr_changed;ref;ref;8;;5. května;secondary;195.1;high;;;;
362897857;attr_changed;ref;ref;;NN230;;residential;50.7;high;;;;
363516159;attr_changed;ref;ref;8;;5. května;secondary;348.3;low;hodnota odvozena ze sloučené hrany – ověřit ručně;;;
363516160;attr_changed;ref;ref;8;;5. května;secondary;710.9;low;hodnota odvozena ze sloučené hrany – ověřit ručně;;;
363516161;attr_changed;ref;ref;8;;5. května;secondary;348.3;low;hodnota odvozena ze sloučené hrany – ověřit ručně;;;
363516162;attr_changed;ref;ref;8;;5. května;secondary;710.9;low;hodnota odvozena ze sloučené hrany – ověřit ručně;;;
363858198;attr_changed;ref;ref;8;;5. května;trunk;676.9;low;hodnota odvozena ze sloučené hrany – ověřit ručně;;;
363858202;attr_changed;ref;ref;8;;5. května;trunk;606.2;low;hodnota odvozena ze sloučené hrany – ověřit ručně;;;
363865338;attr_changed;ref;ref;8;;5. května;trunk;676.9;low;hodnota odvozena ze sloučené hrany – ověřit ručně;;;
363865341;attr_changed;ref;ref;D1;;Brněnská;trunk;237.7;high;;;;
363865343;attr_changed;ref;ref;D1;;Brněnská;trunk;1353.1;low;hodnota odvozena ze sloučené hrany – ověřit ručně;;;
366626281;attr_changed;ref;ref;600;;K Barrandovu;secondary;832.4;low;hodnota odvozena ze sloučené hrany – ověřit ručně;;;
366972796;attr_changed;ref;ref;8A;;Sokolská;secondary;108.6;low;hodnota odvozena ze sloučené hrany – ověřit ručně;;;
366978789;attr_changed;ref;ref;8A;;Sokolská;secondary;108.6;low;hodnota odvozena ze sloučené hrany – ověřit ručně;;;
380948225;attr_changed;ref;ref;4;;Strakonická;trunk;869.6;low;hodnota odvozena ze sloučené hrany – ověřit ručně;;;
390909879;attr_changed;ref;ref;8;;5. května;secondary;195.4;low;hodnota odvozena ze sloučené hrany – ověřit ručně;;;
390976609;attr_changed;ref;ref;8;;5. května;secondary;710.9;low;hodnota odvozena ze sloučené hrany – ověřit ručně;;;
392764778;attr_changed;ref;ref;4;;Strakonická;trunk;1835.1;low;hodnota odvozena ze sloučené hrany – ověřit ručně;;;
392764779;attr_changed;ref;ref;4;;Strakonická;trunk;1648.6;low;hodnota odvozena ze sloučené hrany – ověřit ručně;;;
424920567;attr_changed;ref;ref;4;;Strakonická;trunk;1713.9;low;hodnota odvozena ze sloučené hrany – ověřit ručně;;;
424921382;attr_changed;ref;ref;4;;Strakonická;trunk;2071.8;low;hodnota odvozena ze sloučené hrany – ověřit ručně;;;
472230363;attr_changed;ref;ref;8;;5. května;secondary;552.5;low;hodnota odvozena ze sloučené hrany – ověřit ručně;;;
472230365;attr_changed;ref;ref;8;;5. května;secondary;89.5;high;;;;
472230366;attr_changed;ref;ref;8;;5. května;secondary;167.3;high;;;;
474931656;attr_changed;ref;ref;606;;Na Hůrce;secondary;70.9;high;;;;
481106406;attr_changed;ref;ref;601;;Průmyslová;trunk;39.4;low;hodnota odvozena ze sloučené hrany – ověřit ručně;;;
481431363;attr_changed;ref;ref;8|D1;8;5. května|Brněnská;trunk;928.7;low;hodnota odvozena ze sloučené hrany – ověřit ručně;;;
482467817;attr_changed;ref;ref;4;;;trunk;1076.8;low;hodnota odvozena ze sloučené hrany – ověřit ručně;;;
482467819;attr_changed;ref;ref;"4;101";101;;trunk;262.0;low;hodnota odvozena ze sloučené hrany – ověřit ručně;;;
482714593;attr_changed;ref;ref;601;;Průmyslová;trunk;1247.5;low;hodnota odvozena ze sloučené hrany – ověřit ručně;;;
486440526;attr_changed;ref;ref;4;;Strakonická;trunk;1122.2;low;hodnota odvozena ze sloučené hrany – ověřit ručně;;;
486440527;attr_changed;ref;ref;4;;Strakonická;trunk;1835.1;low;hodnota odvozena ze sloučené hrany – ověřit ručně;;;
500199672;attr_changed;ref;ref;4;;Strakonická;trunk;1835.1;low;hodnota odvozena ze sloučené hrany – ověřit ručně;;;
521809345;attr_changed;ref;ref;600;;K Barrandovu;secondary;25.5;high;;;;
521809349;attr_changed;ref;ref;600;;K Barrandovu;secondary;21.9;high;;;;
521809355;attr_changed;ref;ref;600;;K Barrandovu;secondary;826.1;low;hodnota odvozena ze sloučené hrany – ověřit ručně;;;
521809360;attr_changed;ref;ref;600;;K Barrandovu|K Barrandovu;secondary;722.9;low;hodnota odvozena ze sloučené hrany – ověřit ručně;;;
538346130;attr_changed;ref;ref;606;;Na Hůrce;secondary;144.9;low;hodnota odvozena ze sloučené hrany – ověřit ručně;;;
562757386;attr_changed;ref;ref;4;;Strakonická;trunk;1648.6;low;hodnota odvozena ze sloučené hrany – ověřit ručně;;;
583233452;attr_changed;ref;ref;8A;;Wilsonova;secondary;61.8;high;;;;
583233453;attr_changed;ref;ref;8A;;Wilsonova;secondary;10.1;high;;;;
590283520;attr_changed;ref;ref;8;;Wilsonova;secondary;313.5;low;hodnota odvozena ze sloučené hrany – ověřit ručně;;;
590285246;attr_changed;ref;ref;8;;Wilsonova;secondary;313.5;low;hodnota odvozena ze sloučené hrany – ověřit ručně;;;
591366475;attr_changed;ref;ref;600;;K Barrandovu;secondary;33.7;high;;;;
592151031;attr_changed;ref;ref;8;;5. května;trunk;258.3;low;hodnota odvozena ze sloučené hrany – ověřit ručně;;;
596235053;attr_changed;ref;ref;8;;Legerova;secondary;190.5;low;hodnota odvozena ze sloučené hrany – ověřit ručně;;;
597936200;attr_changed;ref;ref;8;;5. května;trunk;215.5;low;hodnota odvozena ze sloučené hrany – ověřit ručně;;;
599420313;attr_changed;ref;ref;8;;5. května;secondary;612.7;low;hodnota odvozena ze sloučené hrany – ověřit ručně;;;
637492226;attr_changed;ref;ref;606;;;secondary;355.2;low;hodnota odvozena ze sloučené hrany – ověřit ručně;;;
678640862;attr_changed;ref;ref;4;;;trunk;1076.8;low;hodnota odvozena ze sloučené hrany – ověřit ručně;;;
678640863;attr_changed;ref;ref;4;;;trunk;1076.8;low;hodnota odvozena ze sloučené hrany – ověřit ručně;;;
678640864;attr_changed;ref;ref;4;;;trunk;393.4;low;hodnota odvozena ze sloučené hrany – ověřit ručně;;;
678640865;attr_changed;ref;ref;4;;;trunk;362.6;low;hodnota odvozena ze sloučené hrany – ověřit ručně;;;
691139387;attr_changed;ref;ref;600;;K Barrandovu;secondary;32.1;high;;;;
691139388;attr_changed;ref;ref;600;;K Barrandovu;secondary;428.9;low;hodnota odvozena ze sloučené hrany – ověřit ručně;;;
691139389;attr_changed;ref;ref;600;;K Barrandovu;secondary;38.0;high;;;;
691139390;attr_changed;ref;ref;600;;K Barrandovu|K Barrandovu;secondary;722.9;low;hodnota odvozena ze sloučené hrany – ověřit ručně;;;
691139393;attr_changed;ref;ref;600;;K Barrandovu;secondary;32.2;high;;;;
691139396;attr_changed;ref;ref;600;;K Barrandovu;secondary;509.5;low;hodnota odvozena ze sloučené hrany – ověřit ručně;;;
691139397;attr_changed;ref;ref;600;;K Barrandovu;secondary;509.5;low;hodnota odvozena ze sloučené hrany – ověřit ručně;;;
691139398;attr_changed;ref;ref;600;;K Barrandovu;secondary;318.1;high;;;;
691139399;attr_changed;ref;ref;600;;K Barrandovu;secondary;855.4;high;;;;
691139400;attr_changed;ref;ref;600;;K Barrandovu;secondary;832.4;low;hodnota odvozena ze sloučené hrany – ověřit ručně;;;
691139401;attr_changed;ref;ref;600;;K Barrandovu;secondary;34.2;high;;;;
691139404;attr_changed;ref;ref;600;;K Barrandovu;secondary;757.7;low;hodnota odvozena ze sloučené hrany – ověřit ručně;;;
691139405;attr_changed;ref;ref;600;;K Barrandovu;secondary;757.7;low;hodnota odvozena ze sloučené hrany – ověřit ručně;;;
691139406;attr_changed;ref;ref;600;;K Barrandovu;secondary;757.7;low;hodnota odvozena ze sloučené hrany – ověřit ručně;;;
691139407;attr_changed;ref;ref;600;;K Barrandovu;secondary;757.7;low;hodnota odvozena ze sloučené hrany – ověřit ručně;;;
691139408;attr_changed;ref;ref;600;;K Barrandovu;secondary;702.8;low;hodnota odvozena ze sloučené hrany – ověřit ručně;;;
691139409;attr_changed;ref;ref;600;;K Barrandovu;secondary;27.8;high;;;;
712998948;attr_changed;ref;ref;D1;;Brněnská;trunk;1353.1;low;hodnota odvozena ze sloučené hrany – ověřit ručně;;;
715769615;attr_changed;ref;ref;4;;Strakonická;trunk;2071.8;low;hodnota odvozena ze sloučené hrany – ověřit ručně;;;
715769616;attr_changed;ref;ref;4;;Strakonická;trunk;2071.8;low;hodnota odvozena ze sloučené hrany – ověřit ručně;;;
751243447;attr_changed;ref;ref;"4;101";101;Lahovický most;trunk;475.6;low;hodnota odvozena ze sloučené hrany – ověřit ručně;;;
753289522;attr_changed;ref;ref;600;;K Barrandovu;secondary;852.2;low;hodnota odvozena ze sloučené hrany – ověřit ručně;;;
753289524;attr_changed;ref;ref;600;;K Barrandovu;secondary;764.5;low;hodnota odvozena ze sloučené hrany – ověřit ručně;;;
857936759;attr_changed;ref;ref;4;;Strakonická;trunk;784.8;low;hodnota odvozena ze sloučené hrany – ověřit ručně;;;
857936760;attr_changed;ref;ref;4;;Strakonická;trunk;205.5;low;hodnota odvozena ze sloučené hrany – ověřit ručně;;;
888717602;attr_changed;ref;ref;4;;Strakonická;trunk;1835.1;low;hodnota odvozena ze sloučené hrany – ověřit ručně;;;
913439630;attr_changed;ref;ref;8;;5. května;trunk;380.1;low;hodnota odvozena ze sloučené hrany – ověřit ručně;;;
913502843;attr_changed;ref;ref;8;;5. května;trunk;772.9;low;hodnota odvozena ze sloučené hrany – ověřit ručně;;;
913591234;attr_changed;ref;ref;8;;5. května;trunk;380.1;low;hodnota odvozena ze sloučené hrany – ověřit ručně;;;
913591235;attr_changed;ref;ref;8;;5. května;trunk;891.4;low;hodnota odvozena ze sloučené hrany – ověřit ručně;;;
913591236;attr_changed;ref;ref;8;;5. května;trunk;891.4;low;hodnota odvozena ze sloučené hrany – ověřit ručně;;;
913591238;attr_changed;ref;ref;8;;5. května;trunk;258.3;low;hodnota odvozena ze sloučené hrany – ověřit ručně;;;
913837916;attr_changed;ref;ref;8;;5. května;trunk;676.9;low;hodnota odvozena ze sloučené hrany – ověřit ručně;;;
913985852;attr_changed;ref;ref;8|D1;8;5. května|Brněnská;trunk;928.7;low;hodnota odvozena ze sloučené hrany – ověřit ručně;;;
913985853;attr_changed;ref;ref;8|D1;D1;5. května|Brněnská;trunk;576.0;low;hodnota odvozena ze sloučené hrany – ověřit ručně;;;
922839802;attr_changed;ref;ref;8;;5. května;secondary|trunk;284.3;low;hodnota odvozena ze sloučené hrany – ověřit ručně;;;
923139375;attr_changed;ref;ref;8A;;Sokolská;secondary;40.4;low;hodnota odvozena ze sloučené hrany – ověřit ručně;;;
925574355;attr_changed;ref;ref;600;;;motorway_link;859.4;low;hodnota odvozena ze sloučené hrany – ověřit ručně;;;
925574356;attr_changed;ref;ref;600;;;motorway_link;859.4;low;hodnota odvozena ze sloučené hrany – ověřit ručně;;;
925574358;attr_changed;ref;ref;600;;;motorway_link;427.4;low;hodnota odvozena ze sloučené hrany – ověřit ručně;;;
925574359;attr_changed;ref;ref;600;;;motorway_link;427.4;low;hodnota odvozena ze sloučené hrany – ověřit ručně;;;
926289766;attr_changed;ref;ref;600;;K Barrandovu;secondary;59.2;high;;;;
926289767;attr_changed;ref;ref;600;;K Barrandovu;secondary;11.8;high;;;;
926289773;attr_changed;ref;ref;600;;K Barrandovu;secondary|trunk_link;325.9;low;hodnota odvozena ze sloučené hrany – ověřit ručně;;;
939800878;attr_changed;ref;ref;601;;Průmyslová;trunk;1587.1;low;hodnota odvozena ze sloučené hrany – ověřit ručně;;;
939807399;attr_changed;ref;ref;601;;Průmyslová;trunk;39.4;low;hodnota odvozena ze sloučené hrany – ověřit ručně;;;
946523391;attr_changed;ref;ref;4;;Strakonická;trunk;153.7;low;hodnota odvozena ze sloučené hrany – ověřit ručně;;;
962420208;attr_changed;ref;ref;600;;K Barrandovu;secondary|trunk_link;676.9;low;hodnota odvozena ze sloučené hrany – ověřit ručně;;;
962420209;attr_changed;ref;ref;600;;K Barrandovu;secondary;852.2;low;hodnota odvozena ze sloučené hrany – ověřit ručně;;;
962422558;attr_changed;ref;ref;600;;K Barrandovu;secondary;26.9;high;;;;
962422559;attr_changed;ref;ref;600;;K Barrandovu;secondary;463.7;low;hodnota odvozena ze sloučené hrany – ověřit ručně;;;
964685785;attr_changed;ref;ref;4;;Strakonická;trunk;445.8;low;hodnota odvozena ze sloučené hrany – ověřit ručně;;;
974921714;attr_changed;ref;ref;4;;Strakonická;trunk;219.8;low;hodnota odvozena ze sloučené hrany – ověřit ručně;;;
974921716;attr_changed;ref;ref;4;;Strakonická;trunk;445.8;low;hodnota odvozena ze sloučené hrany – ověřit ručně;;;
974921717;attr_changed;ref;ref;4;;;trunk;117.2;high;;;;
974921718;attr_changed;ref;ref;4;;Strakonická;trunk;351.0;low;hodnota odvozena ze sloučené hrany – ověřit ručně;;;
974921719;attr_changed;ref;ref;4;;Strakonická;trunk;351.0;low;hodnota odvozena ze sloučené hrany – ověřit ručně;;;
974921720;attr_changed;ref;ref;4;;Strakonická;trunk;351.0;low;hodnota odvozena ze sloučené hrany – ověřit ručně;;;
974921721;attr_changed;ref;ref;4;;Strakonická;trunk;2071.8;low;hodnota odvozena ze sloučené hrany – ověřit ručně;;;
974921722;attr_changed;ref;ref;4;;;trunk;129.8;high;;;;
974921723;attr_changed;ref;ref;4;;Strakonická;trunk;60.1;low;hodnota odvozena ze sloučené hrany – ověřit ručně;;;
974921724;attr_changed;ref;ref;4;;Strakonická;trunk;117.9;low;hodnota odvozena ze sloučené hrany – ověřit ručně;;;
974921725;attr_changed;ref;ref;4;;Strakonická;trunk;1835.1;low;hodnota odvozena ze sloučené hrany – ověřit ručně;;;
974921726;attr_changed;ref;ref;4;;Strakonická;trunk;1648.6;low;hodnota odvozena ze sloučené hrany – ověřit ručně;;;
974922548;attr_changed;ref;ref;4;;Strakonická;trunk;591.7;low;hodnota odvozena ze sloučené hrany – ověřit ručně;;;
974922549;attr_changed;ref;ref;4;;Strakonická;trunk;163.6;high;;;;
974922550;attr_changed;ref;ref;4;;;trunk;68.2;high;;;;
974922551;attr_changed;ref;ref;4;;Strakonická;trunk;205.5;low;hodnota odvozena ze sloučené hrany – ověřit ručně;;;
983827580;attr_changed;ref;ref;600;;;trunk_link;575.2;low;hodnota odvozena ze sloučené hrany – ověřit ručně;;;
983827583;attr_changed;ref;ref;4;;Strakonická;trunk;1648.6;low;hodnota odvozena ze sloučené hrany – ověřit ručně;;;
983827588;attr_changed;ref;ref;4;;Strakonická;trunk;869.6;low;hodnota odvozena ze sloučené hrany – ověřit ručně;;;
1005805970;attr_changed;ref;ref;8A;;Mezibranská|Wilsonova;secondary;114.1;low;hodnota odvozena ze sloučené hrany – ověřit ručně;;;
1005805971;attr_changed;ref;ref;8A;;Mezibranská;secondary;169.7;low;hodnota odvozena ze sloučené hrany – ověřit ručně;;;
1049175469;attr_changed;ref;ref;600;;K Barrandovu;secondary;852.2;low;hodnota odvozena ze sloučené hrany – ověřit ručně;;;
1049175470;attr_changed;ref;ref;600;;K Barrandovu;secondary;448.9;low;hodnota odvozena ze sloučené hrany – ověřit ručně;;;
1058830964;attr_changed;ref;ref;8;;5. května;trunk;606.2;low;hodnota odvozena ze sloučené hrany – ověřit ručně;;;
1058830969;attr_changed;ref;ref;8;;5. května;secondary;348.3;low;hodnota odvozena ze sloučené hrany – ověřit ručně;;;
1058830970;attr_changed;ref;ref;8;;5. května;secondary;348.3;low;hodnota odvozena ze sloučené hrany – ověřit ručně;;;
1058830971;attr_changed;ref;ref;8;;5. května;secondary;552.5;low;hodnota odvozena ze sloučené hrany – ověřit ručně;;;
1058830972;attr_changed;ref;ref;8;;5. května;secondary;208.0;low;hodnota odvozena ze sloučené hrany – ověřit ručně;;;
1064839985;attr_changed;ref;ref;4;;Strakonická;trunk;1835.1;low;hodnota odvozena ze sloučené hrany – ověřit ručně;;;
1118334350;attr_changed;ref;ref;8;;5. května;secondary;552.5;low;hodnota odvozena ze sloučené hrany – ověřit ručně;;;
1120135760;attr_changed;ref;ref;8;;Legerova;secondary;36.6;low;hodnota odvozena ze sloučené hrany – ověřit ručně;;;
1124788894;attr_changed;ref;ref;8;;5. května;trunk;676.9;low;hodnota odvozena ze sloučené hrany – ověřit ručně;;;
1124788895;attr_changed;ref;ref;8;;5. května;trunk;215.5;low;hodnota odvozena ze sloučené hrany – ověřit ručně;;;
1124788904;attr_changed;ref;ref;D1;;Brněnská;trunk;1264.2;low;hodnota odvozena ze sloučené hrany – ověřit ručně;;;
1124788905;attr_changed;ref;ref;D1;;Brněnská;trunk;293.6;high;;;;
1124788908;attr_changed;ref;ref;D1;;Brněnská;trunk;471.2;low;hodnota odvozena ze sloučené hrany – ověřit ručně;;;
1154699074;attr_changed;ref;ref;"4;101";101;Lahovický most;trunk;475.6;low;hodnota odvozena ze sloučené hrany – ověřit ručně;;;
1154699075;attr_changed;ref;ref;"4;101";101;Lahovický most;trunk;608.3;low;hodnota odvozena ze sloučené hrany – ověřit ručně;;;
1190012169;attr_changed;ref;ref;600;;K Barrandovu;secondary;46.0;high;;;;
1190012714;attr_changed;ref;ref;600;;K Barrandovu;secondary|trunk_link;325.9;low;hodnota odvozena ze sloučené hrany – ověřit ručně;;;
1240410314;attr_changed;ref;ref;8;;5. května;trunk;772.9;low;hodnota odvozena ze sloučené hrany – ověřit ručně;;;
1240410316;attr_changed;ref;ref;8;;5. května;trunk;772.9;low;hodnota odvozena ze sloučené hrany – ověřit ručně;;;
1246112550;attr_changed;ref;ref;8A;;Sokolská;secondary;90.8;low;hodnota odvozena ze sloučené hrany – ověřit ručně;;;
1246112555;attr_changed;ref;ref;8A;;Sokolská;secondary;100.7;low;hodnota odvozena ze sloučené hrany – ověřit ručně;;;
1246112556;attr_changed;ref;ref;8A;;Sokolská;secondary;90.8;low;hodnota odvozena ze sloučené hrany – ověřit ručně;;;
1246114129;attr_changed;ref;ref;8A;;Mezibranská;secondary;169.7;low;hodnota odvozena ze sloučené hrany – ověřit ručně;;;
1246114631;attr_changed;ref;ref;8;;Wilsonova;secondary;313.5;low;hodnota odvozena ze sloučené hrany – ověřit ručně;;;
1254517302;attr_changed;ref;ref;8A;;Sokolská;secondary;141.8;low;hodnota odvozena ze sloučené hrany – ověřit ručně;;;
1254517305;attr_changed;ref;ref;8A;;Sokolská;secondary;93.4;low;hodnota odvozena ze sloučené hrany – ověřit ručně;;;
1274709976;attr_changed;ref;ref;600;;K Barrandovu;secondary;832.4;low;hodnota odvozena ze sloučené hrany – ověřit ručně;;;
1274886694;attr_changed;ref;ref;600;;K Barrandovu;secondary|trunk_link;325.9;low;hodnota odvozena ze sloučené hrany – ověřit ručně;;;
1276552594;attr_changed;ref;ref;600;;K Barrandovu;secondary;852.2;low;hodnota odvozena ze sloučené hrany – ověřit ručně;;;
1276552595;attr_changed;ref;ref;600;;K Barrandovu;secondary;764.5;low;hodnota odvozena ze sloučené hrany – ověřit ručně;;;
1276552596;attr_changed;ref;ref;600;;K Barrandovu;secondary;35.2;low;hodnota odvozena ze sloučené hrany – ověřit ručně;;;
1277631465;attr_changed;ref;ref;4;;Strakonická;trunk;55.7;low;hodnota odvozena ze sloučené hrany – ověřit ručně;;;
1305006953;attr_changed;ref;ref;8A;;Mezibranská|Wilsonova;secondary;114.1;low;hodnota odvozena ze sloučené hrany – ověřit ručně;;;
1308599498;attr_changed;ref;ref;601;;Průmyslová;trunk;1247.5;low;hodnota odvozena ze sloučené hrany – ověřit ručně;;;
1318148602;attr_changed;ref;ref;4;;Strakonická;trunk;1122.2;low;hodnota odvozena ze sloučené hrany – ověřit ručně;;;
1318148603;attr_changed;ref;ref;4;;Strakonická;trunk;219.8;low;hodnota odvozena ze sloučené hrany – ověřit ručně;;;
1327889503;attr_changed;ref;ref;8;;5. května;secondary;157.5;low;hodnota odvozena ze sloučené hrany – ověřit ručně;;;
1327889510;attr_changed;ref;ref;8;;5. května;trunk;380.1;low;hodnota odvozena ze sloučené hrany – ověřit ručně;;;
1327889511;attr_changed;ref;ref;8;;5. května;secondary;348.3;low;hodnota odvozena ze sloučené hrany – ověřit ručně;;;
1327889512;attr_changed;ref;ref;8;;5. května;secondary;552.5;low;hodnota odvozena ze sloučené hrany – ověřit ručně;;;
1327889513;attr_changed;ref;ref;8;;5. května;secondary;552.5;low;hodnota odvozena ze sloučené hrany – ověřit ručně;;;
1327889514;attr_changed;ref;ref;8;;5. května;secondary|trunk;513.1;low;hodnota odvozena ze sloučené hrany – ověřit ručně;;;
1327925751;attr_changed;ref;ref;8;;5. května;trunk;270.5;low;hodnota odvozena ze sloučené hrany – ověřit ručně;;;
1327925752;attr_changed;ref;ref;8;;5. května;trunk;676.9;low;hodnota odvozena ze sloučené hrany – ověřit ručně;;;
1327951160;attr_changed;ref;ref;4;;Strakonická;trunk;1648.6;low;hodnota odvozena ze sloučené hrany – ověřit ručně;;;
1333717221;attr_changed;ref;ref;4;;Strakonická;trunk;579.3;low;hodnota odvozena ze sloučené hrany – ověřit ručně;;;
1333717222;attr_changed;ref;ref;4;;Strakonická;trunk;2071.8;low;hodnota odvozena ze sloučené hrany – ověřit ručně;;;
1335784147;attr_changed;ref;ref;333;2;Černokostelecká;primary;791.6;low;hodnota odvozena ze sloučené hrany – ověřit ručně;;;
1335928185;attr_changed;ref;ref;8;;Wilsonova;secondary;343.8;low;hodnota odvozena ze sloučené hrany – ověřit ručně;;;
1335928187;attr_changed;ref;ref;8;;Wilsonova;secondary;343.8;low;hodnota odvozena ze sloučené hrany – ověřit ručně;;;
1337755477;attr_changed;ref;ref;600;;K Barrandovu;secondary;852.2;low;hodnota odvozena ze sloučené hrany – ověřit ručně;;;
1337755478;attr_changed;ref;ref;600;;K Barrandovu;secondary;764.5;low;hodnota odvozena ze sloučené hrany – ověřit ručně;;;
1337755479;attr_changed;ref;ref;600;;K Barrandovu;secondary|trunk_link;676.9;low;hodnota odvozena ze sloučené hrany – ověřit ručně;;;
1337948759;attr_changed;ref;ref;600;;K Barrandovu;secondary;832.4;low;hodnota odvozena ze sloučené hrany – ověřit ručně;;;
1337948760;attr_changed;ref;ref;600;;K Barrandovu;secondary;832.4;low;hodnota odvozena ze sloučené hrany – ověřit ručně;;;
1337948761;attr_changed;ref;ref;600;;K Barrandovu;secondary;702.8;low;hodnota odvozena ze sloučené hrany – ověřit ručně;;;
1337948762;attr_changed;ref;ref;600;;K Barrandovu;secondary;36.0;high;;;;
1337948763;attr_changed;ref;ref;600;;K Barrandovu;secondary;745.6;low;hodnota odvozena ze sloučené hrany – ověřit ručně;;;
1337948764;attr_changed;ref;ref;600;;K Barrandovu;secondary;745.6;low;hodnota odvozena ze sloučené hrany – ověřit ručně;;;
1337948765;attr_changed;ref;ref;600;;K Barrandovu;secondary;702.8;low;hodnota odvozena ze sloučené hrany – ověřit ručně;;;
1337948766;attr_changed;ref;ref;600;;K Barrandovu;secondary;702.8;low;hodnota odvozena ze sloučené hrany – ověřit ručně;;;
1337948767;attr_changed;ref;ref;600;;K Barrandovu;secondary;745.6;low;hodnota odvozena ze sloučené hrany – ověřit ručně;;;
1337948768;attr_changed;ref;ref;600;;K Barrandovu;secondary;745.6;low;hodnota odvozena ze sloučené hrany – ověřit ručně;;;
1337948770;attr_changed;ref;ref;600;;K Barrandovu;secondary;28.8;high;;;;
1337948771;attr_changed;ref;ref;600;;K Barrandovu;secondary;745.6;low;hodnota odvozena ze sloučené hrany – ověřit ručně;;;
1337948774;attr_changed;ref;ref;600;;K Barrandovu;secondary;448.9;low;hodnota odvozena ze sloučené hrany – ověřit ručně;;;
1337948775;attr_changed;ref;ref;600;;K Barrandovu;secondary;37.4;high;;;;
1337948776;attr_changed;ref;ref;600;;K Barrandovu;secondary;463.7;low;hodnota odvozena ze sloučené hrany – ověřit ručně;;;
1337948777;attr_changed;ref;ref;600;;K Barrandovu;secondary;463.7;low;hodnota odvozena ze sloučené hrany – ověřit ručně;;;
1394201833;attr_changed;ref;ref;4;;Strakonická;trunk;1648.6;low;hodnota odvozena ze sloučené hrany – ověřit ručně;;;
1436925098;attr_changed;ref;ref;333;2;Černokostelecká;primary;791.6;low;hodnota odvozena ze sloučené hrany – ověřit ručně;;;
1441887647;attr_changed;ref;ref;600;;K Barrandovu;secondary;463.7;low;hodnota odvozena ze sloučené hrany – ověřit ručně;;;
1441887648;attr_changed;ref;ref;600;;K Barrandovu;secondary;702.8;low;hodnota odvozena ze sloučené hrany – ověřit ručně;;;
1441892764;attr_changed;ref;ref;600;;K Barrandovu;secondary;416.6;low;hodnota odvozena ze sloučené hrany – ověřit ručně;;;
4052968;attr_changed;structure;tunnel;yes;;Na Strži;tertiary;266.5;low;hodnota odvozena ze sloučené hrany – ověřit ručně;;;
4711928;attr_changed;structure;bridge;yes;;Roentgenova|Šafránecká;tertiary;338.3;low;hodnota odvozena ze sloučené hrany – ověřit ručně;;;
11492495;attr_changed;structure;tunnel;yes;;Na Strži;tertiary;266.5;low;hodnota odvozena ze sloučené hrany – ověřit ručně;;;
11492496;attr_changed;structure;tunnel;yes;;Na Strži;tertiary;228.6;low;hodnota odvozena ze sloučené hrany – ověřit ručně;;;
12543122;attr_changed;structure;bridge;yes;;K Austisu;tertiary;1368.3;low;hodnota odvozena ze sloučené hrany – ověřit ručně;;;
16076706;attr_changed;structure;bridge;yes;;K Zadní Kopanině;tertiary;43.5;low;hodnota odvozena ze sloučené hrany – ověřit ručně;;;
24245958;attr_changed;structure;tunnel;;yes;Novostrašnická|Pelyňková;residential;410.3;low;hodnota odvozena ze sloučené hrany – ověřit ručně;;;
26040361;attr_changed;structure;tunnel;yes;;U Kina;living_street;58.5;low;hodnota odvozena ze sloučené hrany – ověřit ručně;;;
26282804;attr_changed;structure;bridge;yes;;;residential;1371.0;low;hodnota odvozena ze sloučené hrany – ověřit ručně;;;
27185744;attr_changed;structure;bridge;;yes;V Pitkovičkách|V Pitkovičkách;tertiary;141.3;low;hodnota odvozena ze sloučené hrany – ověřit ručně;;;
28499018;attr_changed;structure;tunnel;building_passage;;Pikrtova;residential;19.9;low;hodnota odvozena ze sloučené hrany – ověřit ručně;;;
32845106;attr_changed;structure;bridge;yes;;Roentgenova|Šafránecká;tertiary;338.3;low;hodnota odvozena ze sloučené hrany – ověřit ručně;;;
121415301;attr_changed;structure;bridge;yes;;K Austisu;tertiary;1014.3;low;hodnota odvozena ze sloučené hrany – ověřit ručně;;;
129137184;attr_changed;structure;tunnel;;yes;Novostrašnická|Pelyňková;residential;410.3;low;hodnota odvozena ze sloučené hrany – ověřit ručně;;;
129137188;attr_changed;structure;tunnel;;yes;Novostrašnická|Pelyňková;residential;410.3;low;hodnota odvozena ze sloučené hrany – ověřit ručně;;;
197174993;attr_changed;structure;bridge;yes;;;secondary_link;28.6;low;hodnota odvozena ze sloučené hrany – ověřit ručně;;;
212111044;attr_changed;structure;bridge;yes;;Těšovická;residential;38.1;low;hodnota odvozena ze sloučené hrany – ověřit ručně;;;
281464492;attr_changed;structure;bridge;yes;;Jeremiášova;secondary;361.8;low;hodnota odvozena ze sloučené hrany – ověřit ručně;;;
351705507;attr_changed;structure;tunnel;building_passage;;Roztylská;secondary;61.1;low;hodnota odvozena ze sloučené hrany – ověřit ručně;;;
355175440;attr_changed;structure;tunnel;yes;;Na Strži;tertiary;228.6;low;hodnota odvozena ze sloučené hrany – ověřit ručně;;;
355175442;attr_changed;structure;tunnel;yes;;Na Strži;tertiary;266.5;low;hodnota odvozena ze sloučené hrany – ověřit ručně;;;
377107377;attr_changed;structure;bridge;yes;;Aviatická;trunk;145.2;low;hodnota odvozena ze sloučené hrany – ověřit ručně;;;
474844726;attr_changed;structure;bridge;;yes;Horoměřická;secondary;186.8;low;hodnota odvozena ze sloučené hrany – ověřit ručně;;;
482467819;attr_changed;structure;bridge;yes;;;trunk;262.0;low;hodnota odvozena ze sloučené hrany – ověřit ručně;;;
520583496;attr_changed;structure;bridge;yes;;Aviatická;trunk;145.2;low;hodnota odvozena ze sloučené hrany – ověřit ručně;;;
576243662;attr_changed;structure;bridge;yes;;K Austisu;tertiary;1014.3;low;hodnota odvozena ze sloučené hrany – ověřit ručně;;;
592415866;attr_changed;structure;bridge;yes;;Květnového povstání;tertiary;100.6;low;hodnota odvozena ze sloučené hrany – ověřit ručně;;;
593434856;attr_changed;structure;bridge;yes;;Zájezdská;tertiary;53.3;low;hodnota odvozena ze sloučené hrany – ověřit ručně;;;
616085308;attr_changed;structure;bridge;yes;;Aviatická;trunk;132.3;low;hodnota odvozena ze sloučené hrany – ověřit ručně;;;
616085316;attr_changed;structure;bridge;yes;;Aviatická;trunk;132.3;low;hodnota odvozena ze sloučené hrany – ověřit ručně;;;
653715834;attr_changed;structure;tunnel;yes;;Na Strži;tertiary;228.6;low;hodnota odvozena ze sloučené hrany – ověřit ručně;;;
653715835;attr_changed;structure;tunnel;yes;;Na Strži;tertiary;266.5;low;hodnota odvozena ze sloučené hrany – ověřit ručně;;;
653715836;attr_changed;structure;tunnel;yes;;Na Strži;tertiary;266.5;low;hodnota odvozena ze sloučené hrany – ověřit ručně;;;
761320183;attr_changed;structure;bridge;;yes;Štěrboholská spojka;trunk;1909.2;low;hodnota odvozena ze sloučené hrany – ověřit ručně;;;
793646939;attr_changed;structure;bridge;yes;;;secondary_link;28.6;low;hodnota odvozena ze sloučené hrany – ověřit ručně;;;
893922073;attr_changed;structure;bridge;yes;;Aviatická;trunk;132.3;low;hodnota odvozena ze sloučené hrany – ověřit ručně;;;
893931342;attr_changed;structure;bridge;yes;;;trunk;53.0;low;hodnota odvozena ze sloučené hrany – ověřit ručně;;;
941706715;attr_changed;structure;bridge;yes;;Roentgenova|Šafránecká;tertiary;338.3;low;hodnota odvozena ze sloučené hrany – ověřit ručně;;;
1023981662;attr_changed;structure;bridge;yes;;Nad Zátiším;residential;55.3;low;hodnota odvozena ze sloučené hrany – ověřit ručně;;;
1240416824;attr_changed;structure;bridge;;yes;;trunk_link;266.0;low;hodnota odvozena ze sloučené hrany – ověřit ručně;;;
1251745056;attr_changed;structure;tunnel;yes;;;residential;33.0;low;hodnota odvozena ze sloučené hrany – ověřit ručně;;;
1251745057;attr_changed;structure;tunnel;yes;;;residential;32.8;low;hodnota odvozena ze sloučené hrany – ověřit ručně;;;
1337948758;attr_changed;structure;bridge;yes;;K Austisu;tertiary;1014.3;low;hodnota odvozena ze sloučené hrany – ověřit ručně;;;
1436920961;attr_changed;structure;bridge;;yes;Štěrboholská spojka;trunk;2000.8;low;hodnota odvozena ze sloučené hrany – ověřit ručně;;;
4048670;attr_changed;width;width;;4.5;Českolipská;residential;211.7;high;;;;
4048674;attr_changed;width;width;7|7.1;7;Žandovská;residential;178.3;low;hodnota odvozena ze sloučené hrany – ověřit ručně;;;
4086150;attr_changed;width;width;;10;Malostranské náměstí;residential;33.1;high;;;;
4648398;attr_changed;width;width;;6;Trojmezní;living_street;15.9;high;;;;
4709262;attr_changed;width;width;;2.5;Před Ústavem;residential;224.5;high;;;;
4709299;attr_changed;width;width;;5.6;Šimůnkova;residential;617.1;high;;;;
9407029;attr_changed;width;width;;5;Zelený pruh;residential;282.2;high;;;;
17098451;attr_changed;width;width;5.2|6.8;5.2;U Vysočanského cukrovaru;residential;53.2;low;hodnota odvozena ze sloučené hrany – ověřit ručně;;;
20796783;attr_changed;width;width;;5;Na Malém klínu;residential;228.1;high;;;;
20797574;attr_changed;width;width;;6.5;Za Slovankou;residential;242.3;high;;;;
26083797;attr_changed;width;width;;6;Bechlínská;residential;109.7;high;;;;
27085041;attr_changed;width;width;;2.75;U Vrtilky;residential;419.2;low;hodnota odvozena ze sloučené hrany – ověřit ručně;;;
27085042;attr_changed;width;width;;2.75;U Vrtilky;residential;419.2;low;hodnota odvozena ze sloučené hrany – ověřit ručně;;;
28273610;attr_changed;width;width;6;;Dobrovského;residential;174.8;high;;;;
28499018;attr_changed;width;width;6;;Pikrtova;residential;19.9;low;hodnota odvozena ze sloučené hrany – ověřit ručně;;;
31928987;attr_changed;width;width;;5;Hlubočepská;living_street|tertiary;124.0;low;hodnota odvozena ze sloučené hrany – ověřit ručně;;;
32955232;attr_changed;width;width;4|4.4|4.5|5|6;4|4.4|6;K Nové Vsi|Prokopské údolí;residential|unclassified;1122.9;low;hodnota odvozena ze sloučené hrany – ověřit ručně;;;
33181043;attr_changed;width;width;4|4.4|4.5|5|6;4|4.4|6;K Nové Vsi|Prokopské údolí;residential|unclassified;1122.9;low;hodnota odvozena ze sloučené hrany – ověřit ručně;;;
33181048;attr_changed;width;width;4|4.4|4.5|5|6;4|4.4|6;K Nové Vsi|Prokopské údolí;residential|unclassified;1122.9;low;hodnota odvozena ze sloučené hrany – ověřit ručně;;;
33899175;attr_changed;width;width;;4.5|6.5;Ovenecká;residential;101.5;low;hodnota odvozena ze sloučené hrany – ověřit ručně;;;
41919457;attr_changed;width;width;4|4.4|4.5|5|6;4|4.4|6;K Nové Vsi|Prokopské údolí;residential|unclassified;1797.9;low;hodnota odvozena ze sloučené hrany – ověřit ručně;;;
41920994;attr_changed;width;width;;3.5;K Opatřilce;residential;252.3;low;hodnota odvozena ze sloučené hrany – ověřit ručně;;;
41920995;attr_changed;width;width;;3.5;K Opatřilce|Sojčí;residential;349.9;low;hodnota odvozena ze sloučené hrany – ověřit ručně;;;
51318353;attr_changed;width;width;5.2|6.8;6;Nad Krocínkou;residential;203.3;low;hodnota odvozena ze sloučené hrany – ověřit ručně;;;
106502249;attr_changed;width;width;;4.5;Ovenecká;residential;124.3;high;;;;
115590872;attr_changed;width;width;4|4.4|4.5|5|6;4|4.4|6;K Nové Vsi|Prokopské údolí;residential|unclassified;1122.9;low;hodnota odvozena ze sloučené hrany – ověřit ručně;;;
128635486;attr_changed;width;width;4|4.4|4.5|5|6;4|4.5;K Dalejím|Prokopské údolí;unclassified;1282.7;low;hodnota odvozena ze sloučené hrany – ověřit ručně;;;
132320063;attr_changed;width;width;6;;Šolínova;residential;13.7;low;hodnota odvozena ze sloučené hrany – ověřit ručně;;;
132320064;attr_changed;width;width;6;;Šolínova;residential;74.4;low;hodnota odvozena ze sloučené hrany – ověřit ručně;;;
135706524;attr_changed;width;width;6;;Počernická;tertiary;148.5;low;hodnota odvozena ze sloučené hrany – ověřit ručně;;;
208404938;attr_changed;width;width;4|4.4|4.5|5|6;4|4.4|6;K Nové Vsi|Prokopské údolí;residential|unclassified;1122.9;low;hodnota odvozena ze sloučené hrany – ověřit ručně;;;
208405151;attr_changed;width;width;5;5|6;Hlubočepská;living_street|tertiary;337.0;low;hodnota odvozena ze sloučené hrany – ověřit ručně;;;
292602715;attr_changed;width;width;;9.7;Čechova;residential;353.8;high;;;;
321195138;attr_changed;width;width;;5;Děkanská vinice Ⅱ;residential;55.6;low;hodnota odvozena ze sloučené hrany – ověřit ručně;;;
507852721;attr_changed;width;width;4|4.4|4.5|5|6;4|4.5;K Dalejím|Prokopské údolí;unclassified;1282.7;low;hodnota odvozena ze sloučené hrany – ověřit ručně;;;
517533293;attr_changed;width;width;;2;U Pazderek;residential;100.7;low;hodnota odvozena ze sloučené hrany – ověřit ručně;;;
595907699;attr_changed;width;width;;5.6;Šimůnkova;residential;284.3;low;hodnota odvozena ze sloučené hrany – ověřit ručně;;;
595907704;attr_changed;width;width;;5.6;Šimůnkova;residential;284.3;low;hodnota odvozena ze sloučené hrany – ověřit ručně;;;
623095590;attr_changed;width;width;;6.4;Prosecká;secondary;192.0;low;hodnota odvozena ze sloučené hrany – ověřit ručně;;;
623095596;attr_changed;width;width;;6.4;Prosecká;secondary;192.0;low;hodnota odvozena ze sloučené hrany – ověřit ručně;;;
828551154;attr_changed;width;width;;6.5;Letňanská;residential;125.3;low;hodnota odvozena ze sloučené hrany – ověřit ručně;;;
954239142;attr_changed;width;width;;5;Děkanská vinice Ⅱ;residential;55.6;low;hodnota odvozena ze sloučené hrany – ověřit ručně;;;
963220967;attr_changed;width;width;;5;Lazarská;residential;48.1;high;;;;
1104899300;attr_changed;width;width;3.5|4;4;Zenklova;secondary;5.9;low;hodnota odvozena ze sloučené hrany – ověřit ručně;;;
1191391082;attr_changed;width;width;;6.4;Prosecká;secondary;192.0;low;hodnota odvozena ze sloučené hrany – ověřit ručně;;;
1191391085;attr_changed;width;width;;6.4;Prosecká;secondary;192.0;low;hodnota odvozena ze sloučené hrany – ověřit ručně;;;
1347804108;attr_changed;width;width;;2;U Pazderek;residential;220.3;low;hodnota odvozena ze sloučené hrany – ověřit ručně;;;
1350672975;attr_changed;width;width;;5;Na Malém klínu;residential;88.5;high;;;;
1434822807;attr_changed;width;width;;9.7;Čechova;residential;135.4;low;hodnota odvozena ze sloučené hrany – ověřit ručně;;;
1443261921;attr_changed;width;width;7|7.1;7.1;Novoborská;residential;62.4;low;hodnota odvozena ze sloučené hrany – ověřit ručně;;;
